# Blender 4.0.2
# www.blender.org
mtllib dragon.mtl
o dragon
v 0.072666 0.322550 -0.204685
v 0.086464 0.428381 -0.376314
v 0.260891 0.269212 -0.322883
v 0.257806 0.262271 -0.327143
v -0.283977 0.485217 0.297635
v 0.407779 0.052912 -0.399194
v 0.401302 0.036826 -0.363177
v -0.041401 0.164445 -0.104853
v 0.267855 0.178878 -0.240684
v 0.387811 0.290344 -0.323792
v 0.421962 0.410708 -0.443645
v 0.414094 0.373226 -0.452347
v 0.367271 0.274448 -0.337835
v 0.370698 0.266133 -0.343897
v 0.062498 0.543936 -0.352930
v 0.035041 0.377888 -0.153593
v -0.342795 0.471047 0.272894
v -0.348609 0.454812 0.298877
v 0.063068 0.317174 -0.374086
v 0.308959 0.464817 -0.339280
v 0.244447 0.682763 -0.386257
v 0.113071 0.334296 -0.196147
v 0.286431 0.017491 -0.139766
v 0.227808 0.005748 -0.144297
v -0.142701 0.318316 -0.160258
v -0.135706 0.611833 0.012197
v -0.086900 0.036330 0.444135
v -0.070145 0.062607 0.448566
v -0.045953 0.268629 0.123196
v -0.046027 0.235637 0.150534
v -0.110634 0.527783 -0.196881
v -0.029504 0.350746 0.061987
v -0.015450 0.360110 0.055153
v -0.353232 0.132301 0.021588
v -0.348560 0.022777 0.207258
v 0.185120 0.526683 -0.218122
v 0.209405 0.564528 -0.207896
v -0.336556 0.484428 0.115452
v -0.179303 0.856175 0.179601
v -0.184573 0.866205 0.142526
v -0.147209 0.492584 0.099894
v -0.255415 0.468223 0.307897
v -0.184305 0.775323 0.295786
v -0.122050 0.603514 0.057525
v -0.353930 0.835523 0.113836
v -0.442306 0.754181 0.352690
v -0.333517 0.051049 0.342093
v -0.272144 0.033130 0.349366
v -0.230549 0.041235 0.351720
v -0.230109 0.742467 0.202743
v -0.253306 0.746388 0.198072
v -0.186981 0.733180 0.200751
v -0.145103 0.722597 0.184253
v -0.124199 0.633224 0.102412
v -0.120901 0.651689 0.123470
v 0.401353 0.389913 -0.346061
v -0.051754 0.472976 0.014182
v 0.208088 -0.000494 -0.309720
v 0.186675 0.053825 -0.435299
v 0.190881 0.086083 -0.427447
v 0.226824 0.044420 -0.438444
v 0.163103 0.192482 -0.091854
v 0.123397 0.081591 -0.129283
v 0.456969 0.055602 -0.192975
v 0.476427 0.118815 -0.364720
v -0.036226 0.192135 0.165454
v -0.029251 0.223254 0.141255
v 0.049799 0.291708 -0.034721
v -0.429051 0.174461 0.252492
v -0.428118 0.180163 0.112181
v -0.438905 0.187161 0.160434
v 0.082655 0.491708 -0.304811
v 0.124852 0.477847 -0.253523
v 0.370067 0.307617 -0.375809
v 0.381568 0.280964 -0.367863
v 0.336063 0.125799 -0.333631
v 0.299217 0.131965 -0.327092
v 0.249746 0.189255 -0.210586
v 0.205229 0.311008 -0.205739
v -0.199256 0.366315 0.149682
v -0.220353 0.667357 0.328853
v -0.195768 0.664603 0.298608
v -0.395269 0.602796 0.241292
v -0.399577 0.714157 0.467199
v -0.404190 0.690277 0.437297
v -0.319104 0.606928 0.326048
v -0.302888 0.607507 0.357968
v -0.183000 0.233613 0.362191
v 0.348693 0.052163 -0.134500
v 0.269052 0.178795 -0.211687
v -0.275537 0.880995 0.184720
v 0.352311 0.361094 -0.166535
v 0.170631 0.247574 -0.363202
v 0.234026 0.301427 -0.359999
v 0.287419 0.102724 -0.383381
v -0.145967 0.452005 -0.054464
v -0.230833 0.414359 0.071898
v -0.219846 0.445101 0.051226
v -0.256651 0.217920 0.406654
v -0.209667 0.209673 0.382143
v -0.172812 0.794531 0.015982
v -0.342880 0.904407 -0.006412
v -0.361744 0.875548 0.021404
v -0.428639 0.266953 0.142489
v 0.103554 0.722294 -0.246439
v 0.072343 0.718920 -0.283990
v 0.046995 0.719030 -0.252329
v 0.015856 0.096485 -0.208955
v 0.108813 0.017878 -0.304550
v -0.371380 0.655496 0.186212
v -0.354076 0.670435 0.125958
v 0.130787 0.626123 -0.413428
v -0.198609 0.099346 -0.098263
v 0.245471 0.648497 -0.276809
v -0.182539 0.261418 0.353661
v -0.157979 0.275163 0.344023
v -0.022675 0.145416 0.349088
v -0.096500 0.166619 0.361406
v -0.071777 0.167455 0.370601
v -0.096827 0.078569 0.456493
v -0.201080 0.640719 0.331133
v -0.357742 0.669303 0.522490
v -0.287565 0.661021 0.489708
v -0.359936 0.694620 0.438036
v -0.236268 0.624894 -0.024876
v -0.192119 0.737443 0.229747
v -0.155292 0.745770 0.199303
v -0.242449 0.748324 0.272825
v 0.344931 0.382701 -0.156480
v 0.346752 0.280057 -0.088393
v 0.123938 0.192982 -0.136331
v 0.214151 0.226032 -0.200921
v 0.195969 0.239429 -0.188637
v 0.312130 0.368488 -0.128433
v 0.352481 0.137186 -0.117186
v 0.398547 0.254126 -0.149494
v 0.378063 0.303347 -0.168676
v 0.485807 0.161221 -0.212317
v -0.080269 0.009527 0.026213
v -0.059762 0.004798 0.087781
v 0.004299 0.126666 0.275736
v -0.013398 0.140361 0.310957
v 0.035420 0.048910 0.073678
v 0.054805 0.043676 0.078477
v 0.071342 0.106698 0.073282
v 0.340454 0.617594 -0.432868
v 0.367651 0.593071 -0.419093
v -0.342976 0.832326 0.458748
v -0.322429 0.838315 0.480564
v -0.126301 0.009683 0.425162
v -0.118156 0.005529 0.336310
v 0.054768 0.096483 -0.426862
v 0.065654 0.536748 -0.055902
v 0.109380 0.511811 -0.167543
v 0.124787 0.552621 -0.130878
v 0.345481 0.139118 -0.376916
v -0.258307 0.615845 0.173528
v -0.263580 0.625325 0.173161
v 0.020315 0.065308 0.248802
v -0.079490 0.048612 0.223157
v -0.103671 0.038450 0.245369
v -0.006485 0.109402 0.339446
v -0.143794 0.034412 0.314591
v -0.122946 0.048038 0.294905
v 0.312448 0.086686 -0.060368
v 0.290966 0.084303 -0.053629
v -0.229108 0.795107 0.395625
v -0.410903 0.872415 0.434628
v -0.405583 0.870463 0.443654
v -0.373790 0.871640 0.456932
v -0.254076 0.801017 0.367399
v -0.280267 0.820136 0.404435
v -0.206705 0.867277 0.202222
v -0.234817 0.863642 0.265656
v 0.139904 0.063604 -0.418533
v -0.005715 0.123613 -0.322328
v 0.212445 0.230813 -0.132680
v -0.415051 0.102265 0.265630
v -0.412085 0.109948 0.302095
v 0.330115 0.360456 -0.367285
v -0.355924 0.232504 0.077739
v 0.368821 0.546320 -0.428306
v 0.485112 0.583651 -0.532843
v -0.005790 0.172790 -0.353422
v -0.015168 0.164267 -0.334398
v 0.001640 0.169926 -0.366414
v 0.039841 0.153803 -0.365416
v 0.011801 0.151465 -0.375177
v -0.331274 0.680812 0.360845
v -0.217154 0.693868 0.301176
v -0.305526 0.721832 0.167199
v -0.329331 0.706546 0.006470
v -0.066391 0.617550 -0.238371
v 0.059113 0.504836 -0.283241
v 0.088191 0.484643 -0.159828
v 0.057087 0.471122 -0.217750
v -0.333847 0.767346 -0.022170
v -0.041063 0.831414 -0.022027
v -0.041662 0.839746 -0.020964
v -0.079884 0.690791 0.079507
v 0.450891 0.587761 -0.533823
v 0.352540 0.657260 -0.420481
v 0.355002 0.660944 -0.428730
v 0.125876 0.674068 -0.155941
v -0.437690 0.594189 0.393337
v -0.425192 0.593990 0.370246
v -0.417410 0.634001 0.470917
v 0.513252 0.213194 -0.379143
v 0.524018 0.261114 -0.343936
v 0.524362 0.231704 -0.364664
v -0.176817 0.511408 0.224729
v -0.156974 0.614506 0.162965
v -0.159844 0.624672 0.170389
v -0.190742 0.624635 0.178732
v -0.307085 0.019368 -0.076010
v -0.396657 0.058111 0.062044
v 0.147225 0.215787 -0.392877
v 0.138340 0.241485 -0.379928
v 0.155394 0.231772 -0.367952
v 0.086993 0.170488 -0.394548
v 0.488349 0.050821 -0.270124
v 0.371153 0.016881 -0.229438
v -0.519098 0.046385 0.246480
v -0.495490 0.039611 0.221158
v -0.432154 0.093337 0.120638
v 0.333736 0.622510 -0.455112
v 0.174802 0.690445 -0.368938
v 0.312246 0.473845 -0.403306
v 0.278170 0.504211 -0.437779
v 0.228632 0.483058 -0.448644
v -0.339952 0.716364 0.131130
v -0.392481 0.737912 0.160498
v -0.355772 0.719388 0.113385
v -0.410541 0.737440 0.319804
v 0.182609 0.051956 -0.092429
v 0.135661 0.125797 -0.088823
v -0.179605 0.306519 0.095076
v -0.141633 0.450926 0.021510
v -0.068953 0.448616 0.021684
v -0.047970 0.429473 0.032797
v -0.174619 0.288551 0.128901
v 0.020442 0.165424 -0.323828
v 0.011441 0.158989 -0.318592
v 0.054786 0.157887 -0.357802
v -0.170213 0.026708 0.291922
v -0.133641 0.024477 0.265701
v -0.213616 0.032062 0.338007
v -0.239168 0.014589 0.316949
v 0.243418 0.027030 -0.065504
v 0.098446 0.041671 -0.041504
v 0.247532 0.038494 0.018799
v 0.159331 0.046215 0.016785
v 0.161673 0.073765 0.017957
v 0.262668 0.179111 -0.071279
v 0.273362 0.203768 -0.073015
v 0.371981 0.013680 -0.270669
v 0.072011 0.024275 -0.282267
v -0.150138 0.304400 0.284563
v -0.155245 0.486287 0.196346
v -0.188181 0.811769 -0.005640
v -0.188531 0.879612 0.055985
v -0.195520 0.861738 0.089158
v -0.159732 0.930830 -0.048603
v -0.281174 0.879558 0.126911
v -0.238147 0.744857 -0.032543
v -0.225379 0.740174 -0.028683
v -0.131752 0.943511 -0.155023
v -0.235857 0.905690 0.026898
v 0.081243 0.126800 0.113202
v 0.087474 0.027959 0.189128
v 0.106421 0.033708 0.144695
v 0.392018 0.242922 -0.349883
v 0.392994 0.223207 -0.334907
v 0.456911 0.180181 -0.398096
v -0.379731 0.791641 0.190130
v -0.400424 0.830693 0.233504
v -0.195102 0.618092 0.318843
v -0.136316 0.620567 0.137829
v 0.017283 0.586009 -0.328250
v 0.011213 0.549434 -0.308835
v -0.017382 0.578614 -0.295694
v 0.070116 0.561334 -0.375923
v -0.413913 0.134501 0.135443
v -0.414690 0.145741 0.226667
v -0.416370 0.128343 0.138944
v -0.427898 0.106079 0.120806
v -0.461636 0.095392 0.132733
v -0.431179 0.064882 0.145788
v -0.425549 0.048005 0.194301
v -0.481428 0.051114 0.157990
v -0.412327 0.040661 0.237517
v -0.430489 0.043494 0.260458
v 0.239977 0.033517 -0.120109
v 0.260351 0.175439 -0.161654
v 0.329976 0.136160 -0.140077
v 0.323847 0.127777 -0.132449
v 0.110077 0.073632 -0.413745
v 0.036294 0.048897 -0.403473
v 0.097158 0.071321 -0.394359
v -0.089811 0.634106 -0.073846
v -0.097637 0.622524 -0.067690
v -0.266094 0.857277 0.056950
v -0.306492 0.854486 0.088503
v -0.317080 0.866101 0.139884
v 0.259208 0.249850 -0.311551
v 0.278481 0.179185 -0.285492
v -0.298641 0.246709 0.411570
v -0.317520 0.208871 0.417445
v 0.266805 0.523539 -0.252586
v 0.256537 0.356529 -0.252717
v -0.041416 0.759803 -0.007865
v -0.068503 0.809827 -0.020066
v -0.101070 0.826223 0.016368
v -0.053820 0.841481 -0.029948
v -0.145387 0.820117 0.055643
v -0.465195 0.601654 0.413580
v 0.387893 0.507663 -0.462196
v 0.370157 0.497410 -0.482306
v 0.056476 0.098118 -0.337105
v -0.197035 0.703262 -0.035766
v -0.196064 0.643207 -0.034642
v 0.277246 0.436538 -0.421944
v -0.324509 0.633729 0.030512
v -0.334514 0.678207 0.074839
v -0.275073 0.601963 0.000978
v 0.107136 0.000515 -0.209181
v -0.497332 0.112012 0.245841
v -0.443572 0.111555 0.144387
v -0.239659 0.137695 -0.088870
v 0.087750 0.462599 -0.316218
v 0.112552 0.460609 -0.268148
v 0.018765 0.293790 -0.263332
v -0.014864 0.002541 0.179534
v 0.082629 0.005026 0.179636
v -0.030098 0.031095 0.107768
v -0.018670 0.037312 0.104038
v 0.027830 0.011304 0.093640
v 0.003486 0.004877 0.113789
v 0.004953 0.017530 0.103718
v 0.007819 0.032088 0.094521
v 0.000050 0.021630 0.105683
v 0.013904 0.030727 0.094409
v 0.012198 0.029766 0.093880
v 0.017085 0.033392 0.093495
v 0.023057 0.037783 0.089662
v 0.028146 0.043490 0.084859
v 0.015562 0.026299 0.097108
v 0.011559 0.041871 0.094004
v 0.025593 0.051581 0.082503
v 0.013169 0.096577 0.061190
v 0.034131 0.233521 -0.057780
v 0.041185 0.226653 -0.002467
v 0.014303 0.130184 -0.015384
v 0.313145 0.007110 -0.430576
v -0.067093 0.657948 -0.009648
v -0.083171 0.657990 0.004818
v -0.049329 0.743285 -0.036400
v 0.242795 0.662767 -0.308379
v 0.202900 0.688647 -0.330531
v 0.004617 0.148686 -0.300392
v 0.013565 0.181101 -0.316208
v -0.411864 0.298293 0.212418
v -0.379265 0.316075 0.175496
v -0.428006 0.291549 0.308834
v 0.298144 0.452473 -0.433563
v 0.291581 0.484693 -0.436280
v 0.309282 0.421675 -0.426892
v 0.228920 0.203898 -0.195940
v 0.246552 0.276652 -0.308194
v -0.183521 0.531865 0.217615
v -0.225131 0.557854 0.219135
v 0.468646 0.136489 -0.194278
v 0.375526 0.084437 -0.139685
v 0.351878 0.103836 -0.135912
v 0.300173 0.572349 -0.431283
v 0.301043 0.572274 -0.437416
v -0.165508 0.774781 0.252394
v -0.108283 0.723491 0.119830
v -0.090742 0.713530 0.090063
v -0.078776 0.783961 0.031050
v -0.096871 0.799360 0.008623
v 0.302415 0.338243 -0.163462
v -0.167004 0.357122 0.227942
v -0.166679 0.399068 0.208895
v -0.164427 0.398077 0.245170
v -0.194088 0.321916 0.161936
v -0.141811 0.909676 -0.048480
v -0.105191 0.961586 -0.165804
v -0.126701 0.919961 -0.106019
v -0.151471 0.889065 -0.058092
v -0.147299 0.117982 0.420520
v -0.130463 0.099960 0.441070
v -0.322614 0.835661 0.341306
v -0.361958 0.828317 0.324295
v -0.219208 0.262247 -0.096964
v -0.203413 0.274290 -0.087046
v -0.129079 0.527082 -0.153542
v -0.199019 0.156851 -0.107347
v -0.215782 0.229383 -0.095102
v -0.332366 0.870605 0.451173
v -0.325349 0.854412 0.484527
v -0.063331 0.075540 0.235584
v -0.071028 0.087429 0.253310
v -0.045934 0.085624 0.312909
v -0.076212 0.649780 -0.121539
v -0.131221 0.481671 -0.042576
v -0.314182 0.641191 0.538046
v -0.370701 0.650133 0.520552
v -0.279185 0.607128 0.511458
v -0.133067 0.070448 -0.062059
v -0.083710 0.190255 -0.131870
v -0.070823 0.233302 -0.151804
v -0.151558 0.579374 -0.041320
v -0.296060 0.122300 -0.041826
v 0.007240 0.689434 -0.144961
v -0.067511 0.684729 -0.118350
v 0.197623 0.090853 -0.081578
v 0.226132 0.082217 -0.093511
v 0.148977 0.096905 -0.085463
v 0.027757 0.124787 0.172232
v 0.066106 0.147816 0.140852
v -0.375993 0.030540 0.059937
v -0.167427 0.724016 -0.049776
v -0.383971 0.305641 0.174657
v -0.340947 0.257228 0.122759
v 0.120711 0.395594 -0.420424
v -0.255637 0.776536 -0.133049
v -0.290299 0.737656 -0.100911
v -0.323416 0.351616 0.377619
v -0.260782 0.437171 0.331111
v -0.407135 0.080913 0.270920
v 0.527981 0.190998 -0.352627
v 0.489390 0.067291 -0.308579
v 0.166662 0.729072 -0.350656
v -0.186085 0.309844 0.102839
v -0.189451 0.402310 0.072295
v 0.198839 0.102444 -0.409290
v 0.094994 0.147738 -0.385741
v 0.231359 0.013496 -0.379631
v 0.288745 0.008930 -0.355524
v 0.193077 0.026038 -0.406192
v 0.118420 0.071092 -0.396549
v 0.381388 0.387006 -0.351119
v 0.380458 0.271274 -0.321894
v 0.366829 0.169833 -0.308629
v 0.388932 0.195158 -0.326181
v 0.227433 0.134830 -0.071783
v 0.322370 0.124962 -0.054438
v -0.035343 0.019321 -0.409820
v 0.085380 0.130857 -0.418806
v 0.252679 0.071230 -0.048650
v 0.281729 0.118403 -0.070129
v 0.298320 0.117959 -0.059647
v -0.325297 0.804898 0.419501
v -0.331515 0.802501 0.441510
v -0.276916 0.800191 0.454791
v -0.178189 0.746486 0.260194
v -0.317415 0.819369 0.463355
v -0.115633 0.917041 0.085966
v -0.129154 0.830252 0.154136
v -0.149487 0.842836 0.105297
v -0.186027 0.057826 0.353676
v -0.183589 0.063763 0.362824
v -0.164984 0.038569 0.329671
v 0.125666 0.099120 -0.123505
v 0.402298 0.162579 -0.385448
v 0.386358 0.123315 -0.392311
v 0.407715 0.120522 -0.381753
v 0.107569 0.477732 -0.265576
v 0.052065 0.487090 -0.251786
v -0.242999 0.842795 0.029597
v -0.273038 0.873058 0.081030
v -0.247743 0.859449 0.034380
v -0.369178 0.747516 0.102901
v -0.378793 0.033742 0.045639
v -0.270748 0.831452 0.023542
v 0.260367 0.033276 -0.115231
v -0.022331 0.160465 0.150894
v -0.297791 0.001941 -0.065156
v 0.157943 0.299522 -0.399576
v -0.352551 0.657852 0.298384
v -0.346706 0.709422 0.103618
v -0.335878 0.707384 0.132751
v -0.323545 0.687435 0.186092
v -0.321475 0.677587 -0.018369
v -0.297231 0.686894 -0.067339
v -0.278782 0.664853 -0.110808
v -0.306820 0.677060 -0.036513
v -0.243601 0.708581 -0.046110
v -0.258780 0.668324 -0.118406
v -0.288518 0.661764 -0.043727
v -0.352898 0.721939 0.199252
v 0.346605 0.022681 -0.434778
v 0.386586 0.032474 -0.419501
v -0.440495 0.643569 0.496205
v -0.431099 0.676685 0.434272
v 0.222590 0.653618 -0.238409
v 0.342650 0.029018 -0.144303
v -0.028190 0.031251 0.064956
v -0.236612 0.959030 0.075510
v 0.010018 0.026195 0.343111
v 0.013015 0.051456 0.329022
v -0.037140 0.027053 0.399350
v -0.069203 0.017440 0.418723
v -0.058415 0.005102 0.365638
v 0.285601 0.257082 -0.096004
v 0.240956 0.220161 -0.080681
v 0.304787 0.234447 -0.079333
v 0.268556 0.255148 -0.116209
v -0.043872 0.136131 -0.305239
v 0.484541 0.262241 -0.267105
v 0.471378 0.359979 -0.350813
v -0.335970 0.525999 0.137675
v -0.365984 0.466911 0.183875
v -0.017942 0.140322 0.326503
v -0.019723 0.118065 0.311135
v 0.315688 0.294190 -0.141873
v 0.307524 0.291392 -0.134446
v 0.372482 0.271431 -0.158516
v -0.214630 0.637389 0.289297
v -0.225168 0.635637 0.304414
v -0.133490 0.015535 0.170701
v -0.130948 0.004911 0.204260
v -0.346472 0.024019 0.272640
v -0.388544 0.051885 0.249182
v -0.366809 0.039942 0.266330
v 0.250360 0.209161 -0.295259
v -0.393632 0.842448 0.240015
v -0.372898 0.821393 0.146635
v -0.286387 0.834947 -0.034594
v -0.290240 0.838035 -0.088790
v 0.000688 0.330345 0.052849
v 0.441177 0.048603 -0.335377
v -0.126807 0.688619 0.022172
v -0.097493 0.652692 0.029148
v -0.102897 0.651845 0.031088
v -0.235897 0.005727 0.048088
v -0.087890 0.003826 0.079981
v -0.207184 0.048542 -0.031270
v 0.028334 0.247618 0.077179
v 0.021933 0.254184 0.056277
v 0.046082 0.291473 0.003839
v 0.029962 0.205026 0.054858
v 0.481782 0.170427 -0.387231
v -0.161741 0.306988 0.307088
v -0.206779 0.315455 0.351245
v -0.175049 0.297713 0.331521
v 0.021520 0.299510 0.044201
v 0.024864 0.289604 0.061363
v -0.286903 0.616650 0.143810
v -0.344167 0.629137 0.186598
v -0.191633 0.859598 0.061389
v -0.189708 0.850012 0.067031
v -0.198864 0.848971 0.026181
v 0.197893 0.213427 -0.158301
v 0.181652 0.214672 -0.159399
v -0.049440 0.824702 -0.032002
v -0.316778 0.843085 -0.001048
v -0.329196 0.829639 0.011593
v 0.171904 0.322682 -0.195493
v 0.159769 0.301065 -0.186901
v -0.190815 0.005221 0.250926
v 0.359136 0.005476 -0.196331
v 0.269005 0.090646 -0.408773
v 0.128325 0.184558 -0.407946
v -0.114722 0.188834 0.335743
v -0.020733 0.146289 0.250542
v -0.013186 0.155401 0.295775
v 0.349761 0.200362 -0.293020
v -0.399662 0.813446 0.424589
v -0.339583 0.808436 0.396982
v -0.321745 0.795861 0.389595
v -0.364222 0.815027 0.394194
v -0.334197 0.793284 0.370736
v 0.320207 0.070941 -0.091251
v 0.322106 0.077480 -0.077685
v 0.347931 0.121163 -0.108489
v 0.291848 0.017371 -0.083463
v 0.321182 0.020098 -0.068660
v 0.297980 0.027708 -0.053235
v -0.259478 0.855281 0.300591
v -0.339456 0.863369 0.279505
v 0.321552 0.001849 -0.321014
v 0.103736 0.085388 -0.359945
v 0.174894 0.047994 -0.357361
v -0.252570 0.018097 0.038709
v -0.252506 0.001252 -0.058444
v -0.238654 0.008343 -0.039648
v 0.316302 0.169955 -0.163762
v 0.354640 0.217755 -0.150431
v 0.034675 0.225306 -0.174989
v 0.071582 0.300425 -0.190147
v 0.308780 0.024122 -0.093401
v -0.424899 0.641082 0.498097
v -0.401717 0.648518 0.509407
v 0.400857 0.005298 -0.268103
v 0.414648 0.003832 -0.231500
v 0.017318 0.742186 -0.212185
v 0.370353 0.243079 -0.059420
v 0.399229 0.280355 -0.067457
v 0.415742 0.262300 -0.093049
v 0.395163 0.312121 -0.074466
v -0.260783 0.817314 0.005809
v -0.262974 0.842940 -0.125676
v -0.275631 0.839936 -0.085938
v -0.308075 0.859160 0.035797
v -0.307669 0.867292 -0.005776
v 0.238138 0.523509 -0.443576
v 0.215302 0.545514 -0.445506
v 0.193023 0.499550 -0.452901
v 0.179271 0.525547 -0.447474
v -0.288133 0.672067 0.431644
v -0.243492 0.668017 0.358867
v -0.245846 0.687310 0.272806
v -0.286071 0.698111 0.414116
v -0.281184 0.696709 0.413270
v -0.109960 0.279891 0.302283
v 0.400727 0.525834 -0.471803
v 0.469046 0.586988 -0.504574
v 0.407537 0.545257 -0.469612
v 0.443407 0.522492 -0.502888
v 0.448529 0.519449 -0.520203
v 0.469738 0.528159 -0.519964
v -0.355440 0.672815 0.336309
v -0.381459 0.678313 0.404928
v -0.365700 0.681356 0.397236
v -0.264495 0.899193 0.091575
v -0.255039 0.939454 0.075241
v -0.195708 0.102247 0.378635
v -0.421204 0.087171 0.265442
v -0.439483 0.083902 0.277960
v -0.415274 0.067577 0.265416
v -0.391589 0.771426 0.184512
v 0.153951 0.032993 0.012539
v 0.174229 0.035964 0.009077
v -0.183902 0.304849 0.039223
v -0.201266 0.295704 0.098857
v 0.436229 0.011628 -0.224983
v 0.432513 0.006064 -0.260774
v -0.123022 0.354053 0.044440
v -0.154365 0.393134 0.035975
v -0.395081 0.711356 0.229989
v -0.395031 0.717212 0.270925
v -0.146022 0.837822 0.167084
v -0.157008 0.875832 0.107329
v -0.116965 0.863429 0.094536
v -0.128111 0.851997 0.098522
v -0.409124 0.161693 0.207521
v -0.410776 0.131888 0.153875
v -0.379201 0.666893 0.199468
v -0.213610 0.954002 0.049023
v -0.210427 0.988337 0.021482
v -0.211944 0.925725 0.051556
v -0.210576 0.931404 0.063321
v -0.235003 0.916662 0.038724
v 0.209221 0.005724 -0.322546
v 0.127066 0.000748 -0.251520
v -0.303421 0.836732 0.396467
v -0.395319 0.871792 0.370469
v -0.356510 0.313289 0.159439
v -0.367795 0.297262 0.156692
v -0.255271 0.323760 0.124594
v -0.301950 0.343833 0.120221
v -0.317830 0.440256 0.095275
v -0.224910 0.315233 0.120645
v -0.202048 0.317124 0.115927
v -0.196731 0.318151 0.115336
v -0.145345 0.896238 0.107090
v -0.116872 0.914364 0.107176
v 0.250170 0.076498 -0.002056
v -0.105855 0.130515 -0.099515
v -0.181629 0.181628 -0.101657
v -0.182658 0.214515 -0.103091
v -0.304575 0.550168 0.056398
v -0.289057 0.503763 0.042576
v -0.089635 0.083892 0.281653
v -0.252816 0.675905 0.308165
v -0.372468 0.722265 0.507165
v -0.398699 0.724574 0.489599
v -0.413268 0.732159 0.550194
v -0.137392 0.513373 0.109779
v -0.139659 0.608222 0.134794
v 0.306492 0.193312 -0.082486
v 0.305645 0.237493 -0.148933
v 0.308264 0.247676 -0.146737
v 0.325996 0.232960 -0.151298
v 0.322903 0.292732 -0.160698
v -0.252034 0.151067 -0.016765
v -0.269762 0.139055 0.009411
v -0.280301 0.134642 -0.058588
v -0.408992 0.594189 0.327500
v -0.410402 0.593869 0.338771
v -0.194673 0.791171 0.283977
v -0.241732 0.813165 0.309091
v -0.198906 0.813287 0.262180
v -0.494486 0.040240 0.199503
v -0.451566 0.037835 0.248875
v -0.460408 0.085052 0.130269
v 0.202213 0.031637 -0.344363
v -0.155588 0.177285 0.351726
v -0.190610 0.112733 0.395693
v -0.179023 0.110853 0.396796
v 0.251478 0.216976 -0.160495
v 0.308055 0.177066 -0.149244
v 0.376646 0.140923 -0.358229
v 0.376400 0.140728 -0.343863
v 0.404484 0.127386 -0.377174
v 0.038572 0.089373 -0.173766
v 0.108532 0.005761 -0.182335
v 0.178298 0.000939 -0.155570
v 0.281916 0.601203 -0.419789
v 0.212488 0.682281 -0.345292
v 0.347117 0.529265 -0.500824
v 0.304768 0.554246 -0.467355
v -0.468647 0.789628 0.399268
v -0.461532 0.773604 0.388516
v -0.442833 0.760524 0.296536
v 0.306455 0.171046 -0.163320
v 0.310296 0.146450 -0.143231
v 0.309349 0.151978 -0.140384
v 0.309316 0.152787 -0.149246
v 0.314590 0.158996 -0.152474
v 0.333685 0.137824 -0.147962
v 0.316708 0.138897 -0.146700
v 0.228629 0.213350 -0.256767
v 0.222433 0.198757 -0.307258
v -0.130614 0.524226 -0.020778
v -0.123659 0.511089 -0.051715
v -0.256704 0.903952 0.051527
v -0.226663 0.850352 0.294250
v -0.177948 0.823804 0.228269
v 0.010292 0.061956 -0.454332
v -0.002825 0.071524 -0.450806
v 0.419337 0.587689 -0.456499
v 0.479572 0.662851 -0.517025
v -0.324011 0.042386 0.096016
v 0.023025 0.109129 0.201812
v 0.039112 0.117029 0.157066
v 0.057343 0.332918 -0.028407
v 0.050478 0.328782 -0.010760
v 0.112990 0.526558 -0.126912
v -0.296026 0.167366 0.039350
v -0.279665 0.137645 0.014995
v -0.252070 0.234853 0.019118
v -0.311174 0.204852 0.060182
v -0.276521 0.841573 -0.128585
v -0.269183 0.833100 -0.132105
v -0.299149 0.830442 -0.076990
v -0.262450 0.810651 -0.073202
v 0.377283 0.482055 -0.415845
v 0.412039 0.439423 -0.410390
v 0.394965 0.452182 -0.391903
v 0.367781 0.480264 -0.398177
v 0.330872 0.503792 -0.402326
v -0.109287 0.844256 0.065946
v -0.261450 0.760774 0.392097
v -0.239901 0.746240 0.328514
v -0.090019 0.345830 -0.194173
v -0.065755 0.452182 -0.232828
v -0.079730 0.421313 -0.218549
v -0.336080 0.630812 0.077193
v 0.269358 0.440428 -0.181802
v 0.267260 0.370248 -0.147599
v -0.396941 0.113262 0.341854
v -0.435514 0.249286 0.295797
v -0.359494 0.830396 0.098690
v -0.371896 0.767771 0.132633
v -0.393520 0.749554 0.184249
v 0.074803 0.035219 0.095818
v 0.104066 0.047740 0.117326
v 0.096760 0.048499 0.171174
v -0.046618 0.764307 -0.037346
v -0.044921 0.770357 -0.013310
v -0.034312 0.756000 -0.028132
v -0.074006 0.776563 0.050914
v -0.037679 0.747954 -0.033333
v -0.066722 0.725720 0.031891
v -0.079325 0.724118 0.015008
v -0.113354 0.277856 0.150502
v -0.093514 0.348598 0.061964
v -0.025476 0.268189 0.105390
v 0.063900 0.226421 -0.366421
v -0.244521 0.659562 -0.029944
v -0.220810 0.932670 0.086737
v -0.199374 0.905711 0.068688
v -0.166766 0.927579 -0.104053
v -0.103684 0.972117 -0.164356
v -0.114618 0.895508 0.138580
v -0.190374 0.839528 0.239142
v -0.317655 0.699625 -0.018057
v -0.288909 0.708448 -0.067154
v -0.439321 0.856231 0.420089
v -0.456795 0.770503 0.363156
v -0.217352 0.623247 0.185610
v -0.400155 0.683202 0.484716
v -0.424236 0.725314 0.550903
v 0.023391 0.094300 0.063593
v 0.364268 0.111483 -0.396300
v 0.065265 0.707781 -0.307707
v -0.029744 0.607622 -0.288921
v -0.433297 0.227322 0.245174
v -0.442936 0.251519 0.184902
v -0.444559 0.217844 0.144369
v -0.444856 0.228205 0.188907
v 0.409755 0.309475 -0.131495
v 0.414786 0.268550 -0.137188
v -0.260543 0.200366 -0.001957
v -0.393262 0.405577 0.218790
v -0.352726 0.478345 0.148299
v -0.531379 0.079685 0.199937
v -0.508081 0.090221 0.208001
v -0.482902 0.096326 0.195649
v -0.489064 0.094827 0.190678
v -0.293179 0.637436 -0.042662
v -0.289979 0.656234 -0.039723
v -0.277085 0.658869 -0.039762
v -0.324496 0.659207 0.041031
v -0.385622 0.117208 0.076666
v -0.233389 0.093830 -0.100422
v -0.227690 0.065714 -0.094457
v -0.109246 0.907708 0.106468
v -0.426595 0.114282 0.178057
v -0.419013 0.103620 0.257299
v -0.436617 0.100997 0.232997
v -0.456587 0.081013 0.279537
v -0.484034 0.052213 0.258230
v 0.320382 0.095412 -0.391693
v 0.310099 0.092468 -0.395567
v 0.256611 0.082965 -0.070098
v -0.277772 0.662567 0.351845
v -0.289110 0.684559 0.337324
v 0.312747 0.461756 -0.464092
v 0.326034 0.511536 -0.489545
v -0.259311 0.661201 -0.068706
v -0.242460 0.683897 -0.041064
v 0.423656 0.623637 -0.516014
v 0.209924 0.368735 -0.212372
v 0.151875 0.440360 -0.235854
v 0.146878 0.687387 -0.184093
v 0.070132 0.718632 -0.213626
v -0.192339 0.074501 -0.056927
v 0.383486 0.567543 -0.513743
v -0.101871 0.771359 0.003636
v -0.102719 0.710126 0.011190
v 0.535833 0.149950 -0.292956
v 0.505938 0.107471 -0.225505
v -0.183642 0.899914 -0.074652
v -0.236594 0.849354 0.027881
v 0.068878 0.081618 0.151121
v 0.090075 0.094664 0.124155
v 0.076074 0.092641 0.136905
v 0.095355 0.083324 0.137453
v 0.059425 0.053388 0.212328
v -0.019751 0.069049 0.386715
v -0.031183 0.079876 0.413878
v -0.372539 0.198067 0.388237
v -0.342262 0.163777 0.404835
v -0.318008 0.191608 0.409715
v -0.396987 0.191877 0.366493
v -0.410848 0.198492 0.348468
v -0.181627 0.725505 0.202095
v -0.139305 0.754553 0.167716
v -0.265327 0.005992 0.157582
v -0.207422 0.005091 0.053234
v 0.432080 0.640736 -0.473073
v 0.488972 0.662062 -0.496431
v 0.293313 0.470026 -0.169502
v 0.310791 0.427536 -0.145261
v 0.213550 0.034321 0.060698
v 0.234296 0.037635 0.053035
v 0.232581 0.060760 0.056052
v 0.172755 0.063259 0.018951
v 0.197281 0.072555 -0.003483
v 0.230356 0.072270 -0.029897
v -0.292546 0.806190 -0.077048
v -0.272658 0.804183 -0.083990
v -0.259820 0.790313 -0.080934
v -0.161461 0.846653 0.105958
v -0.196255 0.863997 0.144825
v -0.177106 0.859205 0.118211
v -0.133691 0.733863 0.170835
v -0.131490 0.718785 0.160448
v 0.025845 0.330461 -0.142132
v 0.099237 0.501348 -0.405805
v 0.102035 0.381334 -0.406219
v -0.278718 0.544328 0.228521
v -0.235323 0.527378 0.247389
v -0.295825 0.556878 0.192043
v -0.438480 0.789297 0.394961
v -0.395250 0.859058 0.445031
v -0.178849 0.379986 0.184854
v 0.271922 0.017375 -0.197625
v 0.171918 0.002585 -0.176032
v 0.122920 0.250201 -0.383732
v -0.233738 0.783251 0.400631
v -0.345902 0.609706 0.132121
v -0.310751 0.606899 0.097174
v 0.257948 0.312268 -0.321617
v 0.289622 0.381767 -0.355886
v -0.144290 0.037384 0.292440
v -0.116011 0.058632 0.277689
v -0.418494 0.282218 0.213679
v -0.427193 0.250877 0.226249
v -0.406832 0.297506 0.199270
v -0.138217 0.054870 0.439832
v -0.123842 0.177265 0.356583
v -0.096037 0.183680 0.340423
v -0.087820 0.143802 0.444959
v -0.046147 0.165413 0.370809
v -0.044338 0.134921 0.451297
v -0.008067 0.085731 -0.415361
v -0.021179 0.119958 -0.407690
v 0.013966 0.098985 -0.407959
v -0.021496 0.124554 -0.338573
v -0.020620 0.155102 -0.343609
v 0.299704 0.508641 -0.403686
v 0.294671 0.527920 -0.392525
v 0.247304 0.664419 -0.393926
v -0.288913 0.563875 0.028762
v -0.302004 0.600073 0.052451
v -0.303847 0.613098 0.052747
v -0.334769 0.687880 0.435737
v -0.290401 0.665687 0.466917
v -0.277661 0.710193 0.208899
v -0.270455 0.712123 0.216890
v -0.307818 0.839310 0.005144
v -0.304628 0.829256 0.312195
v -0.349263 0.837070 0.273133
v -0.455315 0.585659 0.415512
v -0.447847 0.586241 0.399865
v -0.050821 0.667543 -0.152605
v -0.157077 0.563364 0.004873
v -0.086489 0.564036 -0.049535
v -0.066529 0.592462 -0.061624
v -0.129215 0.278903 0.240586
v -0.097522 0.253701 0.211957
v -0.538537 0.042933 0.190125
v -0.541320 0.071144 0.198600
v -0.540727 0.054402 0.185128
v -0.367006 0.872685 0.426842
v -0.350396 0.875902 0.461612
v -0.370913 0.888306 0.401454
v 0.205889 0.081902 -0.034591
v 0.129657 0.086663 -0.084216
v -0.151984 0.233746 0.352434
v -0.397613 0.717096 0.536738
v -0.327246 0.879544 -0.004225
v -0.337453 0.836530 0.042581
v -0.411440 0.682443 0.353221
v -0.407081 0.650857 0.340541
v 0.356507 0.005761 -0.167330
v 0.397370 0.044987 -0.152681
v -0.012277 0.049637 -0.405443
v -0.034171 0.091681 -0.397946
v -0.026359 0.076351 -0.388771
v -0.011860 0.115261 -0.340461
v -0.374591 0.808242 0.121513
v -0.382509 0.788396 0.155596
v -0.047444 0.033388 0.173887
v -0.011651 0.015726 0.205271
v -0.137722 0.688907 0.174853
v -0.169406 0.705522 0.234069
v -0.291746 0.696827 -0.065442
v -0.529086 0.038177 0.201454
v -0.541018 0.059695 0.212293
v -0.114773 0.609743 0.155879
v -0.002161 0.080551 -0.421640
v -0.167853 0.158991 0.392450
v -0.184588 0.169174 0.391251
v 0.329911 0.089002 -0.404293
v 0.349944 0.167016 -0.300265
v 0.318195 0.154948 -0.298384
v 0.452624 0.602112 -0.500389
v 0.447109 0.594035 -0.483360
v -0.317668 0.680025 0.402039
v -0.083649 0.825184 0.053782
v -0.085193 0.834149 0.075434
v -0.276069 0.087644 -0.089839
v -0.257703 0.094094 -0.108508
v -0.323141 0.753217 -0.014861
v -0.333089 0.747047 0.022684
v -0.423545 0.204536 0.094983
v -0.026093 0.107700 0.305964
v 0.092054 0.240954 -0.391343
v 0.107646 0.232197 -0.397964
v 0.089541 0.249991 -0.379183
v -0.333769 0.720569 0.029249
v -0.334787 0.717162 0.001899
v -0.350833 0.720174 0.085956
v -0.134607 0.813765 0.141100
v 0.382822 0.460529 -0.451389
v 0.391843 0.465266 -0.427231
v 0.367716 0.438150 -0.463840
v 0.368306 0.483438 -0.462896
v -0.270120 0.878037 0.107867
v -0.246485 0.882741 0.121158
v -0.232357 0.222678 -0.055936
v -0.217712 0.254675 -0.064009
v -0.244911 0.220565 -0.082169
v 0.027975 0.125112 -0.378787
v -0.005523 0.126614 -0.379576
v -0.002038 0.132141 -0.376641
v 0.330846 0.369281 -0.394391
v 0.352548 0.351733 -0.424798
v -0.120443 0.622332 0.077836
v -0.184961 0.644057 0.203499
v -0.156025 0.622763 0.214109
v 0.352844 0.588046 -0.422986
v 0.339354 0.545858 -0.418839
v 0.104281 0.088798 -0.431703
v 0.164490 0.067718 -0.432012
v 0.296856 0.293153 -0.127039
v 0.299918 0.307807 -0.153551
v 0.298407 0.337109 -0.105115
v 0.310759 0.339421 -0.094662
v 0.261362 0.383712 -0.405586
v 0.262161 0.342213 -0.382055
v 0.272679 0.101791 -0.067718
v 0.261752 0.109638 -0.100849
v 0.259073 0.097302 -0.104073
v 0.313709 0.544808 -0.428270
v 0.326220 0.580409 -0.417485
v 0.222899 0.044797 -0.118651
v -0.272170 0.309947 0.395136
v -0.241426 0.385490 0.347857
v -0.235310 0.416532 0.331056
v -0.005112 0.707709 -0.189038
v -0.025611 0.687931 -0.184106
v -0.160767 0.722641 -0.006519
v -0.098860 0.634042 0.086823
v -0.100698 0.650054 0.033348
v -0.219160 0.021320 0.122599
v -0.178328 0.014722 0.054304
v -0.107019 0.013440 0.091417
v -0.004505 0.406033 -0.206969
v 0.022126 0.400550 -0.184713
v 0.047714 0.466458 -0.218946
v -0.268617 0.658909 -0.105508
v 0.036722 0.631237 -0.074772
v 0.046110 0.632204 -0.080541
v -0.259821 0.753702 -0.145567
v -0.255784 0.723652 -0.085746
v -0.010917 0.143380 0.139413
v -0.000925 0.139371 0.126861
v 0.016639 0.089987 -0.273805
v 0.068788 0.070358 -0.316356
v 0.094879 0.037416 -0.310161
v -0.005680 0.218312 -0.267371
v 0.379139 0.302652 -0.408044
v 0.355123 0.334499 -0.384921
v 0.404864 0.251267 -0.403899
v 0.222617 0.239245 -0.223687
v 0.285776 0.595879 -0.350811
v 0.261432 0.611464 -0.269511
v -0.393990 0.868991 0.403997
v -0.383418 0.872392 0.416316
v -0.441428 0.073847 0.132079
v 0.324753 0.153992 -0.171282
v -0.126427 0.585944 0.107097
v -0.147260 0.576239 0.158908
v -0.164370 0.588150 0.176489
v 0.452311 0.559610 -0.522820
v 0.424954 0.558917 -0.524044
v 0.386717 0.665032 -0.457422
v 0.374691 0.639694 -0.478227
v 0.371268 0.606704 -0.496432
v -0.375941 0.792509 0.287927
v -0.415889 0.771871 0.292835
v 0.117107 0.562671 -0.112905
v 0.105297 0.559227 -0.098830
v -0.278639 0.762760 -0.114989
v -0.300372 0.747891 -0.054950
v 0.300915 0.190845 -0.154914
v -0.269019 0.611036 0.503693
v -0.255881 0.638599 0.414963
v 0.322435 0.413604 -0.147736
v 0.385467 0.341287 -0.087813
v 0.162082 0.048405 -0.074540
v -0.047481 0.170563 0.278306
v 0.040329 0.439231 -0.198705
v 0.049174 0.451097 -0.204869
v -0.004095 0.432220 -0.224307
v -0.115445 0.695879 0.021630
v -0.055883 0.677967 -0.018060
v -0.052629 0.665537 -0.019129
v -0.047671 0.676694 -0.003936
v -0.054969 0.669721 0.012080
v -0.171730 0.681869 -0.048749
v -0.228301 0.512713 0.008873
v -0.152543 0.592760 -0.039984
v -0.166859 0.581387 -0.045240
v -0.118833 0.913621 0.076010
v -0.123084 0.881165 0.081014
v -0.109950 0.500636 -0.202697
v -0.094215 0.553335 -0.216987
v -0.062207 0.542001 -0.253520
v 0.384757 0.319601 -0.166258
v -0.087648 0.155848 0.379301
v 0.290782 0.270247 -0.141330
v 0.365217 0.636870 -0.465175
v 0.352180 0.611362 -0.480764
v 0.376635 0.642663 -0.446940
v -0.207155 0.267709 0.073691
v 0.383740 0.444804 -0.377104
v 0.098136 0.507928 -0.116244
v 0.280777 0.584853 -0.384602
v -0.343890 0.785259 0.015697
v -0.341333 0.777629 0.018592
v -0.304256 0.802037 -0.057972
v -0.297858 0.795574 -0.077336
v 0.458368 0.642080 -0.471851
v 0.020471 0.286621 0.070117
v -0.003526 0.186372 0.123629
v -0.007588 0.260046 0.086430
v 0.005634 0.280730 0.070267
v -0.009434 0.228637 0.109871
v -0.004915 0.239351 0.102108
v -0.236514 0.637023 0.223600
v -0.354337 0.624448 0.240753
v -0.332371 0.628257 0.218070
v -0.298922 0.633449 0.218825
v -0.138409 0.768181 0.031871
v -0.379876 0.048594 0.219024
v -0.215951 0.282566 -0.020482
v -0.201458 0.718431 0.231796
v -0.205231 0.716381 0.218059
v -0.166666 0.715112 0.224414
v 0.053317 0.461766 -0.216111
v 0.042238 0.461829 -0.220275
v -0.423002 0.727188 0.516121
v -0.422880 0.714397 0.516901
v -0.385611 0.687068 0.501109
v -0.387299 0.677367 0.504404
v -0.126653 0.555361 0.092381
v 0.129393 0.061124 -0.035025
v 0.096789 0.033353 -0.053456
v 0.120432 0.067634 -0.065596
v 0.125621 0.053497 -0.074651
v 0.118798 0.044959 -0.071929
v 0.162083 0.073579 -0.096672
v 0.149808 0.083171 -0.099829
v -0.221649 0.710978 0.212317
v -0.197417 0.720025 0.208837
v 0.407538 0.005186 -0.307421
v 0.422290 0.006554 -0.292552
v -0.056271 0.005146 0.109414
v -0.092828 0.004816 0.181076
v -0.121397 0.014645 0.234944
v 0.116834 0.192957 -0.140230
v -0.005679 0.064418 0.256629
v -0.392987 0.806819 0.412573
v -0.356425 0.788864 0.357427
v -0.393554 0.776153 0.362031
v -0.377834 0.763510 0.331278
v -0.340066 0.634373 0.184457
v -0.335077 0.636741 0.169762
v -0.349241 0.630147 0.215381
v 0.337744 0.137214 -0.124983
v 0.325946 0.144486 -0.134255
v -0.472249 0.045438 0.258386
v -0.043969 0.042108 0.322751
v -0.070532 0.008106 0.336801
v -0.107068 0.015136 0.317225
v -0.430910 0.679857 0.415580
v -0.408689 0.690327 0.356789
v -0.416982 0.665303 0.370437
v -0.302205 0.624905 0.528713
v -0.336751 0.634986 0.531017
v 0.297572 0.261426 -0.140165
v 0.271267 0.241453 -0.143063
v 0.278886 0.049689 -0.038874
v 0.276047 0.026668 -0.039066
v 0.419753 0.070373 -0.377511
v 0.070412 0.018431 -0.230510
v 0.046927 0.047460 -0.207499
v 0.064773 0.063985 -0.162640
v 0.032264 0.639508 -0.347160
v 0.050619 0.613057 -0.365139
v 0.041518 0.599537 -0.353392
v -0.053869 0.070898 -0.366231
v 0.033264 0.088183 -0.358590
v 0.065225 0.069274 -0.383162
v -0.014443 0.106349 -0.348591
v -0.010091 0.070835 -0.373688
v -0.027383 0.094793 -0.350328
v -0.410266 0.686351 0.455350
v -0.393120 0.662613 0.411932
v 0.131411 0.509478 -0.212722
v 0.108522 0.504834 -0.190811
v 0.160539 0.470213 -0.238116
v -0.449186 0.632344 0.420739
v -0.258590 0.669632 -0.066123
v -0.252273 0.669217 -0.042656
v -0.302271 0.667988 0.399974
v -0.313156 0.665925 0.417579
v 0.375393 0.497281 -0.447282
v 0.375822 0.487555 -0.450874
v 0.382330 0.615372 -0.419369
v 0.368107 0.654805 -0.415136
v -0.032440 0.140722 -0.291684
v -0.017460 0.140727 -0.291496
v -0.408660 0.800197 0.425140
v -0.411452 0.829198 0.428138
v -0.151390 0.139562 0.386811
v -0.173147 0.103220 0.399951
v -0.476708 0.041702 0.301689
v -0.447818 0.052941 0.278336
v -0.030062 0.009629 0.349033
v -0.042833 0.033324 0.330597
v -0.021592 0.033256 0.315894
v 0.001488 0.056924 0.315860
v 0.370678 0.356285 -0.096117
v -0.234219 0.807029 0.341444
v -0.302591 0.827034 0.323881
v -0.263915 0.735881 0.188021
v -0.319574 0.732153 0.166387
v -0.330038 0.717010 0.153112
v -0.265333 0.101462 -0.104063
v -0.265152 0.069793 -0.109184
v 0.025656 0.158445 0.041113
v 0.035071 0.187754 0.063847
v 0.024990 0.143478 0.046521
v 0.177725 0.020782 0.078840
v 0.188937 0.040310 0.072125
v -0.216454 0.879923 0.110400
v -0.309596 0.299734 0.131676
v -0.352395 0.790496 0.064706
v -0.356535 0.799331 0.068249
v 0.117423 0.480247 -0.422360
v 0.156285 0.537625 -0.442505
v -0.108229 0.577911 -0.170978
v -0.109484 0.560587 -0.184339
v 0.272462 0.370759 -0.173406
v -0.384019 0.087641 0.045365
v -0.306419 0.083483 -0.041099
v -0.291245 0.078883 -0.068992
v -0.221548 0.825856 0.017887
v 0.149193 0.040245 -0.013842
v 0.161877 0.033692 -0.013605
v 0.207715 0.040983 -0.075123
v 0.319318 0.108424 -0.352441
v -0.221216 0.858372 0.005091
v 0.200192 0.036212 0.014002
v 0.190718 0.039220 0.042603
v 0.185760 0.029693 0.054314
v -0.149176 0.431108 0.022534
v -0.149209 0.446451 0.002220
v -0.062119 0.075218 -0.357185
v -0.050733 0.088681 -0.377727
v -0.268005 0.617620 0.403037
v -0.304285 0.627570 0.478018
v -0.329768 0.636013 0.500610
v -0.518832 0.049653 0.215831
v -0.513080 0.052319 0.225968
v -0.516629 0.044697 0.212892
v 0.403844 0.224568 -0.378002
v 0.444661 0.301177 -0.439306
v -0.251513 0.694639 -0.077096
v -0.263399 0.680962 -0.110473
v -0.250315 0.752396 -0.109647
v -0.278367 0.340269 0.387682
v 0.180075 0.206871 -0.341609
v 0.318143 0.197709 -0.173212
v 0.321923 0.194439 -0.162006
v 0.347358 0.220622 -0.148183
v -0.109044 0.694961 0.123145
v -0.247045 0.083440 0.384976
v -0.279352 0.123490 0.406845
v -0.299341 0.137855 0.406758
v -0.200987 0.334831 0.147559
v -0.196965 0.324648 0.131142
v -0.521703 0.076754 0.205826
v -0.158468 0.512377 -0.003778
v 0.359878 0.299913 -0.175560
v 0.355259 0.309744 -0.170880
v 0.369875 0.282725 -0.159653
v 0.371642 0.280106 -0.161011
v 0.374646 0.275049 -0.164226
v 0.347122 0.370261 -0.127620
v 0.364648 0.363617 -0.134919
v -0.109857 0.284383 -0.168206
v -0.145360 0.171675 -0.115270
v -0.432822 0.261627 0.252932
v -0.410754 0.356171 0.238022
v -0.391521 0.354939 0.196620
v -0.320231 0.887745 0.016255
v -0.304256 0.839616 0.034708
v -0.325945 0.852475 0.087603
v -0.258708 0.655962 -0.028555
v -0.267728 0.635903 -0.014249
v -0.279546 0.632188 -0.010640
v -0.269707 0.644894 -0.021956
v -0.386379 0.643972 0.243556
v -0.406005 0.644531 0.329426
v 0.532488 0.149919 -0.268598
v 0.534995 0.207380 -0.293844
v 0.528796 0.201344 -0.279119
v -0.265592 0.806566 0.438148
v -0.321994 0.842573 0.430888
v 0.221409 0.279837 -0.224095
v -0.201590 0.524589 0.002622
v -0.175130 0.456185 0.039368
v -0.190307 0.544766 -0.010715
v -0.234636 0.156857 -0.047475
v -0.248537 0.138327 -0.068458
v -0.396714 0.682419 0.358334
v -0.315782 0.835715 0.418348
v 0.472360 0.623587 -0.487636
v 0.460294 0.635835 -0.519693
v -0.233004 0.947704 0.036879
v -0.227204 0.973773 0.063137
v 0.069607 0.131964 -0.396333
v 0.033799 0.144344 -0.378212
v 0.089081 0.122255 -0.430788
v 0.081040 0.141492 -0.392166
v 0.025072 0.296657 -0.317587
v 0.028216 0.317227 -0.290875
v 0.441437 0.407484 -0.411897
v -0.196866 0.183538 0.374580
v -0.182252 0.189182 0.360708
v 0.357378 0.642815 -0.456835
v 0.388595 0.614103 -0.429213
v -0.320686 0.678137 0.205737
v -0.324489 0.674277 0.218698
v -0.353198 0.811812 0.284496
v -0.378672 0.817981 0.243162
v -0.199330 0.836899 0.031068
v -0.085386 0.006374 0.104568
v 0.264753 0.408081 -0.174119
v 0.265853 0.422018 -0.151948
v 0.253803 0.472605 -0.166296
v -0.247522 0.781635 0.411012
v -0.391062 0.068684 0.161703
v 0.359454 0.344103 -0.357669
v 0.341649 0.338389 -0.358286
v 0.332452 0.366340 -0.363467
v 0.312523 0.390018 -0.376287
v 0.281447 0.369329 -0.393712
v 0.300091 0.363553 -0.377405
v 0.301903 0.366820 -0.370620
v -0.258817 0.664724 0.358750
v -0.230640 0.696670 0.252773
v 0.047753 0.287576 -0.196162
v 0.042013 0.264459 -0.187384
v 0.503009 0.188749 -0.238085
v -0.319195 0.011942 0.165616
v -0.301192 0.005887 0.157396
v -0.278571 0.004176 0.209231
v -0.046575 0.754830 -0.042158
v -0.085202 0.077948 0.462202
v -0.092977 0.064771 0.455629
v -0.039063 0.125164 0.387232
v -0.049669 0.111775 0.428912
v -0.038561 0.152620 0.406202
v -0.028086 0.106982 0.363621
v -0.019276 0.070950 0.357699
v -0.309690 0.827023 -0.037686
v -0.333910 0.787202 0.000262
v 0.307476 0.055735 -0.059237
v -0.042492 0.744563 -0.005464
v -0.069992 0.721302 0.060019
v -0.063224 0.730435 0.044519
v -0.086697 0.758326 0.066196
v 0.291273 0.280189 -0.120269
v -0.339221 0.843910 0.289109
v -0.357256 0.034336 0.299060
v -0.380608 0.067588 0.319256
v -0.307503 0.783392 0.371448
v -0.437089 0.117813 0.170349
v 0.342263 0.556785 -0.501394
v -0.194364 0.912572 0.032396
v 0.017758 0.082629 -0.414149
v 0.143988 0.062759 0.014666
v 0.142957 0.083941 -0.000116
v 0.149841 0.075815 0.014928
v 0.142556 0.057906 0.000157
v -0.043577 0.105361 -0.381126
v 0.015530 0.114735 -0.399738
v 0.154836 0.208089 -0.117517
v 0.123227 0.190241 -0.121647
v -0.091229 0.758181 0.089065
v -0.106226 0.793551 0.122357
v -0.342749 0.611585 0.107584
v -0.354198 0.621771 0.115048
v -0.311191 0.613531 0.100382
v -0.317870 0.619519 0.108962
v 0.028979 0.107882 -0.317323
v -0.330144 0.907131 -0.017771
v -0.355606 0.877125 0.009736
v -0.320836 0.833120 -0.004341
v -0.313223 0.836757 -0.002182
v -0.139260 0.149412 0.376496
v -0.116058 0.142980 0.407888
v 0.103272 0.029594 -0.043145
v 0.130701 0.043717 -0.060575
v 0.132424 0.050742 -0.038818
v 0.141715 0.052415 -0.034208
v -0.433485 0.617838 0.430872
v -0.400156 0.601910 0.367150
v -0.443157 0.841261 0.442051
v 0.390947 0.182622 -0.112416
v 0.377641 0.001985 -0.293787
v 0.043702 0.185912 -0.348470
v -0.108487 0.291543 0.114215
v -0.136040 0.296231 0.085541
v -0.150345 0.309958 0.067910
v -0.159366 0.292947 0.093296
v 0.421874 0.211034 -0.239994
v -0.186903 0.866084 -0.023338
v -0.191485 0.863764 -0.018973
v -0.388780 0.883487 0.386786
v -0.338846 0.869209 0.361617
v -0.366177 0.865595 0.347176
v 0.361423 0.013570 -0.075827
v -0.398005 0.727386 0.351524
v -0.432692 0.773247 0.378866
v 0.312941 0.147308 -0.152819
v -0.466264 0.094777 0.253344
v 0.038044 0.064315 -0.442024
v 0.055017 0.084017 -0.434890
v -0.028134 0.029614 -0.434345
v -0.436511 0.668692 0.445987
v -0.215788 0.974889 0.017750
v -0.243934 0.974944 0.048246
v 0.284063 0.107088 -0.363307
v 0.309778 0.100820 -0.363372
v -0.329758 0.679784 0.018908
v 0.189735 0.035259 -0.000168
v 0.175932 0.041624 -0.031827
v 0.209065 0.036901 -0.029496
v -0.076671 0.633386 -0.128244
v -0.119919 0.528988 -0.076711
v -0.316824 0.123027 -0.000935
v -0.320369 0.230750 0.087171
v -0.375634 0.264756 0.390605
v -0.423992 0.225497 0.332940
v 0.148486 0.166237 -0.087398
v 0.062569 0.754745 -0.248341
v 0.010954 0.703584 -0.169519
v 0.250910 0.009128 -0.434046
v 0.277885 0.357195 -0.305631
v 0.178258 0.068592 -0.118556
v -0.281943 0.617870 0.439578
v -0.246947 0.614878 0.395471
v -0.182735 0.682778 0.259853
v -0.304602 0.635024 0.134484
v -0.311224 0.636473 0.165471
v -0.372554 0.653509 0.300436
v -0.092287 0.655979 0.076845
v -0.090999 0.642141 0.082082
v -0.338454 0.869064 0.475535
v -0.092807 0.271361 0.162260
v -0.270553 0.127653 0.000169
v -0.302421 0.103108 -0.024972
v -0.251828 0.137554 -0.022101
v 0.283318 0.335134 -0.380197
v -0.098186 0.626998 -0.084123
v -0.107093 0.590446 -0.061941
v -0.228991 0.481346 0.285856
v -0.253586 0.514282 0.269555
v -0.271242 0.532036 0.238990
v -0.272953 0.009972 0.302719
v -0.273443 0.011038 0.288356
v 0.233617 0.663350 -0.354244
v 0.248295 0.267588 -0.336030
v 0.213856 0.219748 -0.318743
v 0.055104 0.008296 0.206927
v 0.063913 0.018706 0.207892
v 0.371030 0.263518 -0.334611
v 0.362785 0.201208 -0.310039
v 0.415551 0.498815 -0.498472
v -0.427304 0.223905 0.228760
v -0.391625 0.132379 0.186465
v -0.555988 0.036640 0.211044
v -0.298156 0.734227 -0.076261
v -0.153246 0.075654 0.428744
v -0.174774 0.045277 0.342730
v 0.201750 0.086579 0.035128
v 0.213246 0.080877 0.050231
v -0.029253 0.078670 -0.025510
v -0.048094 0.017809 0.043026
v 0.152996 0.072894 -0.091012
v 0.190410 0.616801 -0.426042
v 0.142162 0.650982 -0.399365
v 0.150478 0.670917 -0.386515
v -0.283659 0.740943 0.419049
v -0.307529 0.786856 0.397375
v -0.288040 0.750226 0.394367
v -0.460233 0.586463 0.411942
v -0.433885 0.609036 0.369926
v -0.462262 0.627076 0.479151
v -0.461920 0.602429 0.439370
v -0.447980 0.606881 0.441694
v 0.387202 0.013473 -0.394878
v 0.384528 0.020452 -0.353869
v 0.417029 0.524899 -0.489619
v 0.335305 0.272813 -0.154244
v 0.311984 0.283591 -0.153227
v 0.081735 0.493163 -0.286851
v 0.100829 0.486653 -0.246507
v -0.004950 0.150201 0.122340
v 0.055935 0.156562 0.115600
v 0.039743 0.154522 0.123179
v -0.192684 0.492552 0.251017
v -0.184261 0.340135 0.313483
v -0.146470 0.745801 0.190326
v 0.340904 0.237163 -0.061876
v 0.317671 0.231083 -0.070187
v 0.358301 0.277140 -0.071876
v 0.311509 0.217604 -0.080843
v 0.294133 0.301819 -0.138475
v 0.298210 0.337503 -0.148938
v -0.376972 0.061558 0.180230
v -0.262577 0.864975 0.255228
v -0.311735 0.875970 0.237538
v -0.403215 0.780676 0.259835
v 0.295604 0.459779 -0.183158
v 0.304107 0.407989 -0.178464
v 0.118250 0.170141 -0.105638
v 0.125656 0.162663 -0.100226
v -0.102887 0.734657 0.118989
v -0.031353 0.131964 0.369094
v 0.013046 0.054390 0.344016
v -0.311450 0.674523 0.407677
v -0.291210 0.659894 0.379302
v -0.381026 0.697307 0.434236
v -0.010051 0.065193 0.315128
v -0.177948 0.110094 -0.083538
v -0.143702 0.774635 0.199720
v -0.162434 0.838082 0.190510
v -0.124339 0.874947 0.161550
v -0.117977 0.872690 0.155581
v -0.094536 0.116054 0.443809
v -0.081984 0.104381 0.468616
v -0.010429 0.063283 -0.398985
v 0.450268 0.551448 -0.522601
v 0.439482 0.556027 -0.490260
v -0.422536 0.731245 0.308400
v 0.393390 0.237742 -0.060469
v 0.378801 0.220255 -0.051417
v -0.134871 0.649060 0.170630
v -0.143628 0.650621 0.197527
v -0.114567 0.646681 0.143208
v -0.117961 0.627349 0.119059
v -0.126577 0.621714 0.140271
v -0.126535 0.618482 0.144757
v 0.258272 0.499100 -0.437893
v -0.118072 0.836390 0.117496
v 0.315138 0.114000 -0.131488
v -0.174874 0.693241 0.239898
v 0.304830 0.070229 -0.103346
v 0.307472 0.067306 -0.100702
v 0.361907 0.212296 -0.148492
v 0.356002 0.164971 -0.135184
v 0.364728 0.168347 -0.128720
v 0.360264 0.165110 -0.133861
v 0.350844 0.185970 -0.138099
v 0.383625 0.189011 -0.129734
v 0.264919 0.187299 -0.283102
v 0.301471 0.093441 -0.122815
v 0.303069 0.091424 -0.120477
v 0.298762 0.085460 -0.122325
v 0.320315 0.118227 -0.129679
v 0.312100 0.109308 -0.129445
v 0.313527 0.086492 -0.112396
v -0.055916 0.096821 0.440735
v -0.042604 0.121468 0.456343
v -0.135084 0.719356 0.174632
v -0.353661 0.693063 0.498631
v 0.163697 0.151555 -0.406059
v 0.184524 0.076021 0.009182
v 0.298067 0.331636 -0.365258
v 0.434832 0.125207 -0.394709
v -0.081741 0.092773 0.270019
v -0.460100 0.787607 0.340242
v -0.455973 0.792369 0.368488
v -0.436062 0.799647 0.338514
v -0.365942 0.788782 0.273118
v -0.381992 0.768658 0.227827
v -0.389525 0.755726 0.215095
v -0.318868 0.692584 0.167372
v -0.324009 0.703642 0.155139
v -0.361443 0.676364 0.229450
v -0.348939 0.702349 0.108679
v -0.337401 0.817435 -0.008767
v -0.322677 0.835573 -0.024586
v 0.303910 0.293465 -0.106022
v 0.055387 0.097051 0.154102
v 0.343248 0.479986 -0.479880
v 0.203420 0.174206 -0.332334
v 0.216291 0.154983 -0.367359
v 0.194796 0.182734 -0.355662
v -0.501140 0.083391 0.256909
v -0.462031 0.110973 0.214467
v -0.223040 0.697360 0.246196
v -0.229912 0.699365 0.240581
v -0.027986 0.704205 -0.149203
v -0.446570 0.816725 0.429795
v -0.101121 0.801267 0.088498
v -0.109213 0.781891 0.099183
v -0.114427 0.777859 0.119591
v -0.149668 0.646600 -0.017204
v -0.152293 0.605147 -0.012819
v 0.270970 0.000500 -0.159460
v 0.332461 0.002172 -0.176604
v -0.238278 0.630044 0.398635
v -0.227053 0.621447 0.383655
v -0.241655 0.616804 0.399956
v 0.074761 0.443147 -0.066244
v 0.058081 0.439046 -0.028269
v 0.063056 0.410987 -0.041060
v 0.055831 0.518943 -0.039809
v 0.057603 0.478119 -0.035600
v -0.392911 0.648594 0.294088
v -0.388689 0.620354 0.215040
v -0.092360 0.602802 -0.117828
v -0.118322 0.558314 -0.141189
v -0.018265 0.004759 0.171629
v -0.013328 0.002716 0.143158
v -0.335283 0.858428 0.430219
v -0.318890 0.865168 0.405821
v -0.345115 0.882454 0.376792
v -0.342148 0.883001 0.403044
v 0.060173 0.223420 -0.161732
v 0.053932 0.205026 -0.153478
v 0.053845 0.198970 -0.154705
v 0.054502 0.235555 -0.159460
v 0.041646 0.238495 -0.174388
v 0.054617 0.146118 -0.148210
v 0.379956 0.261632 -0.157335
v -0.315241 0.647352 0.025506
v -0.304948 0.606912 0.013064
v -0.376329 0.846774 0.224483
v -0.388546 0.835300 0.204291
v -0.358464 0.857841 0.152992
v -0.151704 0.018384 0.339694
v -0.213928 0.737125 0.288281
v -0.124987 0.445973 0.009432
v -0.115880 0.412831 0.021608
v -0.139260 0.468784 0.005277
v -0.141980 0.471580 0.001770
v -0.123014 0.419463 0.021496
v 0.034980 0.045558 -0.432929
v -0.290576 0.006725 0.263231
v -0.184479 0.016501 0.294361
v -0.233677 0.012634 0.299815
v -0.249221 0.723555 -0.075329
v -0.252393 0.703902 -0.072983
v -0.260140 0.709496 -0.074943
v 0.304295 0.257181 -0.148429
v -0.129063 0.843013 0.098025
v -0.096682 0.839116 0.093535
v -0.123818 0.844697 0.101932
v 0.131929 0.078472 -0.084210
v 0.144153 0.060697 -0.093106
v -0.392990 0.132192 0.171995
v -0.451637 0.617756 0.481517
v 0.447777 0.602107 -0.512513
v 0.453779 0.607447 -0.504599
v 0.422177 0.605917 -0.518602
v 0.387056 0.584961 -0.515403
v -0.462586 0.841750 0.427505
v -0.129902 0.964419 -0.157114
v -0.132191 0.949101 -0.103354
v -0.387597 0.780746 0.251330
v -0.384484 0.780120 0.241644
v -0.352700 0.811792 0.268878
v -0.526037 0.096108 0.195483
v -0.515911 0.086837 0.214994
v -0.295395 0.744114 0.191463
v -0.289573 0.755082 0.235142
v 0.325163 0.289049 -0.093068
v 0.331508 0.359247 -0.098199
v 0.335585 0.339275 -0.096302
v -0.440280 0.859461 0.438682
v -0.075420 0.686268 -0.010003
v -0.065559 0.693752 -0.007249
v -0.364846 0.598276 0.189267
v -0.360405 0.594779 0.168254
v -0.421911 0.607446 0.338358
v -0.396888 0.601133 0.298024
v -0.378913 0.595646 0.231999
v -0.223015 0.987437 0.018187
v -0.240004 0.933234 0.042214
v -0.228944 0.991334 0.027862
v -0.415746 0.771745 0.393391
v -0.351207 0.677871 0.384422
v 0.148493 0.748124 -0.305279
v -0.039844 0.228411 -0.138147
v -0.421041 0.283475 0.158154
v 0.103682 0.488937 -0.235339
v 0.085487 0.491454 -0.225629
v 0.226802 0.030431 0.043124
v 0.391975 0.535565 -0.508532
v -0.106727 0.460895 0.004210
v 0.169130 0.240518 -0.169979
v -0.124556 0.886680 0.115043
v -0.143999 0.856986 0.144593
v -0.111193 0.910321 0.085299
v -0.121638 0.845959 0.112739
v 0.063883 0.002695 0.121379
v 0.016269 0.476130 -0.246665
v -0.384372 0.813152 0.228741
v -0.383872 0.799859 0.252841
v -0.048113 0.654686 -0.108670
v -0.031860 0.705701 -0.148405
v -0.063505 0.683799 -0.110620
v -0.053776 0.685626 -0.121769
v 0.431720 0.244417 -0.419333
v 0.417024 0.275454 -0.428067
v 0.382661 0.349677 -0.349679
v 0.359357 0.373244 -0.364717
v -0.092241 0.784593 0.007347
v -0.090521 0.789825 0.011687
v 0.257726 0.450056 -0.166333
v 0.251964 0.489035 -0.171531
v -0.149188 0.786855 0.213617
v -0.174214 0.796061 0.246280
v 0.002393 0.031352 0.353869
v 0.025408 0.173653 0.126653
v 0.090098 0.722843 -0.291603
v 0.113230 0.741961 -0.279745
v -0.063548 0.569262 -0.253683
v -0.048969 0.579373 -0.269524
v -0.078833 0.579860 -0.232859
v 0.329473 0.216761 -0.073764
v 0.232710 0.033100 -0.124257
v -0.032448 0.154287 -0.327872
v 0.331987 0.122649 -0.395713
v 0.330146 0.121737 -0.343937
v 0.309595 0.046993 -0.424743
v 0.286353 0.020802 -0.437313
v 0.269007 0.103279 -0.399262
v 0.258510 0.551363 -0.435178
v 0.249772 0.580657 -0.430544
v -0.528855 0.048021 0.160917
v -0.517858 0.060027 0.148698
v -0.513165 0.043183 0.153637
v -0.265957 0.816418 -0.009327
v -0.250787 0.764141 -0.039894
v -0.418803 0.662448 0.381866
v -0.410677 0.663349 0.377682
v -0.380721 0.654872 0.378736
v -0.426242 0.676685 0.392737
v -0.181687 0.630146 0.252281
v 0.323635 0.590509 -0.466090
v 0.304972 0.584330 -0.446274
v 0.330488 0.605699 -0.446734
v 0.314330 0.593112 -0.432248
v 0.340288 0.603682 -0.431072
v -0.292034 0.263512 0.411343
v 0.083705 0.056013 0.187536
v -0.258623 0.651111 0.409339
v -0.265915 0.662742 0.399910
v 0.382151 0.631314 -0.432606
v -0.077989 0.655297 0.051313
v -0.084411 0.670903 0.075105
v -0.079110 0.682016 0.053872
v -0.085763 0.655734 0.026557
v -0.092232 0.658146 0.027411
v -0.220963 0.267009 0.104268
v -0.160791 0.368860 0.044899
v -0.171995 0.334306 0.021292
v -0.171012 0.333926 0.039365
v -0.445977 0.812292 0.355260
v -0.408342 0.813953 0.348968
v -0.396529 0.852938 0.392243
v -0.443036 0.812575 0.375858
v -0.417558 0.822884 0.375943
v -0.411588 0.823157 0.359473
v -0.412650 0.730926 0.361714
v -0.401774 0.730833 0.364064
v -0.429072 0.753823 0.353610
v -0.298250 0.623252 0.462884
v -0.078949 0.779538 -0.007929
v 0.172988 0.124337 -0.073477
v 0.146834 0.096831 -0.055935
v 0.129844 0.093479 -0.054443
v 0.310093 0.515213 -0.413213
v -0.293988 0.711154 0.183609
v -0.055908 0.133375 -0.089283
v -0.367728 0.749687 0.288444
v -0.325167 0.759811 0.272386
v -0.339247 0.766893 0.304060
v -0.151610 0.311987 0.249820
v -0.198289 0.235177 -0.092155
v -0.072595 0.019828 0.320332
v 0.316518 0.376769 -0.378194
v -0.253944 0.287668 0.126575
v -0.237339 0.273532 0.119614
v -0.127772 0.770282 0.136535
v -0.138100 0.806168 0.161758
v -0.317716 0.570305 0.103823
v -0.018392 0.100675 0.317352
v 0.083828 0.103805 0.126552
v 0.066224 0.127414 0.156788
v -0.037207 0.028792 0.169699
v 0.173093 0.087313 -0.064190
v 0.180928 0.077324 -0.048088
v 0.137369 0.047704 -0.086057
v -0.041687 0.709222 -0.147044
v -0.234778 0.697452 0.242382
v -0.237192 0.700181 0.240264
v -0.219867 0.703098 0.228492
v -0.265530 0.711283 0.207365
v -0.221559 0.735322 0.203229
v -0.178834 0.846815 0.200162
v -0.189153 0.857298 0.180185
v 0.364419 0.315007 -0.080924
v 0.277514 0.013978 -0.339180
v -0.442401 0.115428 0.194696
v -0.445579 0.098863 0.215002
v -0.188992 0.731004 -0.032844
v -0.281666 0.103886 -0.068968
v -0.280787 0.121015 -0.014476
v -0.208120 0.490800 0.022213
v -0.175342 0.491867 0.008318
v -0.177441 0.472350 0.014550
v -0.286078 0.687416 0.417895
v -0.285060 0.704488 0.205172
v -0.316256 0.692830 0.218155
v -0.362663 0.067048 0.144082
v -0.394496 0.063150 0.138820
v -0.415226 0.065995 0.128419
v -0.333447 0.608382 0.118870
v -0.373511 0.606256 0.158058
v 0.302229 0.449263 -0.382993
v 0.292177 0.307811 -0.127169
v 0.262332 0.447257 -0.183635
v -0.175671 0.878456 -0.049066
v -0.180953 0.882348 -0.058020
v -0.192821 0.864744 -0.012005
v -0.298031 0.633411 0.007380
v -0.319191 0.651096 -0.009340
v -0.468846 0.113179 0.210075
v -0.534999 0.092269 0.187578
v -0.539057 0.078072 0.168201
v -0.271922 0.630045 0.509176
v -0.281039 0.625370 0.524784
v -0.301122 0.654462 0.511605
v 0.112854 0.051764 -0.034464
v 0.034326 0.555207 -0.034301
v 0.037766 0.504722 -0.023664
v 0.051789 0.132775 0.062094
v 0.077629 0.129198 0.094298
v 0.354520 0.364897 -0.103007
v -0.105379 0.499898 -0.012957
v 0.334118 0.301023 -0.169018
v 0.327316 0.291643 -0.163764
v 0.322512 0.467007 -0.395702
v -0.027162 0.107564 -0.410416
v -0.026057 0.125370 -0.396810
v 0.447570 0.541468 -0.529342
v 0.464684 0.529887 -0.530087
v -0.239750 0.144294 -0.043746
v -0.289513 0.459028 0.058964
v -0.262028 0.419674 0.068113
v -0.306134 0.830376 0.352213
v -0.279667 0.812169 0.346853
v -0.258897 0.663399 0.356083
v -0.180495 0.769777 -0.030453
v -0.168533 0.741193 -0.054080
v -0.163718 0.556134 -0.030137
v -0.197695 0.571098 -0.021321
v -0.094854 0.587124 -0.200541
v -0.331141 0.725501 0.069603
v -0.353826 0.738827 0.099034
v -0.334302 0.733721 0.068301
v 0.410610 0.680858 -0.459341
v 0.407259 0.676741 -0.448360
v -0.513651 0.098546 0.237004
v -0.023493 0.102984 -0.351607
v -0.013236 0.121682 -0.362073
v -0.125412 0.670717 0.140721
v 0.099875 0.084941 0.098306
v 0.070648 0.082288 0.078486
v -0.060627 0.653404 -0.092837
v 0.314924 0.416795 -0.173289
v -0.289993 0.014218 0.048394
v -0.280841 0.002860 0.026749
v -0.253622 0.003823 0.009835
v -0.171917 0.851120 0.104885
v -0.296012 0.702606 0.209300
v 0.364354 0.020757 -0.060065
v 0.337466 0.049252 -0.064221
v 0.323158 0.027713 -0.057081
v 0.359180 0.015146 -0.061213
v -0.159102 0.570097 -0.041843
v -0.301445 0.702151 -0.054719
v -0.313986 0.714404 -0.055737
v 0.361927 0.155946 -0.125453
v -0.303426 0.835420 0.407065
v -0.411416 0.372609 0.262305
v -0.374452 0.442283 0.272508
v -0.303413 0.635421 -0.034255
v -0.288195 0.631670 -0.037814
v -0.276514 0.639307 -0.031372
v 0.314944 0.391024 -0.402135
v -0.315254 0.773816 0.321305
v -0.330334 0.772031 0.313081
v -0.352602 0.776688 0.331543
v -0.311464 0.831457 -0.033748
v -0.039902 0.214624 0.217127
v 0.006864 0.138664 0.150592
v 0.400101 0.064075 -0.409546
v 0.070616 0.228834 -0.384452
v 0.047754 0.098334 0.064851
v 0.062637 0.104359 0.067162
v -0.031646 0.034758 -0.424632
v 0.431540 0.226843 -0.417497
v -0.454705 0.100836 0.259514
v -0.473893 0.096702 0.251437
v -0.187136 0.427379 0.063574
v -0.172305 0.468132 0.075767
v 0.486987 0.573873 -0.526611
v 0.283614 0.453711 -0.158061
v 0.261411 0.490542 -0.166000
v -0.003045 0.022703 -0.431818
v 0.374890 0.006035 -0.371437
v -0.429773 0.273959 0.200892
v -0.334661 0.850099 0.106135
v -0.108399 0.255229 0.324354
v -0.107060 0.215834 0.328268
v -0.050164 0.085593 0.277928
v -0.044093 0.062647 0.245886
v 0.395545 0.006799 -0.184971
v -0.392046 0.795576 0.314881
v -0.244583 0.027977 -0.082190
v -0.005836 0.724980 -0.158179
v 0.000751 0.729847 -0.165008
v -0.370653 0.662008 0.363875
v -0.381764 0.663725 0.355236
v 0.335144 0.098930 -0.100867
v 0.254598 0.031807 -0.113750
v 0.293874 0.063739 -0.102364
v 0.281488 0.049870 -0.104959
v 0.058631 0.387266 -0.102839
v -0.310216 0.008992 0.281492
v -0.329063 0.025766 0.308909
v -0.351958 0.677501 0.218117
v 0.235030 0.253073 -0.290686
v 0.252225 0.218414 -0.300288
v 0.240343 0.234862 -0.317470
v 0.254263 0.224036 -0.291886
v -0.412439 0.321523 0.329965
v -0.386956 0.296730 0.365339
v -0.509647 0.043516 0.243933
v -0.529966 0.036613 0.263720
v -0.506226 0.049629 0.266411
v 0.374892 0.336885 -0.439095
v 0.358330 0.368823 -0.446305
v -0.145501 0.164349 0.368551
v -0.163981 0.765208 0.227385
v 0.365979 0.516160 -0.431963
v 0.207168 0.683186 -0.266343
v -0.402596 0.126137 0.164395
v -0.401368 0.119653 0.179918
v 0.306695 0.457223 -0.312925
v 0.302077 0.413652 -0.323937
v -0.234735 0.641774 0.280424
v -0.239499 0.635375 0.295235
v -0.160099 0.357567 0.051726
v -0.162328 0.345790 0.057524
v -0.125789 0.374384 0.035549
v -0.191207 0.380970 0.112788
v -0.169553 0.503988 -0.009009
v -0.185971 0.511024 -0.005435
v -0.162193 0.495742 -0.000927
v -0.349119 0.098173 0.018780
v -0.325455 0.103822 -0.007205
v -0.376358 0.158455 0.043004
v 0.342116 0.326906 -0.179570
v -0.121613 0.017419 0.438714
v 0.234212 0.681579 -0.397766
v 0.265788 0.648961 -0.405309
v 0.245544 0.649390 -0.414224
v 0.219045 0.659983 -0.394771
v -0.036176 0.019611 -0.424797
v -0.027569 0.013498 -0.415054
v -0.070528 0.016029 0.171786
v -0.327788 0.636361 0.189842
v -0.324459 0.637188 0.177680
v -0.284560 0.630350 0.199128
v -0.366385 0.844197 0.137608
v -0.370478 0.847499 0.158641
v -0.346665 0.859026 0.214372
v -0.229862 0.880850 0.122434
v -0.024299 0.592838 -0.049636
v -0.031911 0.632725 -0.086727
v -0.021292 0.666027 -0.118955
v -0.204397 0.644382 0.241278
v -0.219741 0.645116 0.250365
v 0.033271 0.165972 -0.339199
v 0.007898 0.154172 -0.313104
v -0.337512 0.009042 -0.029656
v -0.344285 0.025606 -0.023336
v -0.342231 0.860058 0.024020
v -0.367279 0.842219 0.043076
v -0.369741 0.847801 0.044103
v -0.323841 0.529910 0.094015
v -0.308344 0.502706 0.065657
v -0.333205 0.075158 0.369274
v -0.334547 0.109627 0.391698
v -0.266777 0.072581 0.383818
v -0.158291 0.632237 -0.039787
v 0.074289 0.687257 -0.347670
v 0.106362 0.717273 -0.315281
v -0.397880 0.674001 0.502299
v -0.110535 0.893693 0.128481
v -0.013987 0.056043 -0.411618
v -0.004208 0.077372 -0.440533
v -0.017621 0.055581 0.365793
v -0.314939 0.790536 -0.065699
v -0.233286 0.881265 0.145990
v 0.412183 0.100373 -0.387466
v -0.073610 0.711965 0.041532
v -0.452083 0.758257 0.317325
v -0.080711 0.794427 0.031475
v -0.111811 0.967128 -0.174025
v -0.115244 0.976494 -0.167711
v -0.202814 0.016415 -0.003513
v -0.227740 0.024174 0.006415
v 0.117396 0.077434 -0.043699
v 0.231357 0.218319 -0.155913
v 0.224431 0.200398 -0.166675
v 0.146249 0.122615 -0.402727
v 0.102663 0.135795 -0.418519
v 0.137614 0.110193 -0.423153
v -0.289924 0.771216 0.365016
v -0.296783 0.752813 0.413958
v -0.173307 0.878800 0.008422
v -0.184267 0.861075 0.006181
v 0.003059 0.135534 -0.309769
v 0.019416 0.115788 -0.322643
v 0.185741 0.732095 -0.348998
v 0.182399 0.701519 -0.322279
v 0.181509 0.731544 -0.328748
v 0.197615 0.665461 -0.393019
v 0.215632 0.700791 -0.377914
v 0.187166 0.683925 -0.373689
v 0.253279 0.173643 -0.298338
v 0.284686 0.165705 -0.292939
v 0.306272 0.171788 -0.290824
v 0.479701 0.329077 -0.417798
v 0.467421 0.261545 -0.423919
v 0.009578 0.230725 -0.221181
v -0.171284 0.309832 -0.128260
v -0.173048 0.364499 -0.123494
v -0.150747 0.362187 -0.154600
v 0.230142 0.338897 -0.224802
v -0.294534 0.748970 0.199672
v -0.378413 0.599207 0.188062
v -0.387973 0.601914 0.284825
v -0.402102 0.611146 0.287748
v -0.426110 0.077246 0.117925
v -0.175760 0.640719 0.199712
v -0.153895 0.623786 0.172452
v -0.264828 0.763232 0.403101
v -0.280212 0.787112 0.438256
v -0.258168 0.660335 -0.037257
v -0.267459 0.695099 0.283950
v -0.305886 0.688645 0.287953
v -0.296467 0.695682 0.263180
v -0.293423 0.690448 0.269045
v 0.189871 0.719694 -0.348206
v 0.214746 0.712917 -0.372093
v 0.211941 0.712306 -0.357937
v 0.219282 0.693095 -0.371888
v -0.343222 0.681293 0.402478
v -0.362368 0.800969 0.108112
v -0.350329 0.820101 0.065231
v -0.165736 0.639949 0.270599
v 0.090972 0.751576 -0.284307
v 0.069308 0.743331 -0.255991
v 0.030083 0.712396 -0.243678
v -0.206437 0.786135 0.324076
v -0.242124 0.802679 0.315101
v -0.224918 0.799283 0.299245
v 0.304611 0.061412 -0.108034
v -0.136855 0.461819 -0.035813
v -0.141619 0.486952 -0.015149
v -0.346028 0.703630 0.085463
v -0.266383 0.345333 0.113446
v -0.372461 0.669944 0.374389
v -0.370671 0.671785 0.370518
v -0.061012 0.514071 -0.249919
v -0.083852 0.477691 -0.226491
v -0.027516 0.508681 -0.266558
v 0.128371 0.019816 0.016565
v -0.211976 0.918508 0.040197
v -0.207341 0.915051 0.014626
v 0.365126 0.186540 -0.056712
v 0.146766 0.024436 0.004967
v 0.135841 0.023816 -0.007636
v -0.261104 0.700889 -0.077725
v -0.274032 0.675295 -0.115122
v 0.067895 0.410686 -0.079154
v 0.034129 0.423907 -0.198037
v 0.107501 0.754013 -0.279165
v 0.074199 0.729139 -0.236188
v 0.069026 0.752197 -0.246507
v -0.022465 0.070233 -0.376745
v -0.001577 0.060922 -0.393145
v -0.065696 0.152807 0.426098
v -0.095944 0.134207 0.428901
v -0.386861 0.668449 0.405062
v -0.380219 0.666843 0.390662
v -0.069422 0.148004 0.464924
v -0.056620 0.138646 0.473527
v -0.059226 0.121795 0.476411
v -0.265273 0.661613 -0.035343
v -0.263840 0.658373 -0.037824
v -0.133920 0.494872 -0.015603
v 0.012910 0.262150 0.091238
v -0.510910 0.059342 0.227543
v -0.267716 0.054181 -0.105752
v 0.002527 0.727435 -0.184801
v -0.114352 0.644606 0.044082
v -0.103927 0.636472 0.068240
v -0.219721 0.349973 0.107549
v -0.201482 0.376867 0.094524
v -0.198076 0.365902 0.096932
v -0.218820 0.330574 0.111133
v -0.169194 0.660485 0.259694
v -0.177025 0.874983 -0.025895
v -0.166638 0.875358 -0.031454
v -0.173643 0.875871 -0.032449
v -0.190207 0.862212 -0.002131
v 0.495550 0.335171 -0.364499
v 0.488178 0.338897 -0.395781
v -0.275284 0.848588 0.303237
v -0.289653 0.837907 0.299050
v -0.277286 0.818510 0.294641
v 0.109819 0.420698 -0.250772
v 0.356086 0.155889 -0.057719
v -0.375040 0.453653 0.225301
v -0.323072 0.532194 0.196036
v -0.329005 0.514048 0.225718
v -0.306169 0.517473 0.249732
v -0.298063 0.531013 0.225769
v -0.271654 0.560625 0.205598
v -0.204868 0.842918 0.279998
v -0.232644 0.827765 0.293939
v -0.218350 0.818594 0.272068
v -0.380207 0.786840 0.259397
v 0.031134 0.658597 -0.338649
v -0.027491 0.176016 0.326364
v -0.040916 0.178028 0.344030
v -0.278153 0.670743 0.393344
v -0.266836 0.662147 0.387910
v -0.211759 0.848075 0.250343
v 0.288980 0.161802 -0.146270
v 0.256467 0.172994 -0.171891
v 0.232108 0.187252 -0.170229
v 0.281986 0.159900 -0.159966
v 0.298573 0.148579 -0.150794
v 0.307519 0.158001 -0.142792
v 0.301414 0.160651 -0.140214
v 0.307255 0.164743 -0.151570
v 0.026569 0.137230 0.053096
v 0.263470 0.470084 -0.186900
v 0.113076 0.411652 -0.245634
v 0.131641 0.412369 -0.232258
v 0.118771 0.434657 -0.256059
v -0.379748 0.803996 0.213991
v 0.308707 0.151912 -0.137314
v 0.295131 0.117263 -0.120133
v 0.308433 0.150413 -0.132704
v 0.298415 0.122459 -0.118199
v 0.297917 0.125555 -0.123580
v 0.303656 0.138097 -0.129381
v 0.308346 0.144843 -0.132597
v 0.308078 0.146127 -0.131343
v 0.325919 0.171167 -0.159787
v 0.338029 0.165186 -0.153037
v 0.320509 0.134109 -0.132888
v 0.334464 0.164044 -0.151502
v 0.331523 0.160853 -0.153089
v -0.260780 0.608501 0.444432
v -0.259373 0.610939 0.444588
v 0.422934 0.521224 -0.503277
v 0.418435 0.518352 -0.499339
v 0.029621 0.424699 -0.197411
v -0.262809 0.831251 -0.100345
v 0.178497 0.057339 -0.091621
v -0.413167 0.688366 0.472901
v 0.385912 0.014343 -0.240423
v 0.048703 0.355611 -0.309958
v 0.080874 0.434149 -0.341295
v -0.121865 0.610832 0.147417
v -0.028069 0.026413 0.123720
v -0.083938 0.728667 0.085178
v -0.117496 0.550216 -0.035682
v 0.271541 0.367698 -0.162961
v 0.286720 0.352333 -0.143333
v 0.295523 0.344973 -0.152984
v 0.003637 0.536258 -0.294534
v -0.031202 0.543743 -0.277921
v 0.138306 0.745702 -0.322886
v 0.129613 0.718828 -0.324752
v -0.193076 0.448150 0.038452
v -0.181530 0.456016 0.036241
v -0.198871 0.469360 0.032777
v 0.174775 0.044678 -0.126378
v -0.329534 0.340879 0.136898
v -0.365021 0.336977 0.162168
v -0.401061 0.057193 0.255915
v -0.131207 0.323504 0.060606
v -0.420164 0.187250 0.218682
v -0.437124 0.196739 0.190944
v -0.311817 0.663080 -0.022790
v -0.325706 0.619490 0.068499
v -0.347324 0.622983 0.092262
v -0.209185 0.452993 0.293061
v -0.214030 0.367563 0.094534
v -0.210263 0.398457 0.072549
v -0.325012 0.501572 0.246391
v -0.294283 0.507016 0.262054
v -0.362846 0.470097 0.235724
v -0.346235 0.495465 0.220387
v -0.289650 0.430570 0.339911
v -0.281292 0.407614 0.357936
v -0.353051 0.435461 0.304303
v -0.360375 0.417302 0.325097
v 0.151817 0.499755 -0.228289
v 0.478183 0.110451 -0.196438
v -0.304628 0.677442 0.452434
v -0.296509 0.676213 0.456962
v -0.310271 0.682595 0.484944
v -0.318330 0.669260 0.445643
v -0.176593 0.001097 0.012455
v -0.170804 0.002359 0.033119
v -0.351708 0.599378 0.157382
v -0.351281 0.604539 0.136192
v 0.428198 0.637804 -0.461427
v 0.433740 0.629554 -0.460217
v -0.398596 0.678481 0.350987
v -0.314818 0.772118 0.333795
v -0.325554 0.778445 0.345285
v -0.423022 0.732840 0.265540
v -0.415308 0.733079 0.230779
v -0.166361 0.798751 0.209982
v -0.407018 0.671704 0.388578
v 0.311933 0.255599 -0.150192
v 0.354745 0.234118 -0.147205
v 0.355689 0.254062 -0.149666
v 0.072336 0.103145 -0.426294
v 0.268550 0.561594 -0.258837
v -0.156639 0.634721 0.237919
v -0.163379 0.627608 0.231993
v -0.310815 0.605491 0.079469
v -0.332306 0.612435 0.079935
v -0.071679 0.232164 0.198983
v -0.065089 0.255498 0.155979
v -0.132996 0.736535 0.144366
v 0.299057 0.328140 -0.145658
v 0.293146 0.330332 -0.135556
v 0.297125 0.330295 -0.140216
v -0.204743 0.136535 0.383326
v 0.301352 0.565540 -0.440347
v -0.417822 0.615276 0.326729
v -0.411787 0.611453 0.308213
v 0.135490 0.003817 -0.209719
v 0.176785 0.011119 -0.188344
v 0.157610 0.006310 -0.266169
v 0.005302 0.726836 -0.178454
v -0.018877 0.677249 -0.133700
v -0.003727 0.733445 -0.178995
v 0.312191 0.456589 -0.397482
v 0.313498 0.448756 -0.398934
v 0.305167 0.426555 -0.380992
v 0.344318 0.379398 -0.371880
v 0.322914 0.386695 -0.372736
v 0.325787 0.411411 -0.383068
v -0.194234 0.611197 -0.034933
v -0.226537 0.586861 -0.024743
v -0.190123 0.593516 -0.030491
v -0.344704 0.858326 0.261176
v -0.242473 0.762700 0.391835
v -0.294176 0.478121 0.297951
v -0.300034 0.445964 0.329573
v -0.170868 0.768153 -0.000640
v -0.050340 0.835495 -0.037441
v 0.347617 0.211073 -0.157366
v 0.342119 0.207864 -0.157090
v 0.341820 0.172952 -0.135041
v 0.347501 0.170022 -0.132535
v 0.349093 0.188419 -0.143418
v 0.352559 0.190268 -0.148591
v -0.285084 0.825428 0.441143
v -0.289375 0.745428 -0.069364
v -0.197707 0.770718 0.332727
v -0.208204 0.783246 0.346211
v 0.051182 0.187139 0.105741
v 0.048220 0.191526 0.090831
v -0.444620 0.100221 0.272233
v -0.339190 0.719567 0.162124
v -0.345743 0.715487 0.154622
v -0.366054 0.708674 0.202736
v -0.372206 0.710102 0.217389
v 0.219838 0.085802 0.044416
v 0.225035 0.081531 0.012961
v -0.245915 0.790300 -0.011928
v 0.005849 0.113333 -0.009528
v 0.000640 0.086326 0.014769
v -0.242567 0.144425 -0.070771
v 0.203841 0.707281 -0.378736
v 0.286404 0.322521 -0.358063
v 0.280282 0.350293 -0.348629
v -0.347771 0.696052 0.486220
v 0.215275 0.263870 -0.336819
v -0.005137 0.141990 -0.298558
v 0.004251 0.140149 -0.295306
v -0.068201 0.732673 -0.019806
v -0.085360 0.724489 0.009704
v 0.179856 0.067549 -0.091774
v 0.198802 0.057686 -0.098645
v -0.307069 0.625587 0.116219
v -0.294748 0.626967 0.140264
v -0.289450 0.596648 0.019495
v -0.314197 0.612349 0.023869
v -0.329085 0.635116 0.052149
v -0.310674 0.853966 0.069178
v -0.300015 0.844600 0.050431
v -0.282444 0.213789 0.043165
v -0.268921 0.247633 0.092697
v -0.182600 0.625469 0.298206
v -0.384897 0.136590 0.364126
v -0.410467 0.145299 0.330149
v -0.412632 0.779788 0.405215
v -0.418856 0.771815 0.408392
v 0.408011 0.140985 -0.168893
v 0.387703 0.129030 -0.155312
v 0.402829 0.105362 -0.150820
v 0.302028 0.179383 -0.265319
v 0.362509 0.169912 -0.216140
v 0.322647 0.184756 -0.277072
v 0.315045 0.164127 -0.196430
v 0.015315 0.026202 -0.443581
v -0.179476 0.163585 -0.100701
v -0.243304 0.019555 0.016455
v -0.261161 0.019297 0.036651
v -0.378790 0.643529 0.491341
v 0.296298 0.553652 -0.413791
v 0.268659 0.611157 -0.384279
v 0.281489 0.613182 -0.422479
v -0.269918 0.128384 -0.089928
v 0.174105 0.016183 0.071864
v -0.372006 0.128777 0.042104
v -0.184492 0.333443 -0.016926
v -0.189402 0.334528 -0.087914
v -0.200717 0.311542 -0.053083
v -0.045873 0.203630 0.179693
v -0.336541 0.908246 -0.003645
v -0.321106 0.908169 -0.011411
v -0.276458 0.872055 0.094320
v 0.312630 0.110113 -0.342208
v 0.284017 0.111671 -0.343429
v -0.312392 0.877044 0.186826
v 0.102028 0.024818 0.141737
v 0.087643 0.013769 0.188535
v 0.187029 0.047435 0.032841
v 0.188754 0.037933 0.032466
v 0.067053 0.147840 0.099738
v -0.280559 0.828616 -0.121176
v -0.314134 0.800892 -0.015586
v -0.213459 0.846615 0.022814
v 0.512112 0.085185 -0.257382
v 0.494918 0.058119 -0.250974
v -0.394853 0.802148 0.388345
v -0.349862 0.823099 0.451396
v -0.347062 0.818365 0.417453
v -0.367404 0.819791 0.408290
v -0.365944 0.814755 0.426784
v -0.352596 0.816110 0.416388
v -0.366468 0.817921 0.444923
v 0.044532 0.540287 -0.326529
v 0.064460 0.518795 -0.313260
v -0.078948 0.074929 0.292752
v -0.105283 0.066390 0.285023
v 0.024472 0.195230 -0.046933
v 0.068513 0.378351 -0.361288
v 0.003305 0.025597 0.326319
v 0.047177 0.087977 0.172218
v 0.043380 0.695122 -0.311163
v -0.079977 0.620542 -0.205654
v -0.060194 0.647084 -0.205486
v -0.097909 0.632285 0.071903
v 0.197386 0.024765 0.053136
v 0.188827 0.016530 0.063055
v -0.024963 0.024218 0.336112
v 0.102470 0.001763 -0.272120
v 0.136383 0.005964 -0.301908
v -0.172359 0.479419 0.048701
v -0.200989 0.426450 0.061594
v -0.178426 0.430833 0.051522
v -0.130484 0.019557 0.126736
v 0.096782 0.356177 -0.216865
v -0.210836 0.700538 0.261614
v -0.225537 0.695121 0.289528
v -0.218670 0.699457 0.284385
v -0.091543 0.833620 0.031612
v -0.083355 0.844495 0.061885
v -0.089370 0.845505 0.046087
v 0.084055 0.487756 -0.244908
v 0.325695 0.309061 -0.084170
v 0.299384 0.304956 -0.147132
v 0.314221 0.309115 -0.155777
v 0.225692 0.075277 -0.068067
v -0.350973 0.810689 0.071317
v -0.315747 0.021182 0.123906
v -0.291063 0.012967 0.103641
v -0.299256 0.694446 0.257876
v -0.308031 0.700205 0.209639
v -0.290104 0.705515 0.214862
v -0.292507 0.701522 0.236454
v -0.186559 0.021055 0.087362
v -0.183586 0.034478 0.317728
v 0.222570 0.215819 -0.209929
v 0.161929 0.645597 -0.409645
v 0.217221 0.633035 -0.410970
v -0.121573 0.302160 0.090038
v -0.126142 0.300107 0.080372
v 0.477459 0.584403 -0.539444
v 0.470375 0.576406 -0.544071
v 0.457959 0.568045 -0.537906
v 0.453460 0.560099 -0.506209
v -0.492985 0.071873 0.144168
v -0.088673 0.797766 0.007769
v -0.272932 0.827261 0.293670
v -0.245218 0.827925 0.298131
v -0.395461 0.673909 0.337026
v -0.391344 0.660887 0.343802
v -0.393815 0.673063 0.348136
v -0.183369 0.275164 -0.106947
v -0.200319 0.287193 -0.078508
v -0.018211 0.548901 -0.020560
v -0.179009 0.083176 0.394407
v -0.478022 0.053097 0.263820
v -0.454017 0.042106 0.271938
v -0.468926 0.039915 0.295474
v -0.254800 0.352239 0.374706
v -0.283274 0.389218 0.364680
v -0.334995 0.370014 0.372631
v -0.303402 0.361538 0.380957
v 0.366772 0.141195 -0.082828
v 0.039982 0.741509 -0.217615
v 0.066223 0.752933 -0.233536
v 0.053121 0.748832 -0.250499
v -0.178319 0.794324 -0.030719
v -0.173515 0.474397 0.016680
v -0.177603 0.464930 0.019890
v -0.403626 0.363398 0.310329
v -0.381697 0.368283 0.344391
v -0.391605 0.409679 0.281544
v -0.384862 0.389761 0.314672
v 0.404517 0.598109 -0.437041
v -0.405052 0.755524 0.368639
v -0.389346 0.748486 0.337405
v -0.414386 0.751449 0.390891
v -0.418373 0.751294 0.364634
v -0.325646 0.630178 0.536486
v -0.368904 0.656264 0.524835
v -0.546733 0.031334 0.212592
v -0.305472 0.764390 0.295138
v -0.295132 0.760537 0.287464
v -0.305756 0.757875 0.250869
v -0.295198 0.756643 0.242715
v -0.086857 0.630591 -0.090435
v -0.079063 0.654672 -0.095101
v -0.081637 0.633518 -0.086231
v -0.426798 0.145040 0.289742
v -0.486820 0.111957 0.248429
v -0.485773 0.099081 0.256141
v -0.416916 0.223048 0.352829
v 0.402577 0.173586 -0.359669
v -0.118898 0.623553 0.130934
v -0.442352 0.596907 0.392098
v -0.451167 0.616313 0.407121
v 0.185299 0.153099 -0.070015
v -0.245704 0.862559 0.237827
v -0.234524 0.868120 0.222167
v -0.260325 0.877928 0.225818
v -0.003456 0.074861 0.332993
v -0.324859 0.832671 0.307694
v -0.343154 0.839498 0.333105
v -0.353323 0.832693 0.313925
v -0.301539 0.770224 0.444977
v -0.303287 0.792103 0.449844
v -0.307145 0.766151 0.441181
v -0.316584 0.784846 0.439638
v -0.303049 0.768563 0.421345
v -0.325827 0.811542 0.458064
v -0.381427 0.803439 0.154887
v -0.111063 0.647765 0.036535
v -0.104962 0.648827 0.036345
v -0.098179 0.655242 0.035086
v -0.127430 0.659359 0.018617
v -0.122047 0.659009 0.023965
v -0.166790 0.908958 -0.100837
v -0.158780 0.896244 -0.083467
v -0.304142 0.665122 0.407633
v -0.293329 0.679616 0.406045
v -0.302688 0.672362 0.388250
v -0.298236 0.667237 0.388146
v -0.201424 0.595496 0.192679
v -0.270448 0.756604 -0.142184
v 0.466509 0.244451 -0.249035
v 0.434472 0.247926 -0.263132
v 0.335319 0.122651 -0.118618
v -0.339183 0.777392 0.330046
v -0.325633 0.770419 0.342908
v -0.294359 0.765608 0.314274
v 0.009807 0.259999 -0.119757
v 0.037995 0.275556 -0.085355
v 0.009453 0.239206 -0.110550
v -0.221162 0.285032 0.373531
v -0.254178 0.287423 0.395979
v 0.155643 0.735846 -0.321695
v -0.164074 0.847130 0.190189
v -0.163132 0.817244 0.205194
v 0.379108 0.011090 -0.327852
v 0.258208 0.071061 -0.422373
v 0.296536 0.070872 -0.423668
v 0.223262 0.221447 -0.223484
v 0.076056 0.229146 -0.155667
v -0.331403 0.264234 0.410274
v -0.349199 0.214441 0.408280
v -0.365522 0.252690 0.390520
v -0.388638 0.241946 0.377132
v -0.326741 0.247191 0.406753
v -0.072753 0.668587 0.033264
v -0.088178 0.657230 0.014868
v 0.407670 0.093881 -0.394964
v 0.419085 0.675685 -0.452123
v -0.512725 0.082457 0.250254
v -0.529514 0.046525 0.267783
v 0.105442 0.172443 -0.139104
v 0.152646 0.376504 -0.430285
v 0.212568 0.440646 -0.447667
v -0.055432 0.235027 0.251953
v -0.056259 0.069572 -0.344448
v -0.422230 0.753243 0.388808
v -0.425840 0.756418 0.360106
v -0.192143 0.004951 0.274096
v 0.001638 0.148910 -0.308146
v 0.025639 0.165842 -0.344319
v -0.034978 0.698131 -0.126149
v -0.036837 0.713197 -0.136148
v -0.283362 0.812740 0.303879
v -0.283686 0.786363 -0.090581
v -0.269122 0.790713 -0.088818
v 0.085109 0.433265 -0.310360
v -0.421828 0.148836 0.132219
v -0.420012 0.149304 0.163802
v -0.160411 0.644902 -0.052005
v -0.155249 0.656261 -0.049138
v -0.161211 0.678877 -0.048323
v 0.164670 0.092247 0.004225
v 0.155303 0.091592 -0.012574
v 0.153159 0.084726 -0.035789
v -0.185146 0.303945 0.066610
v -0.175206 0.329472 0.070863
v -0.371331 0.151697 0.388247
v 0.297886 0.334421 -0.118008
v 0.298351 0.290892 -0.129052
v 0.270929 0.291531 -0.343071
v 0.349883 0.184594 -0.144863
v 0.344944 0.178736 -0.140185
v -0.223687 0.397662 0.083444
v -0.197296 0.382270 0.091014
v -0.209175 0.002639 0.021767
v 0.322836 0.340608 -0.179135
v 0.309543 0.322157 -0.159818
v 0.318123 0.341104 -0.180742
v 0.311280 0.335538 -0.171520
v -0.354521 0.618101 0.260877
v -0.319302 0.619328 0.254866
v -0.288931 0.751447 0.207695
v -0.158025 0.438985 0.193898
v -0.332814 0.066426 -0.032340
v -0.124520 0.394238 0.025218
v -0.157660 0.692548 -0.060389
v -0.227336 0.143244 -0.102751
v 0.058102 0.069992 0.204493
v 0.062182 0.076133 0.182901
v -0.310385 0.770200 0.316311
v -0.374748 0.783821 0.212950
v 0.312191 0.095125 -0.116400
v 0.324747 0.089692 -0.126884
v 0.300024 0.054493 -0.122743
v 0.291776 0.070573 -0.117992
v 0.290479 0.055671 -0.117624
v 0.297964 0.054197 -0.109893
v 0.294337 0.079272 -0.120304
v -0.198572 0.331237 0.113830
v -0.194235 0.347402 0.128112
v 0.139261 0.527198 -0.192719
v 0.218478 0.509612 -0.449668
v -0.214533 0.992391 0.035416
v -0.322796 0.789269 0.442122
v -0.319892 0.789671 0.458797
v 0.244253 0.238865 -0.138583
v -0.170405 0.397609 -0.110339
v -0.125729 0.454031 -0.183690
v -0.122461 0.418218 -0.190334
v 0.016446 0.022587 -0.432361
v 0.006426 0.037099 -0.405698
v 0.420112 0.641706 -0.476146
v 0.402918 0.636224 -0.492309
v -0.300691 0.114939 -0.046423
v -0.195225 0.842007 0.046041
v -0.259983 0.705077 0.245902
v -0.291622 0.700885 0.246504
v -0.291212 0.025931 0.067219
v -0.269703 0.704937 0.238435
v -0.269348 0.702641 0.240483
v -0.017440 0.296502 -0.161989
v -0.064028 0.276590 -0.167717
v -0.002763 0.333948 -0.169639
v -0.003001 0.315306 -0.163156
v 0.212433 0.415466 -0.217547
v 0.241489 0.412071 -0.229515
v -0.127979 0.496212 -0.011496
v -0.132037 0.475876 0.005504
v 0.069157 0.653180 -0.371041
v -0.397897 0.117873 0.191749
v 0.036078 0.741636 -0.222994
v 0.021001 0.717797 -0.221320
v 0.004920 0.708717 -0.211405
v 0.103709 0.754888 -0.269859
v -0.130958 0.701164 0.152349
v -0.092872 0.648926 0.097195
v -0.079460 0.192573 0.304775
v -0.053140 0.207176 0.280710
v -0.339091 0.696410 0.159390
v -0.282622 0.630534 0.239101
v -0.046736 0.059424 0.433031
v -0.314622 0.674529 0.436363
v 0.034998 0.272004 0.028532
v 0.013373 0.299750 0.052365
v -0.412357 0.694979 0.480909
v 0.401041 0.327060 -0.138253
v 0.307831 0.289644 -0.132127
v 0.302453 0.281365 -0.141767
v 0.224269 0.006369 -0.291237
v 0.512258 0.277932 -0.381539
v 0.365664 0.646655 -0.411647
v -0.469305 0.112370 0.194720
v -0.070370 0.609513 -0.075825
v -0.346929 0.662367 0.250832
v -0.344415 0.661823 0.261791
v 0.011404 0.118277 0.032865
v -0.294259 0.677421 0.389845
v 0.329358 0.102800 -0.106383
v 0.109120 0.700236 -0.178128
v 0.084410 0.679537 -0.137641
v 0.311384 0.371362 -0.380259
v 0.295740 0.402073 -0.407601
v -0.407141 0.667110 0.412984
v 0.536405 0.209163 -0.321677
v 0.529256 0.237227 -0.309289
v -0.339849 0.400859 0.346162
v -0.360442 0.371546 0.360151
v -0.382323 0.347243 0.345706
v -0.358290 0.355174 0.359853
v -0.097817 0.659297 0.025105
v -0.113807 0.640169 0.055013
v -0.103875 0.643555 0.050191
v -0.186674 0.309221 0.093810
v -0.186255 0.301474 0.157184
v -0.147818 0.296965 0.221787
v 0.119545 0.055952 -0.338495
v 0.176903 0.024855 -0.330627
v -0.251734 0.680998 -0.058653
v -0.253772 0.671985 -0.051681
v 0.204043 0.016990 -0.194589
v -0.332701 0.697733 0.062623
v 0.132861 0.141586 -0.400581
v -0.117634 0.572980 -0.040872
v -0.226160 0.858042 0.246665
v -0.434955 0.657006 0.408618
v -0.425361 0.648324 0.378971
v -0.449468 0.653670 0.447846
v -0.281749 0.692807 0.266370
v -0.288456 0.696308 0.261587
v -0.007269 0.075086 0.346612
v -0.102491 0.663616 0.027083
v -0.085604 0.647708 0.031684
v 0.024642 0.084327 -0.434921
v -0.094706 0.067039 -0.051296
v 0.346043 0.248643 -0.152084
v -0.308260 0.865124 0.295411
v -0.287232 0.863494 0.280893
v -0.309988 0.872567 0.265450
v -0.127955 0.281337 0.324359
v 0.461744 0.136264 -0.186590
v 0.438749 0.089774 -0.166224
v 0.128618 0.015880 0.000687
v 0.417579 0.501795 -0.485010
v 0.071337 0.142141 -0.141374
v 0.064637 0.152483 -0.144841
v 0.158151 0.703265 -0.350321
v 0.248253 0.581163 -0.239117
v 0.367762 0.189515 -0.138166
v 0.352191 0.195479 -0.144832
v 0.329296 0.275721 -0.158152
v 0.341619 0.297752 -0.168894
v 0.366385 0.288376 -0.170228
v 0.355185 0.286127 -0.169539
v 0.059104 0.285048 -0.186865
v 0.052214 0.270003 -0.179110
v 0.056805 0.296765 -0.195791
v -0.408371 0.114196 0.227133
v -0.495871 0.099515 0.165333
v -0.484725 0.091489 0.142616
v -0.490255 0.098168 0.187222
v -0.161779 0.712484 -0.056053
v -0.301020 0.097358 -0.054270
v -0.005221 0.054839 0.362380
v 0.372022 0.223946 -0.303666
v 0.259711 0.634195 -0.412793
v 0.266572 0.632578 -0.405792
v 0.261932 0.621706 -0.423242
v 0.224506 0.611792 -0.421583
v 0.283747 0.619854 -0.418285
v -0.345530 0.609761 0.157741
v -0.344682 0.610462 0.139092
v -0.348040 0.614300 0.158184
v -0.347545 0.605000 0.140253
v -0.356536 0.594391 0.146704
v 0.291885 0.382194 -0.402094
v 0.292223 0.261579 -0.142705
v 0.302109 0.267011 -0.150917
v 0.298322 0.276726 -0.154429
v -0.156222 0.416670 0.026856
v -0.381904 0.595732 0.261107
v -0.374523 0.371669 0.177413
v 0.392665 0.528065 -0.502662
v 0.397572 0.503911 -0.500098
v 0.165642 0.172262 -0.402753
v -0.379100 0.754260 0.122874
v -0.346165 0.760372 0.056373
v -0.356733 0.766118 0.081928
v -0.073003 0.183361 0.303420
v -0.401165 0.796053 0.395057
v -0.397799 0.795073 0.410492
v -0.398606 0.799650 0.404392
v 0.350089 0.294329 -0.172657
v 0.340561 0.319486 -0.179086
v 0.292932 0.589323 -0.422374
v -0.395315 0.408626 0.254979
v -0.209521 0.738078 0.262856
v -0.176976 0.740035 0.205101
v -0.185017 0.742306 0.207665
v -0.203272 0.742198 0.206720
v -0.204219 0.742721 0.228289
v -0.212099 0.740685 0.226498
v -0.195197 0.736763 0.223151
v -0.292768 0.627934 0.165123
v -0.279558 0.629761 0.178251
v 0.248059 0.090423 -0.095910
v -0.002146 0.076830 0.065100
v -0.212419 0.811079 0.268631
v -0.213526 0.792010 0.296540
v -0.410258 0.846980 0.363713
v -0.420352 0.831346 0.385801
v 0.044033 0.256460 -0.354654
v 0.297583 0.348063 -0.127002
v 0.294607 0.341532 -0.124626
v 0.292179 0.343670 -0.133178
v -0.403362 0.832426 0.214070
v -0.375071 0.828224 0.173857
v -0.324558 0.553421 0.140380
v -0.313929 0.557599 0.169623
v 0.326880 0.206529 -0.151434
v -0.178194 0.868055 -0.014025
v 0.026145 0.435603 0.006519
v -0.477284 0.049419 0.271303
v 0.426853 0.346473 -0.449181
v -0.369464 0.681182 0.152222
v -0.357050 0.685756 0.107611
v -0.232514 0.626707 0.185378
v 0.305789 0.562238 -0.425362
v 0.139377 0.718933 -0.278906
v 0.138127 0.705617 -0.212596
v 0.002688 0.702647 -0.152427
v -0.405091 0.275158 0.127238
v 0.012232 0.027981 0.098926
v 0.007467 0.043452 0.095399
v 0.008726 0.020522 0.099659
v 0.005991 0.018966 0.104037
v 0.012112 0.019197 0.103537
v 0.000393 0.027439 0.103575
v 0.011398 0.023477 0.101395
v 0.001315 0.038088 0.101160
v 0.012168 0.029048 0.093000
v 0.013165 0.033317 0.093885
v -0.363298 0.873832 0.419226
v -0.346715 0.861752 0.414116
v -0.362532 0.141971 0.383782
v -0.335792 0.486321 0.268921
v -0.149019 0.628248 0.196667
v -0.163802 0.664788 0.239837
v -0.146919 0.637685 0.202623
v 0.151888 0.209699 -0.143849
v -0.042752 0.083091 -0.349187
v 0.195275 0.067866 0.047531
v 0.207334 0.068476 0.051685
v 0.183626 0.040090 0.058283
v 0.179776 0.025411 0.066349
v -0.180254 0.875961 -0.031838
v -0.168322 0.880246 -0.043653
v 0.348157 0.083556 -0.408131
v 0.309120 0.497389 -0.409803
v 0.336891 0.220680 -0.149729
v 0.303414 0.237526 -0.150816
v 0.327632 0.206481 -0.154994
v 0.317554 0.202481 -0.151028
v 0.310587 0.182229 -0.148103
v 0.320189 0.194760 -0.150766
v 0.354469 0.432513 -0.466568
v 0.376182 0.248403 -0.328547
v 0.369615 0.223285 -0.308919
v -0.237553 0.711180 0.223078
v -0.260630 0.708267 0.226309
v -0.247684 0.707645 0.233849
v -0.264635 0.707146 0.226464
v 0.083231 0.639468 -0.381134
v 0.335837 0.020013 -0.082779
v -0.141037 0.441820 -0.015708
v -0.145157 0.423381 -0.012107
v -0.057107 0.149460 0.442125
v -0.045884 0.132880 0.430998
v 0.148918 0.077531 -0.120423
v 0.380150 0.259166 -0.325384
v -0.247536 0.186882 -0.083131
v -0.067159 0.368808 0.059576
v 0.102537 0.059372 -0.047032
v 0.286271 0.420212 -0.277049
v 0.270650 0.456236 -0.255806
v 0.255442 0.443057 -0.239601
v 0.268015 0.410263 -0.255728
v -0.202078 0.169541 0.385406
v -0.186967 0.153267 0.396321
v -0.141124 0.618959 0.184022
v -0.116544 0.652913 0.028257
v -0.306016 0.638995 0.180306
v 0.317565 0.327341 -0.168139
v 0.328566 0.313412 -0.167885
v 0.327516 0.333114 -0.179997
v -0.117055 0.546936 -0.107769
v 0.309751 0.094771 -0.118374
v -0.288383 0.739775 0.421573
v 0.130933 0.039857 0.005589
v 0.122062 0.025574 0.017957
v 0.149917 0.735266 -0.327168
v 0.085867 0.122447 0.132817
v 0.076145 0.110074 0.151755
v -0.294758 0.667325 0.423640
v -0.304634 0.680785 0.433184
v -0.305569 0.679783 0.439895
v -0.062718 0.035586 -0.007324
v 0.323468 0.202350 -0.170768
v -0.335275 0.820883 0.037101
v -0.048755 0.706174 -0.139346
v -0.058514 0.659172 -0.131072
v 0.413211 0.228348 -0.109701
v 0.397478 0.200966 -0.083540
v 0.278126 0.224071 -0.155544
v -0.233425 0.872636 0.196688
v 0.243294 0.186781 -0.254140
v 0.231446 0.205568 -0.225600
v -0.314369 0.673241 0.409046
v 0.251643 0.280155 -0.348081
v 0.336465 0.331540 -0.177267
v -0.252986 0.443102 0.051587
v -0.258157 0.480192 0.030785
v -0.231319 0.193616 -0.099918
v 0.029994 0.742793 -0.195280
v -0.146927 0.283146 0.118881
v -0.333170 0.672097 0.225559
v -0.157217 0.830390 0.066568
v -0.268889 0.775816 -0.133560
v -0.078184 0.743430 0.044051
v 0.143871 0.371243 -0.206614
v 0.180284 0.418861 -0.217235
v 0.262847 0.247352 -0.138742
v -0.353594 0.816936 0.426861
v -0.360241 0.809645 0.431313
v 0.323846 0.064377 -0.073586
v -0.279806 0.694263 0.283848
v -0.180151 0.635885 0.228339
v -0.270066 0.620781 -0.003933
v -0.093112 0.507900 -0.018704
v -0.086516 0.547117 -0.037261
v 0.319450 0.368604 -0.372508
v 0.325195 0.373309 -0.366289
v -0.246138 0.628733 0.334500
v -0.240260 0.634275 0.318868
v 0.342134 0.191288 -0.155928
v 0.341587 0.174348 -0.148696
v 0.337860 0.192384 -0.156480
v 0.345257 0.189992 -0.151427
v -0.233010 0.717078 0.210400
v -0.249481 0.713586 0.208611
v 0.259316 0.301476 -0.355701
v 0.268378 0.306204 -0.363748
v -0.151614 0.036870 0.310330
v -0.332017 0.678555 0.459957
v 0.354710 0.218539 -0.065953
v 0.264668 0.069002 -0.039993
v -0.394965 0.307560 0.359599
v -0.414968 0.297942 0.329428
v -0.420931 0.270898 0.327527
v 0.022311 0.134439 0.145069
v 0.034856 0.679675 -0.125419
v 0.010121 0.650384 -0.094730
v 0.044828 0.040361 -0.244067
v 0.246453 0.290223 -0.268573
v 0.228922 0.280373 -0.237371
v 0.232885 0.249171 -0.255827
v -0.416223 0.844526 0.397107
v -0.456133 0.843128 0.403037
v -0.459686 0.823750 0.396253
v -0.470028 0.824256 0.404532
v -0.335910 0.196847 0.049428
v -0.076234 0.078165 0.241529
v -0.096389 0.076622 0.266252
v -0.199524 0.373636 0.319251
v 0.004235 0.168997 -0.333344
v -0.392880 0.869367 0.411776
v -0.243621 0.017605 0.213410
v -0.201103 0.014080 0.236992
v -0.280458 0.233051 0.067995
v -0.291588 0.853946 0.293643
v -0.049012 0.055661 0.217507
v 0.253160 0.640805 -0.368591
v -0.228630 0.690763 -0.035385
v -0.389633 0.660594 0.518046
v 0.372182 0.137673 -0.155090
v 0.356606 0.152875 -0.170290
v -0.023545 0.099276 0.290278
v 0.372665 0.238432 -0.322999
v -0.201001 0.330457 0.115984
v -0.296012 0.689179 0.304883
v -0.293096 0.691451 0.291343
v 0.019948 0.122697 -0.386700
v -0.329614 0.048524 -0.037445
v -0.361109 0.061559 0.002722
v -0.381525 0.063356 0.031982
v 0.032045 0.333938 0.021254
v 0.270497 0.059961 -0.030526
v 0.069615 0.356214 -0.374505
v 0.069642 0.395078 -0.326709
v -0.378456 0.839245 0.440429
v -0.424549 0.805071 0.417668
v -0.388317 0.812403 0.432670
v -0.376002 0.826916 0.437128
v -0.283132 0.178965 0.415920
v 0.355275 0.011069 -0.345277
v -0.034934 0.685630 -0.155501
v -0.014604 0.719087 -0.180310
v 0.331693 0.203877 -0.153937
v 0.327566 0.203959 -0.161594
v -0.333378 0.769627 0.347510
v -0.067315 0.807144 -0.000293
v -0.388658 0.063038 0.285865
v -0.126040 0.827383 0.134603
v -0.282091 0.640312 0.494407
v -0.264042 0.626639 0.457782
v -0.261391 0.624136 0.478036
v -0.348367 0.667075 0.232090
v 0.220573 0.059480 -0.118548
v 0.219861 0.051204 -0.115495
v 0.211664 0.049360 -0.106301
v 0.210829 0.071583 -0.112839
v 0.212059 0.051773 -0.109018
v 0.206822 0.048334 -0.104959
v -0.111869 0.657576 0.034368
v -0.104344 0.649672 0.045559
v -0.349518 0.603470 0.152189
v 0.038081 0.044858 -0.414684
v -0.277591 0.845575 -0.120564
v -0.320932 0.688106 0.465284
v -0.409257 0.727800 0.346453
v -0.410202 0.735519 0.330463
v -0.379948 0.210395 0.391765
v -0.062260 0.390022 -0.209045
v -0.174629 0.135610 0.392886
v -0.165085 0.478522 0.019171
v -0.163091 0.482929 0.034434
v -0.318383 0.889194 -0.015410
v 0.296179 0.273389 -0.145494
v 0.293543 0.272984 -0.148997
v 0.418199 0.226845 -0.403478
v -0.299698 0.611720 0.296308
v -0.365290 0.611369 0.281796
v -0.145749 0.632549 0.221948
v 0.328240 0.153675 -0.143189
v 0.336606 0.153070 -0.137005
v -0.259027 0.004914 0.095868
v 0.369709 0.208719 -0.051089
v -0.310142 0.668103 0.416918
v 0.231667 0.227693 -0.280595
v -0.392721 0.666344 0.370791
v -0.393670 0.670249 0.357421
v -0.385944 0.674290 0.357242
v -0.390961 0.678147 0.356012
v -0.305971 0.765294 0.434406
v -0.346356 0.860880 0.243263
v -0.335159 0.868779 0.230082
v -0.328794 0.867940 0.260436
v -0.343029 0.368546 0.144310
v 0.181733 0.053203 0.027775
v 0.190126 0.073504 0.019989
v -0.355745 0.745633 0.061280
v 0.239187 0.018836 -0.337290
v -0.261731 0.664040 -0.087524
v -0.256839 0.658891 -0.059047
v 0.035774 0.192721 0.021539
v -0.406162 0.687888 0.361326
v -0.152098 0.522480 0.183715
v -0.282371 0.680001 0.396487
v 0.306775 0.263963 -0.092393
v 0.236487 0.197214 -0.265750
v 0.237015 0.034014 0.012696
v 0.264475 0.020351 -0.038854
v -0.148894 0.460204 -0.142044
v -0.134765 0.467933 -0.170490
v 0.269897 0.314034 -0.334639
v 0.351598 0.312552 -0.093100
v 0.350287 0.330085 -0.093434
v -0.267321 0.812609 -0.086996
v 0.285634 0.350994 -0.171082
v 0.290133 0.349373 -0.166720
v -0.335318 0.525698 0.171626
v -0.147948 0.423441 0.026085
v -0.137539 0.692542 0.161133
v -0.136655 0.704789 0.184492
v -0.173359 0.781545 -0.035394
v -0.169645 0.787766 -0.031517
v -0.171031 0.768994 -0.028342
v 0.376176 0.639260 -0.443023
v -0.225434 0.637839 0.209583
v -0.291130 0.622772 0.136743
v -0.303576 0.612254 0.109010
v -0.121299 0.226027 -0.144670
v -0.141678 0.268930 -0.149777
v -0.349793 0.686834 0.198661
v 0.357693 0.320680 -0.176521
v 0.272540 0.405306 -0.180316
v 0.290931 0.374655 -0.178908
v 0.337003 0.361721 -0.173647
v -0.201057 0.048658 0.346275
v -0.218477 0.096338 0.380785
v -0.317098 0.633412 0.156927
v -0.329048 0.631382 0.148126
v -0.313076 0.638525 0.156259
v 0.161554 0.562727 -0.171872
v -0.040320 0.321953 0.081620
v -0.085553 0.833761 0.037476
v 0.298885 0.279252 -0.131218
v 0.296557 0.281468 -0.131043
v 0.325257 0.300322 -0.151139
v 0.402527 0.350316 -0.330350
v 0.530314 0.178808 -0.269233
v -0.202225 0.362105 0.098140
v -0.204135 0.364763 0.099764
v 0.332120 0.188156 -0.291652
v -0.161833 0.742834 -0.052414
v 0.289494 0.572348 -0.438159
v -0.183416 0.387579 0.286387
v -0.206536 0.403906 0.315359
v -0.162902 0.430777 0.226145
v -0.067040 0.666480 -0.011624
v -0.211583 0.788769 -0.009150
v -0.203063 0.749834 -0.025462
v 0.273798 0.026677 -0.105340
v 0.236043 0.025588 -0.104608
v 0.202117 0.047522 -0.100612
v 0.067644 0.525377 -0.335735
v 0.080428 0.504452 -0.349859
v -0.289698 0.200897 0.414021
v -0.123667 0.765274 0.156617
v -0.402175 0.668909 0.389799
v -0.392740 0.665378 0.386999
v -0.377713 0.657441 0.362929
v -0.388505 0.655062 0.372770
v -0.394237 0.663401 0.379777
v -0.380173 0.670655 0.371849
v 0.146389 0.092097 -0.084096
v 0.128551 0.082127 -0.089542
v -0.322875 0.861490 0.418315
v -0.315368 0.857006 0.392267
v -0.038819 0.013823 0.364755
v -0.311400 0.627259 0.246927
v 0.089618 0.199765 -0.399524
v -0.015741 0.051544 0.043593
v -0.031993 0.045353 0.015359
v -0.285387 0.697758 0.406639
v -0.292322 0.672519 0.421728
v -0.358748 0.632915 0.481624
v -0.079235 0.130182 0.469231
v 0.248922 0.203440 -0.275948
v -0.118143 0.896964 0.075402
v 0.038826 0.004059 0.100312
v 0.101936 0.029931 -0.066203
v 0.138279 0.035017 -0.005264
v 0.124433 0.023918 0.000379
v -0.230566 0.691856 0.261865
v -0.234935 0.687264 0.295928
v -0.232795 0.688546 0.277734
v 0.278927 0.261373 -0.136066
v 0.274408 0.255038 -0.142230
v -0.300823 0.845407 0.476118
v 0.005968 0.618087 -0.064233
v -0.010417 0.036859 0.231616
v -0.029888 0.032261 0.202851
v 0.432782 0.527346 -0.521953
v -0.331554 0.028270 -0.048658
v 0.265683 0.588628 -0.436158
v -0.239728 0.843106 0.302984
v -0.215435 0.840046 0.291880
v -0.263489 0.667494 -0.121906
v -0.366718 0.843709 0.179109
v -0.327514 0.698663 0.472522
v -0.366671 0.616074 0.150997
v 0.337153 0.053423 -0.426518
v 0.306558 0.021043 -0.439990
v 0.293559 0.142605 -0.071668
v 0.321314 0.168382 -0.058650
v -0.058841 0.670799 -0.021878
v -0.253410 0.604155 0.463798
v -0.256310 0.597601 0.456423
v 0.113674 0.166570 -0.113051
v 0.121633 0.158275 -0.102609
v 0.078544 0.574700 -0.385372
v -0.108443 0.478961 -0.201977
v -0.104383 0.454848 -0.208328
v -0.401210 0.839838 0.351777
v 0.002007 0.702564 -0.235011
v -0.383026 0.799606 0.315064
v 0.181421 0.052631 -0.095662
v 0.187168 0.055795 -0.096900
v -0.396396 0.683642 0.433101
v -0.399525 0.668247 0.425417
v -0.229568 0.891760 0.004309
v -0.310465 0.672041 0.508016
v -0.333803 0.671751 0.518433
v 0.138693 0.080821 -0.029245
v -0.173447 0.323625 0.077045
v 0.535615 0.176143 -0.323774
v 0.513537 0.129800 -0.339484
v -0.396243 0.257899 0.373917
v -0.197962 0.823283 0.261362
v -0.350484 0.852088 0.188055
v -0.337215 0.863547 0.177643
v 0.290238 0.571374 -0.419550
v 0.418743 0.104174 -0.387194
v -0.234816 0.209512 -0.045384
v -0.226146 0.636654 0.373349
v -0.221684 0.616172 0.363560
v -0.193544 0.649331 0.313743
v 0.109293 0.742987 -0.288469
v 0.375427 0.326014 -0.345062
v 0.310401 0.375501 -0.376041
v 0.045875 0.409145 -0.008137
v -0.281942 0.747990 0.190219
v -0.337414 0.678522 0.218500
v -0.340695 0.685833 0.196464
v -0.312381 0.889673 -0.008183
v -0.345249 0.677641 0.338027
v -0.364216 0.816954 0.110384
v 0.052385 0.181713 -0.150866
v 0.056153 0.186833 -0.151722
v 0.047704 0.197146 -0.156985
v 0.055827 0.190569 -0.147580
v -0.011106 0.025357 -0.417153
v -0.165248 0.631078 -0.043148
v -0.188313 0.088738 -0.071523
v 0.322617 0.132575 -0.140172
v 0.026935 0.231794 0.100802
v 0.020176 0.215939 0.119311
v 0.284408 0.049627 -0.118158
v 0.275816 0.045079 -0.120529
v 0.281627 0.037578 -0.115923
v -0.001249 0.144985 -0.299599
v -0.146187 0.703742 0.003485
v -0.163282 0.743729 -0.000398
v -0.159140 0.743778 -0.037242
v -0.162396 0.728252 -0.048762
v -0.258533 0.624061 0.342969
v 0.157374 0.093012 -0.078370
v -0.124669 0.933736 -0.143790
v -0.142354 0.912126 -0.113933
v -0.153690 0.900610 -0.094829
v -0.169447 0.886076 -0.067510
v 0.142921 0.208326 -0.145656
v 0.121381 0.233280 -0.154231
v 0.429404 0.386655 -0.346935
v -0.250771 0.770336 -0.132687
v -0.251986 0.750159 -0.133145
v -0.094761 0.727319 0.008025
v 0.348516 0.218573 -0.152204
v 0.339903 0.208832 -0.153157
v -0.323260 0.632302 0.192789
v -0.252263 0.812907 0.425861
v 0.196888 0.021037 -0.226270
v -0.136630 0.348450 0.044985
v 0.424399 0.360222 -0.327557
v 0.442064 0.354105 -0.325363
v 0.150281 0.458554 -0.442417
v 0.172784 0.542639 -0.445913
v 0.168226 0.507398 -0.448458
v 0.152358 0.488609 -0.443393
v -0.062712 0.287026 0.117228
v -0.399565 0.238289 0.090028
v -0.152224 0.370670 0.042873
v 0.049942 0.100026 -0.412499
v 0.139405 0.684279 -0.370714
v -0.273392 0.752711 0.207851
v -0.265617 0.751091 0.194596
v 0.065460 0.109990 0.063496
v 0.051867 0.125148 0.064690
v 0.057221 0.113773 0.067205
v -0.147831 0.841635 0.169900
v 0.241170 0.088739 -0.108992
v 0.184751 0.096121 -0.077626
v -0.010210 0.223341 -0.115659
v -0.005000 0.186463 -0.088267
v 0.245175 0.554928 -0.235889
v -0.010211 0.156779 -0.373893
v -0.013657 0.169497 -0.362558
v 0.219508 0.198422 -0.173101
v 0.229807 0.190402 -0.183394
v 0.484603 0.570854 -0.535883
v -0.208022 0.862861 -0.009849
v -0.102517 0.579542 -0.098100
v -0.089814 0.612272 -0.095641
v 0.258355 0.396015 -0.153026
v -0.376255 0.658271 0.382053
v -0.373203 0.658174 0.364462
v -0.421991 0.677164 0.422612
v -0.075048 0.725984 -0.004652
v -0.078531 0.727463 0.005628
v -0.084651 0.712356 0.009165
v -0.156209 0.459975 0.127304
v 0.223569 0.567318 -0.437916
v 0.261874 0.232139 -0.147782
v -0.263068 0.665619 0.368928
v -0.174926 0.337316 0.059884
v -0.171078 0.336099 0.070255
v -0.396981 0.618790 0.248180
v 0.322862 0.193887 -0.155517
v -0.276600 0.746785 0.406384
v 0.349248 0.323500 -0.360133
v -0.361108 0.700166 0.498812
v -0.041738 0.028237 0.150027
v -0.398072 0.725659 0.542775
v 0.261296 0.383840 -0.160297
v 0.268619 0.374443 -0.168896
v -0.184563 0.635129 0.242973
v -0.192136 0.647267 0.230188
v 0.394354 0.646016 -0.486858
v 0.032669 0.102829 0.227197
v 0.219147 0.375690 -0.424992
v 0.183955 0.395256 -0.438924
v -0.359162 0.305213 0.380049
v -0.359007 0.319819 0.381583
v -0.309294 0.308844 0.402385
v -0.313505 0.294455 0.401031
v -0.107229 0.006154 0.417747
v -0.016555 0.241303 -0.133897
v -0.031330 0.257935 -0.149389
v -0.016678 0.283620 -0.153793
v -0.007403 0.288757 -0.153118
v -0.012707 0.296723 -0.156242
v -0.008310 0.307131 -0.159432
v 0.491857 0.071197 -0.221408
v 0.481551 0.093574 -0.203318
v -0.453055 0.090664 0.277835
v -0.470451 0.078884 0.260192
v -0.302276 0.638567 0.527353
v -0.311372 0.781934 -0.072999
v -0.293578 0.777594 -0.085729
v -0.229973 0.589264 0.196804
v -0.174113 0.908348 0.012562
v -0.001824 0.676944 -0.286108
v 0.493764 0.656575 -0.503301
v 0.489392 0.659331 -0.513897
v 0.264254 0.434772 -0.177660
v -0.457447 0.644136 0.473384
v 0.270773 0.034183 -0.104601
v -0.267021 0.196565 0.408419
v 0.257179 0.471487 -0.180265
v 0.256290 0.473836 -0.184703
v -0.279109 0.147975 0.408912
v -0.264064 0.599615 0.466721
v 0.237047 0.143442 -0.331880
v -0.034756 0.146113 -0.296517
v -0.316535 0.681512 0.191489
v -0.402373 0.819248 0.206602
v 0.345627 0.193703 -0.294638
v -0.332185 0.868464 0.411669
v 0.243264 0.363957 -0.233838
v 0.034402 0.436762 -0.203355
v 0.143674 0.068068 -0.020746
v 0.137426 0.080556 -0.014227
v -0.090716 0.665636 0.014572
v -0.090852 0.658603 0.006721
v -0.481227 0.037763 0.291798
v -0.274161 0.627164 0.168747
v -0.272652 0.633164 0.196440
v -0.287667 0.631252 0.179616
v 0.300722 0.303274 -0.118655
v 0.273524 0.473895 -0.431271
v 0.174756 0.704116 -0.308277
v 0.156921 0.713212 -0.295635
v 0.039341 0.134603 -0.158693
v 0.039372 0.173674 -0.160947
v 0.498865 0.276800 -0.401110
v 0.364656 0.316380 -0.173072
v 0.363653 0.310385 -0.174588
v 0.364245 0.256994 -0.156150
v 0.381265 0.272044 -0.159624
v 0.374898 0.289801 -0.168300
v -0.167236 0.494413 -0.005242
v -0.162671 0.514568 -0.011554
v -0.156003 0.537396 -0.024718
v -0.171439 0.524102 -0.012160
v -0.163266 0.533209 -0.027527
v -0.310369 0.766449 0.436534
v -0.043445 0.070561 -0.358885
v 0.287001 0.321382 -0.362854
v 0.286751 0.011600 -0.438902
v -0.304016 0.707563 0.179880
v 0.301806 0.131616 -0.126535
v 0.186007 0.046852 0.066597
v 0.184400 0.047982 0.037677
v -0.198128 0.391195 0.075240
v -0.354328 0.594787 0.157680
v 0.240201 0.207433 -0.302646
v -0.209644 0.835761 0.023290
v -0.378009 0.810619 0.423388
v -0.414487 0.844895 0.381994
v 0.405912 0.490901 -0.479856
v -0.549236 0.037473 0.220766
v -0.376640 0.599199 0.333656
v -0.008163 0.266099 -0.143531
v -0.407012 0.663371 0.398636
v 0.113046 0.725684 -0.265968
v 0.369262 0.007449 -0.409085
v -0.260710 0.743697 -0.114006
v -0.308575 0.645398 -0.036065
v 0.262506 0.185341 -0.292891
v 0.035836 0.081052 -0.297387
v -0.281468 0.707531 0.213889
v -0.397168 0.747914 0.324632
v -0.223674 0.616531 0.353153
v -0.206741 0.616181 0.323204
v -0.208625 0.612133 0.335321
v -0.313761 0.680725 0.454864
v -0.326552 0.673536 0.450828
v 0.197028 0.312194 -0.397159
v -0.324754 0.095324 0.382669
v 0.088636 0.014827 -0.197646
v 0.115574 0.030623 -0.154510
v -0.161592 0.621949 0.258695
v 0.110828 0.154011 -0.122893
v 0.055770 0.120361 0.062061
v -0.433266 0.802629 0.409789
v 0.345223 0.023404 -0.084583
v -0.112811 0.627461 0.075313
v 0.186339 0.717805 -0.357287
v -0.387975 0.662822 0.341024
v -0.383785 0.660252 0.346915
v 0.016161 0.162920 -0.331848
v -0.214674 0.160136 0.386977
v -0.251831 0.162749 0.404689
v 0.304732 0.142582 -0.134474
v 0.217689 0.054637 -0.120182
v 0.195668 0.462563 -0.451330
v -0.081454 0.025087 0.202895
v -0.457954 0.097670 0.237588
v 0.079696 0.315483 -0.200176
v 0.070609 0.311518 -0.197614
v 0.072903 0.309298 -0.197217
v -0.421940 0.618474 0.424552
v 0.101810 0.391724 -0.236102
v 0.095371 0.364066 -0.219895
v 0.101289 0.362176 -0.218998
v -0.334236 0.675392 0.219784
v -0.132263 0.542057 -0.030593
v -0.122694 0.551963 -0.039393
v -0.204644 0.715789 0.245635
v -0.196494 0.861838 0.224608
v 0.258939 0.642830 -0.322005
v -0.310344 0.191421 0.051695
v -0.281462 0.182215 0.025569
v -0.380801 0.845477 0.198335
v -0.146243 0.405709 -0.000703
v -0.046841 0.639853 -0.097721
v -0.228959 0.327856 0.361856
v -0.241379 0.664917 -0.059089
v -0.411255 0.663355 0.409207
v -0.411728 0.668632 0.398461
v -0.377646 0.712925 0.177913
v -0.141646 0.460558 0.016796
v -0.394078 0.843472 0.230040
v -0.166159 0.009904 -0.009422
v -0.162607 0.032204 -0.033310
v 0.249178 0.099481 -0.102455
v 0.254341 0.092380 -0.095846
v 0.249164 0.097107 -0.093745
v -0.158464 0.318818 0.065670
v -0.108079 0.477149 -0.004879
v -0.112878 0.585903 -0.045704
v -0.117667 0.578716 -0.055802
v -0.260145 0.661667 -0.037832
v 0.002913 0.031375 0.101246
v 0.006978 0.039726 0.096212
v 0.012648 0.048936 0.089222
v -0.360867 0.063375 0.342128
v -0.176136 0.437666 0.056691
v 0.011180 0.262189 -0.239293
v 0.285354 0.254506 -0.139240
v -0.286960 0.627915 0.257433
v -0.290898 0.620979 0.267594
v 0.099760 0.271278 -0.167448
v 0.146169 0.070684 0.007758
v -0.177543 0.364243 0.291030
v -0.163043 0.350277 0.267570
v -0.111376 0.310633 0.082453
v -0.103869 0.324854 0.076883
v -0.398665 0.665244 0.405431
v -0.134684 0.004557 0.369407
v -0.324472 0.862077 0.064831
v 0.000222 0.165738 0.196403
v -0.333623 0.002394 -0.017976
v -0.331673 0.003676 0.010622
v -0.361030 0.257024 0.106675
v -0.292469 0.754125 0.270751
v -0.295054 0.756589 0.258877
v -0.285822 0.758917 0.268707
v -0.280851 0.757647 0.258889
v 0.310576 0.082797 -0.099356
v 0.308493 0.078664 -0.097613
v -0.322234 0.602664 0.370628
v 0.226916 0.206891 -0.209843
v 0.219483 0.212393 -0.216151
v -0.276615 0.235521 0.411657
v 0.042305 0.457029 -0.218891
v -0.043897 0.335207 -0.185448
v -0.285372 0.692366 0.296950
v 0.301741 0.268253 -0.152931
v -0.250499 0.717338 0.200162
v -0.262935 0.720083 0.192280
v -0.061069 0.655241 -0.176995
v 0.028034 0.447856 -0.219362
v 0.333958 0.397576 -0.378979
v 0.341704 0.386112 -0.374949
v 0.327509 0.429667 -0.386898
v 0.335661 0.398862 -0.377535
v -0.160227 0.362294 0.022499
v -0.339094 0.637679 0.185681
v -0.082899 0.281275 0.132976
v -0.101978 0.300464 0.099593
v 0.327387 0.543117 -0.421629
v 0.355830 0.218103 -0.155683
v 0.358745 0.209052 -0.154739
v 0.304884 0.173857 -0.145658
v 0.357407 0.310573 -0.175541
v -0.388427 0.670573 0.335521
v -0.393165 0.667871 0.329797
v -0.385069 0.665103 0.331103
v -0.392114 0.675573 0.343640
v 0.443719 0.263964 -0.428442
v 0.457525 0.222421 -0.412096
v 0.212748 0.480762 -0.226313
v 0.219650 0.531592 -0.221370
v 0.241462 0.493736 -0.233360
v 0.356582 0.248302 -0.153458
v 0.357715 0.263437 -0.162636
v 0.310414 0.257950 -0.155293
v -0.267488 0.658221 0.357700
v 0.103662 0.662549 -0.379922
v -0.292903 0.681040 0.444788
v -0.155269 0.361182 0.055523
v -0.355732 0.852729 0.229407
v 0.049405 0.561357 -0.350513
v -0.379123 0.603813 0.278944
v -0.366206 0.616582 0.264052
v 0.243139 0.665698 -0.398297
v 0.262635 0.646591 -0.411451
v -0.324908 0.456118 0.314793
v -0.326495 0.440917 0.321143
v 0.129216 0.075999 -0.082651
v 0.140500 0.080260 -0.084356
v 0.150948 0.081440 -0.087740
v 0.155447 0.646011 -0.163800
v 0.160805 0.598415 -0.161632
v 0.179107 0.588112 -0.180370
v -0.162788 0.523471 0.022028
v 0.115598 0.174867 -0.123359
v 0.109355 0.159535 -0.119717
v 0.109460 0.164974 -0.125093
v -0.191850 0.613707 0.292729
v -0.285365 0.629232 0.163207
v 0.027846 0.751169 -0.210084
v 0.299772 0.317078 -0.150786
v -0.246622 0.005857 0.248752
v 0.258070 0.432558 -0.427448
v 0.189507 0.057684 -0.094285
v 0.193571 0.050798 -0.097364
v 0.314891 0.160872 -0.140588
v 0.312997 0.167259 -0.144791
v -0.405010 0.344836 0.317166
v -0.143060 0.849031 0.140423
v -0.020617 0.103873 -0.039454
v -0.011297 0.134271 -0.055857
v -0.344885 0.715092 0.135302
v -0.350604 0.711538 0.151743
v -0.469240 0.618722 0.449591
v -0.290883 0.628109 0.147670
v -0.292651 0.626630 0.160229
v 0.012731 0.466752 0.006922
v -0.368866 0.068638 0.161056
v -0.360766 0.064501 0.152229
v -0.128355 0.609158 0.148114
v 0.138792 0.560988 -0.149565
v 0.128695 0.537114 -0.162873
v -0.428735 0.187015 0.318752
v -0.429766 0.235160 0.316620
v -0.409638 0.164211 0.352840
v 0.277275 0.025602 -0.245277
v 0.257825 0.025865 -0.237181
v -0.012384 0.637042 -0.303760
v -0.022247 0.167825 0.339129
v 0.067415 0.190668 -0.383379
v -0.155849 0.630372 0.254553
v -0.320419 0.670360 0.431730
v -0.084856 0.792464 0.052736
v 0.127031 0.036985 0.014528
v 0.126546 0.039992 0.010102
v -0.470248 0.795591 0.393376
v 0.351948 0.497874 -0.485028
v 0.124384 0.137590 -0.094977
v -0.097755 0.646867 0.064555
v -0.128095 0.014731 -0.014053
v -0.003830 0.139003 -0.255035
v -0.007242 0.182128 -0.248295
v 0.005199 0.141813 -0.212482
v 0.476732 0.048248 -0.235465
v 0.352063 0.224338 -0.151010
v 0.345069 0.239381 -0.150075
v 0.330283 0.242010 -0.153040
v 0.358577 0.242238 -0.151181
v 0.105083 0.375686 -0.227191
v 0.109989 0.379057 -0.223370
v 0.119387 0.392468 -0.227926
v 0.111527 0.384050 -0.226063
v -0.321191 0.802793 -0.008539
v -0.322076 0.826579 -0.028440
v 0.055021 0.156998 -0.147704
v 0.053926 0.163394 -0.150109
v -0.147458 0.461582 0.014742
v -0.304542 0.847362 0.300691
v 0.148737 0.088705 -0.089697
v 0.190603 0.497153 -0.228564
v -0.138486 0.284661 0.201594
v -0.039718 0.140798 -0.292376
v -0.026895 0.147000 -0.298282
v -0.040857 0.147017 -0.294503
v -0.327439 0.738996 0.192291
v -0.331102 0.738048 0.200779
v -0.323333 0.742350 0.191910
v -0.300502 0.742391 0.183134
v -0.332411 0.692966 0.169437
v -0.163874 0.502592 0.048409
v 0.185291 0.281957 -0.193890
v 0.344811 0.218201 -0.158440
v 0.346232 0.232595 -0.168037
v 0.349490 0.225379 -0.158616
v 0.345094 0.215656 -0.157986
v 0.338507 0.213611 -0.158942
v 0.337141 0.214694 -0.163816
v 0.349813 0.238890 -0.159637
v 0.301535 0.118742 -0.117455
v 0.307645 0.124272 -0.122468
v 0.302533 0.119879 -0.123568
v 0.343752 0.272245 -0.161184
v -0.167530 0.615439 0.255819
v 0.289736 0.023736 -0.226007
v -0.221708 0.036246 -0.021157
v 0.202159 0.134298 -0.068344
v 0.232918 0.160944 -0.068827
v -0.280531 0.752496 0.234843
v -0.284433 0.752921 0.246056
v -0.286590 0.756517 0.253308
v 0.327090 0.451030 -0.468378
v 0.346089 0.412889 -0.460520
v -0.057557 0.682822 -0.125680
v 0.336302 0.208503 -0.161511
v 0.347778 0.213636 -0.154925
v 0.358494 0.238229 -0.161412
v 0.353400 0.244152 -0.163628
v 0.357047 0.228668 -0.155056
v 0.358120 0.218843 -0.152342
v -0.253900 0.502738 0.275019
v -0.394338 0.149241 0.063573
v -0.467300 0.817077 0.424305
v 0.294571 0.105170 -0.352464
v 0.299679 0.105988 -0.358382
v -0.302415 0.663597 0.423709
v -0.293967 0.672123 0.407286
v -0.294465 0.681293 0.410509
v -0.295456 0.667635 0.397372
v -0.298451 0.681196 0.404274
v 0.285118 0.243571 -0.144027
v 0.298544 0.264490 -0.152638
v 0.289808 0.256754 -0.143606
v 0.114248 0.157933 -0.124805
v 0.110378 0.158842 -0.126328
v 0.066489 0.700075 -0.155894
v 0.136237 0.051887 0.018495
v -0.271525 0.027690 -0.094595
v 0.453086 0.549748 -0.509294
v 0.469034 0.536266 -0.522795
v 0.290450 0.317085 -0.128766
v 0.292690 0.313324 -0.136233
v -0.109456 0.810053 0.111536
v -0.050585 0.481093 -0.246562
v 0.325952 0.186952 -0.164693
v -0.269491 0.761191 0.375238
v -0.285250 0.757488 0.382788
v 0.175634 0.627002 -0.176836
v 0.366148 0.181867 -0.135320
v 0.075127 0.477058 -0.058714
v 0.275690 0.485008 -0.180563
v -0.063112 0.239020 0.275911
v -0.193218 0.853654 0.011915
v -0.191283 0.853897 0.042744
v -0.286883 0.260822 0.115432
v 0.051089 0.597094 -0.060886
v 0.089484 0.604236 -0.094166
v 0.319150 0.180729 -0.286111
v -0.335859 0.681082 0.297289
v -0.162466 0.284747 -0.134471
v -0.180737 0.257540 -0.113805
v -0.159189 0.230759 -0.127350
v 0.020882 0.176219 -0.182327
v -0.181060 0.438844 0.095476
v -0.191036 0.408437 0.110051
v 0.378547 0.227090 -0.329642
v -0.273326 0.831765 -0.046576
v 0.306186 0.169326 -0.154153
v -0.168155 0.464717 0.024215
v -0.166765 0.459448 0.034252
v -0.303144 0.870062 0.281198
v -0.106733 0.658056 0.035424
v 0.336018 0.046260 -0.083962
v 0.109686 0.152648 -0.124769
v 0.103466 0.137711 -0.130077
v 0.111577 0.154736 -0.127527
v 0.351833 0.319267 -0.179056
v -0.426406 0.669730 0.403838
v 0.248094 0.094962 -0.104314
v 0.245887 0.086673 -0.110470
v 0.351432 0.144573 -0.127449
v 0.344770 0.142682 -0.126202
v -0.295313 0.740129 0.174193
v 0.007149 0.622584 -0.327163
v -0.002925 0.613892 -0.313110
v -0.107955 0.326807 0.077063
v -0.103646 0.331200 0.073052
v 0.071968 0.080376 -0.432828
v 0.189279 0.083816 -0.019018
v 0.256652 0.244468 -0.319211
v 0.242880 0.246266 -0.327778
v 0.507005 0.230653 -0.262239
v 0.307906 0.080216 -0.109643
v -0.284611 0.874416 0.252571
v -0.235401 0.652564 0.362901
v -0.266567 0.817065 -0.106076
v -0.260311 0.826991 -0.122833
v -0.126690 0.655648 0.022940
v -0.126422 0.650349 0.021347
v -0.047145 0.131768 0.466486
v 0.080400 0.485085 -0.346496
v -0.388364 0.653524 0.383999
v -0.419326 0.240729 0.104297
v 0.356652 0.310938 -0.347833
v 0.350805 0.307588 -0.351920
v 0.366750 0.285644 -0.343760
v 0.181173 0.042646 -0.429260
v -0.162825 0.350238 0.244200
v -0.150757 0.446844 -0.072633
v -0.153841 0.454503 -0.099876
v -0.165841 0.421335 -0.113941
v 0.297749 0.344934 -0.111842
v -0.155436 0.942938 -0.102547
v -0.204347 0.915498 -0.024037
v 0.263418 0.192109 -0.163822
v -0.279530 0.696863 0.269989
v -0.276644 0.696811 0.272385
v -0.272063 0.699601 0.253284
v 0.074645 0.745065 -0.251826
v -0.318374 0.050905 -0.059929
v -0.323047 0.696971 0.483240
v 0.161182 0.010712 -0.147562
v -0.125129 0.544824 -0.021928
v 0.048634 0.257373 -0.175379
v 0.060964 0.247775 -0.168210
v -0.244907 0.224699 -0.018325
v -0.229597 0.257714 -0.021237
v -0.234853 0.255604 0.015048
v -0.116091 0.271571 0.195012
v -0.194458 0.699329 0.274491
v 0.183945 0.369350 -0.431123
v 0.282153 0.298811 -0.347044
v 0.271309 0.294672 -0.338217
v 0.141360 0.707193 -0.344541
v -0.245688 0.124618 -0.091350
v -0.086006 0.706113 0.062612
v -0.168306 0.345312 0.278626
v -0.104526 0.590349 -0.057345
v -0.265523 0.824093 0.424300
v -0.170609 0.883989 -0.054128
v -0.166188 0.885013 -0.051863
v -0.168992 0.884238 -0.044373
v -0.175427 0.879799 -0.036259
v -0.164162 0.692494 -0.060950
v -0.153710 0.023891 0.407916
v 0.298847 0.071478 -0.112591
v -0.271127 0.660241 0.364356
v -0.295224 0.756920 0.271952
v -0.344713 0.681161 0.379273
v 0.360803 0.163997 -0.130608
v -0.016618 0.268526 -0.148862
v -0.016232 0.205541 0.124985
v 0.381242 0.150685 -0.172375
v -0.314067 0.632883 0.174881
v -0.310663 0.636214 0.183847
v 0.347298 0.136841 -0.127221
v -0.172208 0.415000 0.164862
v 0.036261 0.294012 -0.343324
v -0.018772 0.138161 -0.297881
v -0.011660 0.136171 -0.303004
v -0.018997 0.136794 -0.294549
v -0.449626 0.646626 0.455195
v 0.041647 0.721702 -0.203829
v 0.035080 0.747783 -0.212112
v 0.387043 0.135601 -0.375787
v -0.415436 0.693218 0.427093
v 0.126026 0.350618 -0.417124
v 0.100025 0.326124 -0.400115
v 0.088393 0.349863 -0.392731
v -0.341708 0.772999 0.318189
v 0.074114 0.138680 0.132847
v -0.402697 0.857578 0.375720
v -0.451302 0.588704 0.393678
v -0.297059 0.526927 0.241703
v -0.426883 0.101115 0.257659
v -0.119808 0.640268 0.148815
v 0.336716 0.272280 -0.160979
v 0.343553 0.267420 -0.159965
v -0.088757 0.613174 -0.163888
v 0.307116 0.073087 -0.108757
v -0.223065 0.696490 0.268636
v -0.217982 0.699390 0.255471
v -0.009040 0.074000 0.020516
v -0.031760 0.063479 -0.004186
v 0.049789 0.668070 -0.113588
v -0.040934 0.024232 0.115868
v -0.049981 0.012478 0.079700
v 0.435551 0.611169 -0.516583
v -0.056708 0.661272 -0.011412
v -0.099407 0.391405 -0.202596
v -0.127253 0.393214 -0.180752
v 0.138786 0.067648 -0.025782
v 0.138146 0.075545 -0.021549
v -0.098332 0.666150 0.025849
v -0.096699 0.662364 0.028251
v -0.251517 0.708583 0.219929
v -0.244522 0.712034 0.221878
v 0.263328 0.423896 -0.175457
v -0.148865 0.749544 0.019105
v -0.133800 0.724616 0.023843
v -0.131471 0.747974 0.025250
v 0.338844 0.110944 -0.137739
v -0.475104 0.062019 0.291485
v 0.042594 0.240426 0.005302
v 0.048583 0.271326 -0.004412
v -0.072373 0.710661 0.027465
v -0.156905 0.383804 -0.004309
v -0.156122 0.411247 0.029952
v 0.178959 0.061863 -0.087929
v -0.502743 0.046253 0.258527
v -0.520922 0.032886 0.268064
v -0.229890 0.697322 0.276973
v -0.221710 0.696214 0.275645
v 0.328870 0.119483 -0.116887
v -0.410938 0.120383 0.118106
v -0.249396 0.668371 -0.054940
v -0.251099 0.668028 -0.059481
v -0.249305 0.663930 -0.052754
v -0.180795 0.870851 -0.033085
v -0.181862 0.870898 -0.039472
v -0.129946 0.841052 0.144463
v -0.266415 0.617729 0.491245
v -0.267540 0.606267 0.486330
v 0.390807 0.364003 -0.453604
v 0.250463 0.211761 -0.289953
v 0.192220 0.597059 -0.430734
v 0.134843 0.586537 -0.423998
v 0.157931 0.629428 -0.415752
v -0.077614 0.331642 0.077082
v -0.052032 0.307377 0.093564
v -0.413552 0.176142 0.082390
v -0.365071 0.677300 0.370776
v -0.038232 0.092463 -0.350217
v -0.051154 0.091428 -0.355532
v -0.304900 0.617745 0.111736
v -0.329683 0.607973 0.107642
v 0.008485 0.223203 -0.095494
v 0.037262 0.254614 -0.077098
v 0.317969 0.363038 -0.104056
v -0.135975 0.565670 0.041063
v -0.276456 0.022232 0.328090
v -0.215387 0.645232 0.261700
v -0.152553 0.403378 0.036705
v -0.148556 0.408451 0.034192
v 0.291982 0.356050 -0.178763
v 0.272036 0.036477 -0.115642
v -0.263393 0.528351 0.012111
v -0.097260 0.410806 0.028661
v -0.027646 0.381437 0.052753
v 0.308166 0.491303 -0.409548
v -0.149169 0.792921 0.187440
v -0.288951 0.626327 0.170595
v 0.329321 0.408085 -0.384699
v -0.036591 0.129761 -0.288977
v -0.042383 0.137644 -0.289385
v 0.290909 0.343367 -0.130360
v 0.288228 0.349222 -0.137582
v 0.280932 0.358671 -0.148621
v -0.483887 0.044470 0.295116
v 0.461977 0.081454 -0.185797
v -0.308866 0.406638 0.094536
v 0.309358 0.362986 -0.122930
v 0.335013 0.370479 -0.122822
v -0.193306 0.644726 0.244169
v -0.402590 0.619398 0.280558
v 0.119412 0.138138 -0.399317
v 0.007751 0.026764 0.098523
v 0.303004 0.287562 -0.126696
v 0.326113 0.215951 -0.161311
v 0.317522 0.185177 -0.154158
v 0.100303 0.524911 -0.405832
v 0.103490 0.565009 -0.405038
v 0.350651 0.280887 -0.159363
v 0.359457 0.284744 -0.165075
v 0.513083 0.251715 -0.284914
v 0.335822 0.205807 -0.145976
v -0.342076 0.809547 0.454615
v -0.350353 0.816545 0.434546
v -0.309939 0.674034 0.439983
v -0.308133 0.665433 0.436906
v 0.381906 0.498240 -0.467699
v -0.016392 0.372721 -0.193752
v -0.380431 0.670588 0.365945
v -0.215001 0.124819 -0.107816
v 0.394415 0.291119 -0.422839
v 0.300264 0.509049 -0.450180
v -0.183397 0.871448 -0.025480
v -0.186503 0.866692 -0.029116
v -0.303867 0.743492 0.197271
v -0.307488 0.744792 0.191489
v -0.327502 0.739688 0.198426
v -0.330978 0.740095 0.197770
v -0.331305 0.742323 0.197238
v -0.334442 0.739947 0.192289
v -0.188893 0.392368 0.082023
v 0.302326 0.101006 -0.124089
v -0.304068 0.758155 0.265545
v 0.523347 0.121397 -0.315418
v -0.208910 0.744772 0.325262
v -0.423820 0.799136 0.325560
v -0.420872 0.680214 0.392897
v -0.333573 0.015452 0.193773
v -0.324481 0.013139 0.210771
v 0.105835 0.494068 -0.237836
v 0.247028 0.323968 -0.372376
v -0.425223 0.770642 0.391372
v 0.051038 0.325770 -0.082343
v 0.011032 0.236296 -0.317743
v 0.297531 0.307712 -0.125309
v 0.309080 0.281091 -0.156916
v 0.138752 0.062575 -0.092791
v 0.139774 0.066182 -0.096834
v -0.076312 0.665355 -0.099535
v 0.312253 0.077117 -0.099893
v 0.048795 0.054104 -0.289969
v 0.051088 0.040481 -0.275362
v 0.343009 0.524213 -0.415670
v -0.376818 0.431738 0.189057
v -0.156249 0.544487 -0.028109
v 0.298146 0.301038 -0.142317
v 0.359348 0.229242 -0.158239
v 0.244174 0.078202 -0.021143
v 0.421991 0.315931 -0.307885
v -0.306468 0.742294 0.174667
v -0.148259 0.476996 -0.127047
v -0.139031 0.479504 -0.076453
v -0.132388 0.517943 -0.110316
v -0.389727 0.722065 0.193671
v 0.076205 0.025095 -0.190472
v -0.415412 0.681929 0.426596
v 0.118568 0.080824 -0.054990
v -0.327539 0.658594 0.535604
v -0.301179 0.697919 0.232461
v 0.036580 0.713698 -0.187110
v -0.384973 0.664808 0.350416
v -0.382654 0.675899 0.358395
v 0.317698 0.489186 -0.406500
v 0.338944 0.338484 -0.369463
v -0.245945 0.666123 -0.070715
v -0.007298 0.183332 -0.271356
v -0.159531 0.881920 -0.047509
v -0.108762 0.977135 -0.168646
v -0.105628 0.036497 -0.028974
v -0.083051 0.021325 0.004048
v -0.307897 0.773281 0.326563
v 0.124111 0.025467 0.008576
v 0.285098 0.060662 -0.425366
v 0.439173 0.189740 -0.208436
v 0.440650 0.212857 -0.229589
v 0.414295 0.183823 -0.209993
v 0.297149 0.082523 -0.103473
v 0.309867 0.091548 -0.104678
v 0.314470 0.176983 -0.151068
v 0.319148 0.172317 -0.147410
v 0.309407 0.172816 -0.145476
v 0.317194 0.172109 -0.144315
v 0.296600 0.535969 -0.410614
v 0.297671 0.354843 -0.175192
v 0.293935 0.211463 -0.156424
v 0.306429 0.177443 -0.146081
v 0.311889 0.189393 -0.149316
v -0.288252 0.371250 0.101135
v -0.347575 0.326044 0.148074
v 0.002292 0.586024 -0.041773
v 0.131615 0.050653 -0.092575
v 0.134879 0.050440 -0.094380
v -0.277230 0.751148 0.199086
v 0.418793 0.082130 -0.155727
v -0.010095 0.468633 -0.243942
v -0.389162 0.664031 0.389234
v -0.396328 0.662055 0.392495
v -0.386475 0.653714 0.336199
v -0.372933 0.655367 0.310359
v -0.373781 0.650886 0.309653
v 0.332702 0.145369 -0.141455
v 0.325952 0.158901 -0.153027
v -0.262917 0.572397 0.202146
v 0.154369 0.267772 -0.384597
v 0.109904 0.596930 -0.408677
v -0.034746 0.126717 -0.303359
v 0.026706 0.604379 -0.341308
v -0.059385 0.036081 0.431880
v -0.132403 0.778241 0.156252
v -0.145985 0.790234 0.173339
v 0.017180 0.541518 -0.024191
v 0.015563 0.500208 -0.007218
v -0.286173 0.690035 0.401505
v 0.181399 0.373601 -0.206235
v 0.021358 0.039192 0.087344
v 0.015375 0.043784 0.088185
v 0.152617 0.055287 -0.088480
v 0.168429 0.055437 -0.090397
v -0.251422 0.747710 -0.071615
v -0.355291 0.818395 0.407828
v -0.345549 0.814772 0.400288
v -0.200495 0.348706 0.108645
v 0.425397 0.132669 -0.168399
v -0.367370 0.618019 0.432087
v -0.396447 0.610293 0.414802
v -0.155230 0.691919 -0.019492
v -0.157915 0.690356 -0.057973
v 0.110018 0.490724 -0.242813
v -0.143486 0.674183 0.192334
v 0.189772 0.685346 -0.233269
v 0.170441 0.672961 -0.190265
v -0.399335 0.672760 0.368500
v -0.403458 0.667020 0.383197
v -0.401589 0.660181 0.378204
v -0.031308 0.118485 -0.404641
v -0.208689 0.852297 0.015825
v 0.097967 0.036682 -0.157520
v -0.299190 0.485442 0.063844
v -0.031367 0.132123 -0.292924
v -0.026250 0.132247 -0.294192
v -0.215933 0.933576 0.052179
v -0.303409 0.690675 0.464980
v -0.202223 0.024464 0.315988
v 0.001100 0.250919 -0.275594
v 0.315999 0.333934 -0.170284
v 0.308997 0.330436 -0.162222
v 0.302075 0.329627 -0.160716
v -0.338477 0.643552 0.072652
v -0.398286 0.659552 0.402012
v -0.404519 0.668916 0.401599
v -0.045344 0.009410 0.358043
v -0.008682 0.499743 0.003639
v 0.298814 0.361054 -0.179623
v 0.058988 0.385191 -0.030920
v -0.278864 0.775228 0.425962
v -0.291216 0.769244 0.426961
v -0.197558 0.391051 0.129958
v -0.323542 0.712686 0.151191
v -0.370688 0.040395 0.091907
v -0.338161 0.611616 0.122652
v -0.329376 0.615872 0.112179
v -0.341189 0.605204 0.119534
v -0.034062 0.653056 -0.266035
v 0.399385 0.490936 -0.490797
v -0.323900 0.739519 0.186140
v -0.283373 0.584957 0.175089
v -0.276697 0.600686 0.172027
v -0.154892 0.626971 0.195180
v 0.097342 0.126189 -0.134449
v 0.087212 0.122714 -0.136079
v -0.129033 0.622077 0.112752
v -0.293275 0.752215 0.244835
v -0.005296 0.408501 0.034822
v -0.005138 0.378208 0.039837
v 0.014574 0.394392 0.024809
v 0.052782 0.120463 -0.403983
v 0.414050 0.669021 -0.470283
v 0.056131 0.342454 -0.056031
v -0.119489 0.508598 -0.180330
v -0.350291 0.674700 0.229693
v -0.340798 0.674280 0.214337
v -0.170505 0.613844 0.266088
v 0.294865 0.523898 -0.440503
v 0.397663 0.152946 -0.170708
v -0.325919 0.712812 -0.024851
v 0.088391 0.069106 -0.147451
v 0.128272 0.437772 -0.250951
v -0.043803 0.160505 0.405028
v 0.359264 0.297142 -0.359768
v -0.146148 0.020083 0.104350
v 0.310944 0.183744 -0.168318
v 0.309965 0.179492 -0.168183
v 0.384015 0.271058 -0.356000
v 0.364970 0.025584 -0.068220
v 0.114540 0.178453 -0.134374
v -0.315808 0.739835 -0.044808
v 0.160416 0.565014 -0.437710
v 0.162216 0.603289 -0.428314
v -0.415425 0.719004 0.550516
v -0.524626 0.095791 0.175401
v 0.292206 0.334791 -0.126503
v 0.310398 0.155507 -0.135529
v 0.321085 0.176065 -0.145045
v 0.295146 0.583311 -0.431607
v 0.251599 0.603566 -0.423856
v -0.141106 0.613504 0.144835
v -0.129990 0.608243 0.164785
v -0.341351 0.388648 0.134400
v -0.524086 0.040983 0.274485
v 0.039221 0.204212 -0.166794
v 0.044731 0.251414 -0.178017
v -0.209752 0.706574 0.267811
v 0.055075 0.236960 -0.161547
v -0.217307 0.641105 0.352452
v -0.239242 0.667559 -0.069783
v -0.236083 0.667356 -0.063449
v -0.281837 0.057086 0.368065
v -0.296404 0.068230 0.378782
v -0.286127 0.758337 0.284713
v -0.300927 0.760521 0.277530
v -0.320151 0.636183 0.133575
v -0.312533 0.635270 0.140925
v -0.311892 0.638095 0.130579
v 0.028039 0.138981 0.051226
v 0.113777 0.599218 -0.113219
v 0.135449 0.627653 -0.141298
v 0.108877 0.646097 -0.125942
v 0.136387 0.587962 -0.134014
v 0.142023 0.588074 -0.144454
v -0.360464 0.826623 0.260088
v -0.035195 0.090583 -0.349773
v -0.040337 0.084025 -0.347533
v -0.044955 0.081848 -0.343317
v -0.054416 0.075588 -0.343597
v 0.113721 0.163987 -0.119728
v -0.206134 0.622541 0.341765
v 0.060142 0.265757 -0.174599
v -0.024024 0.042702 0.051309
v -0.049730 0.028653 0.025789
v 0.124110 0.086878 -0.079839
v 0.120224 0.071937 -0.084379
v -0.034557 0.154440 0.368276
v 0.254489 0.095300 -0.106025
v 0.126564 0.054299 -0.080922
v 0.148683 0.047914 -0.019572
v -0.176659 0.385080 -0.080265
v -0.173925 0.374327 -0.042488
v -0.286664 0.611446 0.338105
v 0.357615 0.284739 -0.168623
v 0.219869 0.069748 -0.112491
v 0.223188 0.065151 -0.116656
v 0.211135 0.064703 -0.108635
v -0.055493 0.089807 0.294244
v -0.308836 0.702666 0.231975
v -0.287413 0.702646 0.230418
v -0.304258 0.706193 0.230789
v 0.505674 0.138162 -0.230722
v -0.249456 0.247287 0.403284
v -0.276028 0.661768 0.430533
v 0.298896 0.050776 -0.112497
v 0.122820 0.526169 -0.422747
v 0.232877 0.407678 -0.430785
v 0.205053 0.422025 -0.443661
v 0.131889 0.073933 -0.031591
v -0.336735 0.714650 0.155981
v -0.016914 0.150999 -0.306258
v -0.039753 0.144523 -0.299831
v -0.026111 0.148874 -0.304984
v -0.030072 0.154943 -0.311781
v -0.009893 0.159069 -0.319836
v 0.277424 0.068867 -0.046145
v 0.131783 0.048025 0.003346
v -0.330960 0.046956 0.109751
v 0.485551 0.201953 -0.229507
v -0.362997 0.681299 0.403838
v -0.435723 0.660906 0.468913
v -0.129753 0.764818 0.169281
v -0.012058 0.309164 -0.165229
v 0.306152 0.084390 -0.117289
v 0.259923 0.423471 -0.167558
v 0.261166 0.438193 -0.171267
v 0.258306 0.409529 -0.165103
v 0.257738 0.424797 -0.159297
v 0.130166 0.058781 -0.092943
v 0.013357 0.161048 -0.328834
v 0.024636 0.162501 -0.344286
v 0.323390 0.493372 -0.401110
v 0.303271 0.539077 -0.443149
v -0.454325 0.109276 0.167915
v -0.476238 0.111185 0.209101
v -0.142537 0.613627 0.152805
v 0.343803 0.330627 -0.177297
v 0.347877 0.320556 -0.174347
v -0.337793 0.604155 0.146485
v -0.346101 0.601918 0.141839
v 0.480430 0.222566 -0.408025
v 0.502971 0.297026 -0.312865
v 0.150003 0.189332 -0.404523
v 0.293353 0.317098 -0.113311
v -0.197268 0.268237 -0.092513
v 0.239034 0.072011 0.024022
v -0.417773 0.332099 0.300174
v 0.024838 0.058641 0.080563
v -0.193756 0.648742 0.219623
v 0.187583 0.048676 0.043472
v -0.458089 0.777383 0.351648
v 0.218429 0.691929 -0.378394
v -0.187038 0.616095 0.287818
v -0.002074 0.049070 -0.453377
v 0.264325 0.007841 -0.177638
v 0.240910 0.013941 -0.179864
v 0.403256 0.637610 -0.434907
v -0.421619 0.672143 0.407307
v 0.075750 0.347411 -0.224607
v 0.053521 0.191743 -0.154645
v 0.065358 0.198804 -0.151586
v 0.073332 0.161953 -0.143283
v 0.257961 0.463389 -0.172512
v 0.263238 0.457041 -0.177677
v 0.253660 0.465835 -0.168781
v 0.265051 0.099153 -0.088000
v 0.376382 0.097153 -0.400710
v 0.046055 0.180898 -0.157856
v 0.016992 0.162767 -0.044834
v 0.353834 0.427173 -0.372210
v 0.313631 0.286456 -0.154129
v -0.282200 0.830422 0.011829
v 0.371559 0.263494 -0.154149
v 0.354845 0.255655 -0.157990
v 0.318239 0.439692 -0.391919
v 0.318162 0.446019 -0.392196
v 0.074452 0.455347 -0.141711
v -0.023955 0.326567 0.069436
v -0.012287 0.304942 0.073235
v -0.355227 0.603256 0.161635
v 0.210049 0.446990 -0.222077
v 0.376231 0.200437 -0.314183
v -0.434410 0.229437 0.115970
v -0.328752 0.685921 0.195538
v -0.332012 0.680796 0.209263
v 0.312081 0.287076 -0.148754
v -0.075192 0.802389 -0.012028
v 0.219272 0.225387 -0.207650
v 0.217267 0.237808 -0.212476
v 0.315092 0.165736 -0.143849
v -0.156197 0.558790 -0.031057
v -0.159725 0.525599 -0.013813
v 0.226978 0.182129 -0.307727
v 0.312788 0.315860 -0.166039
v 0.302295 0.077049 -0.114804
v -0.227258 0.257941 -0.094953
v -0.163023 0.618574 0.240214
v 0.209189 0.246209 -0.208723
v 0.239762 0.020299 -0.349547
v -0.384363 0.657467 0.255445
v -0.363547 0.682707 0.198202
v 0.165685 0.022124 -0.328721
v -0.136865 0.493275 -0.002322
v 0.308364 0.150710 -0.131863
v 0.308091 0.147719 -0.133382
v -0.294338 0.758770 0.419959
v 0.346148 0.171541 -0.146716
v 0.328474 0.414039 -0.387158
v -0.346662 0.632753 0.202859
v -0.343693 0.634904 0.190900
v -0.513981 0.095332 0.202575
v 0.465074 0.343423 -0.324147
v 0.466089 0.307187 -0.293223
v -0.397879 0.628472 0.463901
v -0.367502 0.622886 0.451672
v -0.124257 0.364355 -0.182422
v -0.132562 0.341229 -0.168939
v -0.115420 0.314219 -0.177644
v -0.190803 0.333604 -0.046593
v -0.203644 0.297064 -0.009089
v -0.193397 0.317197 -0.005279
v 0.035299 0.103604 -0.335236
v 0.359322 0.194128 -0.151137
v 0.357818 0.200490 -0.152000
v 0.353554 0.190784 -0.147269
v 0.352882 0.189948 -0.145323
v 0.355500 0.196297 -0.148924
v 0.078501 0.556815 -0.072468
v 0.090999 0.526759 -0.082758
v 0.362180 0.203554 -0.143694
v 0.364304 0.185006 -0.138452
v 0.368891 0.181186 -0.140381
v 0.362083 0.180846 -0.136822
v 0.072287 0.484296 -0.233288
v -0.169391 0.627321 0.284511
v -0.183788 0.636530 0.223590
v -0.186871 0.643276 0.223044
v -0.200469 0.646144 0.231758
v -0.185033 0.428365 0.272219
v -0.174702 0.459807 0.246015
v -0.276254 0.752971 0.225655
v -0.193721 0.301809 -0.095136
v 0.129409 0.066503 -0.030071
v 0.348338 0.256792 -0.156027
v -0.079801 0.519308 -0.016511
v -0.085307 0.522065 -0.026164
v -0.152608 0.567823 -0.037761
v -0.074632 0.099558 -0.070669
v 0.355465 0.275776 -0.158162
v -0.287940 0.681964 0.399672
v 0.086700 0.487079 -0.374895
v 0.122204 0.161169 -0.405249
v 0.104681 0.159110 -0.130693
v 0.220386 0.254501 -0.222351
v 0.218686 0.251213 -0.219043
v 0.221403 0.251247 -0.222220
v 0.225687 0.260738 -0.220200
v 0.222179 0.252565 -0.216953
v 0.226332 0.251032 -0.221667
v 0.095151 0.607740 -0.398314
v 0.418855 0.023636 -0.186579
v -0.367798 0.593593 0.161047
v -0.357251 0.599284 0.140121
v -0.222868 0.643076 0.272718
v 0.077857 0.278084 -0.382981
v -0.014465 0.078588 0.315341
v -0.215063 0.703746 0.237743
v 0.537327 0.179768 -0.303570
v -0.187169 0.873772 -0.025178
v 0.060780 0.060885 -0.424727
v 0.098840 0.696386 -0.344017
v 0.030464 0.371747 0.018304
v -0.364531 0.887094 0.374865
v -0.159141 0.017644 0.370480
v -0.210375 0.287478 -0.053625
v -0.330685 0.638189 0.172576
v 0.306328 0.250219 -0.153081
v 0.350610 0.311966 -0.177910
v -0.267789 0.712105 0.197878
v -0.216041 0.273386 0.029743
v -0.338870 0.284411 0.140147
v -0.414927 0.744232 0.233254
v -0.377760 0.592462 0.218405
v -0.112087 0.555791 -0.072878
v 0.402479 0.167215 -0.189786
v 0.335550 0.259823 -0.149851
v 0.139599 0.082015 -0.089469
v -0.144888 0.488091 0.160499
v -0.339148 0.686145 0.413335
v -0.157062 0.892774 -0.072134
v 0.172710 0.703568 -0.264349
v -0.131970 0.490526 0.001265
v -0.129544 0.295696 0.092232
v 0.055217 0.219755 -0.159977
v 0.304441 0.147205 -0.149653
v -0.037765 0.670747 -0.219731
v 0.330738 0.390866 -0.436615
v 0.300558 0.552531 -0.340310
v 0.303831 0.528109 -0.319908
v 0.306688 0.502720 -0.352929
v 0.306826 0.494721 -0.336225
v 0.241308 0.088183 -0.101185
v 0.245520 0.084294 -0.089081
v 0.233688 0.082318 -0.104795
v 0.307546 0.184423 -0.171984
v 0.315419 0.185140 -0.171332
v 0.359845 0.294526 -0.347961
v 0.460757 0.221597 -0.234379
v 0.303996 0.136995 -0.124420
v 0.335214 0.358488 -0.361988
v 0.336195 0.346634 -0.364824
v 0.345769 0.343418 -0.358342
v -0.332387 0.032896 0.133064
v -0.139202 0.541048 0.149695
v -0.130921 0.545874 0.121892
v 0.325124 0.087465 -0.101880
v 0.262771 0.490398 -0.249211
v -0.181643 0.640348 0.192698
v 0.353181 0.260829 -0.155755
v 0.360304 0.254286 -0.153993
v 0.128740 0.030345 0.019590
v 0.120888 0.031774 0.013483
v 0.214022 0.070032 -0.104951
v -0.087247 0.515350 -0.229308
v -0.395867 0.117550 0.182298
v 0.034676 0.195049 0.122886
v -0.202362 0.338187 0.110791
v -0.199820 0.342743 0.109976
v 0.034656 0.227779 0.038919
v -0.409115 0.791698 0.408634
v 0.024079 0.587652 -0.044267
v -0.195287 0.409339 0.070805
v -0.191128 0.396112 0.072659
v 0.360240 0.220732 -0.158688
v 0.324002 0.428201 -0.387891
v 0.324985 0.424504 -0.389367
v 0.260217 0.396172 -0.162745
v 0.006723 0.129363 0.250649
v 0.013509 0.644321 -0.325425
v -0.005674 0.148187 -0.305036
v 0.126046 0.572294 -0.424435
v -0.068543 0.496287 -0.000840
v -0.027107 0.520627 -0.004280
v 0.007006 0.349040 -0.173761
v -0.187040 0.634860 0.229189
v 0.281143 0.354040 -0.144002
v 0.317754 0.106062 -0.121466
v -0.394417 0.667612 0.393765
v -0.331559 0.740565 0.184162
v -0.331624 0.740941 0.190674
v -0.209896 0.252709 0.374512
v 0.108109 0.154507 -0.123330
v 0.099011 0.157766 -0.136634
v -0.321932 0.689891 0.259337
v 0.198420 0.647795 -0.203073
v -0.207670 0.738635 0.239249
v -0.280654 0.811469 0.364660
v -0.030491 0.188454 0.258224
v -0.367098 0.653955 0.307578
v -0.363527 0.652500 0.310735
v 0.293184 0.258436 -0.146040
v 0.294192 0.251836 -0.150632
v 0.290744 0.555123 -0.294988
v -0.148252 0.389188 0.040099
v 0.319707 0.275302 -0.153754
v 0.311091 0.276010 -0.151111
v 0.310993 0.263986 -0.144148
v 0.293898 0.251983 -0.144760
v -0.180856 0.873570 -0.018052
v -0.185118 0.869718 -0.014313
v -0.185756 0.863584 -0.007589
v 0.373083 0.397289 -0.458980
v -0.334126 0.630883 0.156676
v -0.325429 0.633075 0.169760
v -0.022521 0.269639 -0.152958
v -0.015281 0.263569 -0.145736
v -0.052009 0.388360 0.051012
v -0.054894 0.417399 0.040346
v -0.341468 0.697201 0.159505
v -0.108517 0.200530 0.326951
v -0.051175 0.619637 -0.261495
v 0.341199 0.211513 -0.145520
v -0.367011 0.668263 0.246175
v -0.150479 0.439793 -0.143756
v -0.150434 0.416989 -0.154215
v -0.256603 0.699527 0.264128
v -0.231991 0.703649 0.223468
v 0.355325 0.138841 -0.389160
v 0.400487 0.419909 -0.364133
v 0.433584 0.403612 -0.366830
v -0.109396 0.100108 -0.080737
v 0.162267 0.697941 -0.225968
v -0.364387 0.418498 0.165757
v -0.382790 0.403755 0.196117
v -0.273892 0.706684 0.223777
v -0.234851 0.638666 0.254530
v 0.106329 0.028305 -0.055849
v 0.073672 0.147851 0.119029
v -0.026003 0.443069 0.029333
v -0.280751 0.710748 0.193818
v -0.341879 0.603311 0.156255
v 0.294656 0.116874 -0.115546
v -0.126967 0.886402 0.077103
v 0.075835 0.158741 -0.139108
v 0.461973 0.177501 -0.203514
v 0.196352 0.574829 -0.440376
v 0.359034 0.190218 -0.147437
v 0.084964 0.343477 -0.213371
v 0.088273 0.374072 -0.237256
v 0.287737 0.041231 -0.113259
v -0.193898 0.861924 -0.013711
v 0.303446 0.309095 -0.099520
v -0.333089 0.023304 0.159151
v -0.365570 0.046504 0.198866
v -0.412269 0.246648 0.349304
v 0.301601 0.150456 -0.136046
v -0.344013 0.426265 0.133447
v -0.274435 0.754358 0.245756
v -0.190326 0.418339 0.067712
v 0.087952 0.487729 -0.080981
v 0.277589 0.375633 -0.279281
v 0.265177 0.340824 -0.283419
v 0.319271 0.197147 -0.161069
v 0.326084 0.190889 -0.155256
v 0.420681 0.649686 -0.450221
v 0.352705 0.182030 -0.141307
v 0.324800 0.183179 -0.152806
v 0.327603 0.196887 -0.153806
v 0.327111 0.187334 -0.152996
v 0.328906 0.194778 -0.157454
v 0.322285 0.179601 -0.146558
v 0.323953 0.107831 -0.110354
v 0.424293 0.162539 -0.184020
v -0.298510 0.700703 0.227361
v 0.490331 0.139144 -0.210075
v 0.515935 0.170830 -0.252207
v -0.328870 0.778319 0.346613
v 0.295817 0.140080 -0.138466
v 0.293372 0.148537 -0.148003
v 0.362498 0.280006 -0.168737
v -0.384528 0.669650 0.345977
v 0.094212 0.471937 -0.395908
v -0.383432 0.666516 0.355298
v -0.387575 0.667074 0.355810
v -0.320210 0.687801 0.275177
v -0.311527 0.687614 0.279943
v 0.253277 0.483992 -0.182681
v 0.288646 0.578635 -0.306852
v -0.306439 0.667163 0.430482
v -0.306473 0.673808 0.432661
v -0.330760 0.014019 0.243052
v -0.309907 0.005255 0.226467
v -0.010358 0.055934 0.087642
v -0.020647 0.277111 -0.152329
v -0.015061 0.273188 -0.148168
v -0.382900 0.256216 0.104073
v 0.021380 0.166641 -0.353177
v -0.117111 0.318092 0.070499
v -0.035828 0.211801 0.250330
v 0.266843 0.414269 -0.179923
v 0.064054 0.378518 -0.297035
v -0.304577 0.670986 0.440615
v 0.082835 0.655867 -0.115578
v 0.064870 0.682714 -0.131672
v -0.135410 0.609081 0.166549
v -0.118364 0.038009 0.260806
v -0.191020 0.867425 -0.016243
v -0.209727 0.348456 0.339932
v 0.266943 0.041120 -0.108192
v 0.121859 0.083369 -0.077925
v -0.345175 0.827971 0.299314
v 0.022541 0.129576 -0.180135
v 0.059179 0.133881 -0.144169
v 0.421630 0.643092 -0.500450
v 0.366153 0.189860 -0.140792
v 0.367717 0.186580 -0.142218
v -0.207278 0.411359 0.065591
v -0.170501 0.618775 0.246428
v -0.171236 0.621809 0.247598
v 0.298260 0.275607 -0.137684
v -0.293728 0.621229 0.450037
v 0.122458 0.087238 -0.072838
v 0.124080 0.082343 -0.076085
v 0.114982 0.446669 -0.262498
v 0.063280 0.629598 -0.370365
v 0.051989 0.677893 -0.344502
v 0.081226 0.462399 -0.093509
v 0.051312 0.403622 -0.141401
v 0.366043 0.278754 -0.163653
v -0.255712 0.713335 0.220137
v -0.227245 0.633651 0.383666
v -0.158783 0.254046 -0.128740
v 0.346360 0.215460 -0.161678
v -0.332354 0.414912 0.346103
v -0.372404 0.184180 0.046794
v -0.342406 0.156540 0.024850
v -0.338479 0.603568 0.397289
v 0.026390 0.219632 -0.336329
v -0.026026 0.080433 0.317516
v -0.116655 0.661902 0.027307
v -0.396546 0.749889 0.320546
v 0.283174 0.351961 -0.135463
v -0.424149 0.776964 0.412178
v 0.267391 0.373116 -0.154854
v -0.254579 0.663780 -0.067592
v 0.120465 0.157779 -0.098371
v -0.200316 0.324575 0.112416
v 0.268189 0.173920 -0.184675
v -0.196533 0.086891 0.372532
v -0.291765 0.413902 0.082142
v 0.050363 0.166128 -0.150749
v 0.192172 0.540032 -0.450229
v -0.164846 0.408195 -0.065309
v -0.333236 0.690279 0.181640
v -0.300051 0.677279 0.399886
v 0.287455 0.537040 -0.284826
v 0.248264 0.519942 -0.237011
v 0.523362 0.111744 -0.260764
v 0.520525 0.099908 -0.284359
v 0.064668 0.385108 -0.049242
v -0.182811 0.440967 0.042467
v 0.005544 0.538712 -0.015367
v -0.306716 0.691674 0.261484
v -0.310369 0.694287 0.243907
v 0.319544 0.145839 -0.147660
v 0.185192 0.558530 -0.196617
v 0.215230 0.598926 -0.209542
v 0.386195 0.243434 -0.306321
v -0.140524 0.615039 0.163854
v 0.312145 0.115379 -0.120650
v 0.142964 0.670985 -0.164136
v 0.320176 0.329277 -0.174508
v 0.310433 0.342708 -0.170548
v -0.301923 0.828367 0.479070
v 0.267937 0.392989 -0.175074
v -0.335117 0.686282 0.192473
v 0.304310 0.352409 -0.178901
v -0.035841 0.137303 -0.287978
v -0.018877 0.720556 -0.164518
v -0.329257 0.773635 0.338749
v 0.210734 0.058680 -0.105131
v 0.214527 0.059440 -0.110318
v 0.363769 0.277650 -0.170074
v 0.118542 0.062963 -0.039223
v 0.108597 0.054543 -0.038443
v 0.311035 0.112897 -0.122459
v 0.289005 0.471602 -0.277737
v 0.126893 0.076342 -0.076798
v -0.352029 0.803238 0.033735
v -0.422212 0.697576 0.436007
v -0.411770 0.695874 0.430345
v 0.359715 0.183298 -0.143894
v 0.362001 0.177175 -0.140999
v 0.366892 0.190465 -0.143973
v -0.387090 0.663723 0.396506
v -0.298071 0.599309 0.146024
v 0.238575 0.459116 -0.230936
v 0.278683 0.379293 -0.178029
v 0.012997 0.101311 0.265706
v -0.123970 0.518668 -0.016083
v 0.394584 0.141094 -0.357763
v 0.129239 0.087129 -0.430611
v -0.262511 0.801612 0.315120
v 0.358358 0.147733 -0.126662
v 0.355946 0.154306 -0.128474
v -0.355422 0.111664 0.029242
v -0.382236 0.672927 0.360858
v -0.378026 0.676052 0.365084
v 0.014473 0.668183 -0.315763
v -0.286977 0.096486 0.393781
v -0.287487 0.882531 0.211179
v -0.333748 0.751022 0.240477
v -0.306996 0.678943 0.383854
v 0.334165 0.306069 -0.161924
v 0.357175 0.173301 -0.139044
v -0.049500 0.069432 -0.339864
v -0.056383 0.073455 -0.339720
v -0.390229 0.662284 0.337388
v 0.134440 0.477840 -0.430122
v 0.126035 0.434899 -0.425406
v 0.103510 0.057759 -0.040580
v 0.139523 0.057332 -0.095138
v -0.322389 0.613926 0.104121
v 0.093752 0.205925 -0.147330
v -0.517656 0.064736 0.266732
v 0.017532 0.277449 -0.125591
v 0.041566 0.466580 -0.224980
v 0.049780 0.462720 -0.206880
v 0.040235 0.461509 -0.214508
v 0.044434 0.465974 -0.217543
v -0.340245 0.604777 0.151396
v -0.112061 0.579804 -0.041205
v -0.205320 0.346865 0.111071
v 0.002545 0.198518 -0.300943
v 0.320921 0.206628 -0.166811
v 0.324410 0.204021 -0.157367
v 0.321964 0.200057 -0.160089
v -0.011384 0.142622 -0.294717
v 0.289984 0.362171 -0.175599
v -0.300810 0.753018 0.218276
v 0.222431 0.188967 -0.073162
v 0.204989 0.216338 -0.091224
v 0.065960 0.593004 -0.378016
v 0.257782 0.486132 -0.186472
v -0.293642 0.620693 0.288785
v -0.256503 0.668401 -0.054956
v -0.245447 0.664095 -0.072001
v -0.240989 0.248277 0.049169
v -0.058577 0.061671 -0.027129
v 0.010310 0.132009 -0.304668
v 0.132129 0.051086 0.011317
v 0.186965 0.035964 0.037971
v -0.373482 0.206693 0.058297
v -0.315016 0.150230 0.020913
v 0.305434 0.518529 -0.472153
v 0.113310 0.647558 -0.395825
v -0.499166 0.112121 0.231532
v -0.280375 0.709512 0.199754
v -0.288073 0.708592 0.206219
v 0.279589 0.249964 -0.137526
v 0.221789 0.232643 -0.218691
v 0.188017 0.018483 0.075878
v 0.035267 0.005927 0.208573
v -0.228866 0.695113 0.266687
v -0.103080 0.518428 -0.028897
v -0.082742 0.524811 -0.023326
v 0.183752 0.346149 -0.420760
v 0.150518 0.329657 -0.415002
v -0.251283 0.547204 -0.002015
v 0.335936 0.401151 -0.380907
v -0.483570 0.047898 0.283032
v -0.332576 0.611833 0.423111
v 0.063209 0.422068 -0.126859
v 0.293803 0.307550 -0.134324
v 0.350436 0.228323 -0.162710
v -0.234979 0.685319 0.315324
v -0.016569 0.682171 -0.253399
v 0.351193 0.164129 -0.131842
v -0.143830 0.429947 0.024616
v 0.055194 0.213458 -0.155552
v -0.291952 0.693117 0.261849
v 0.043790 0.170985 -0.344893
v 0.299994 0.252275 -0.151847
v -0.263460 0.390064 0.088686
v -0.274098 0.662741 -0.039013
v 0.346941 0.136022 -0.121946
v -0.190656 0.021523 0.177316
v 0.253945 0.238305 -0.306465
v 0.313027 0.380646 -0.377039
v 0.234868 0.019673 -0.267227
v -0.026867 0.039474 0.226220
v 0.082863 0.538412 -0.384484
v 0.308758 0.271183 -0.156441
v -0.172412 0.463377 0.032487
v 0.372285 0.288122 -0.161834
v 0.342823 0.311478 -0.171832
v 0.312560 0.102715 -0.119594
v -0.361373 0.653246 0.291795
v 0.348100 0.265229 -0.158598
v 0.291765 0.294251 -0.129014
v 0.294249 0.300012 -0.126321
v -0.219014 0.743163 0.213743
v -0.250172 0.748437 0.238141
v -0.291683 0.626311 0.173938
v -0.285565 0.626110 0.179388
v -0.288996 0.626352 0.181899
v 0.244290 0.617488 -0.245742
v -0.034939 0.415596 -0.216692
v -0.363555 0.738958 0.254324
v -0.408760 0.678128 0.426109
v -0.295053 0.620235 0.163823
v 0.215518 0.228618 -0.209997
v 0.408322 0.320510 -0.445573
v -0.194503 0.857386 -0.000586
v 0.447372 0.321096 -0.301705
v 0.305301 0.099860 -0.114405
v -0.031388 0.471391 0.013997
v -0.005265 0.441992 0.021552
v 0.267200 0.248973 -0.140667
v -0.137522 0.889748 0.092249
v -0.166402 0.117640 -0.086297
v -0.026991 0.027700 -0.407370
v -0.127115 0.841409 0.127146
v 0.103140 0.680437 -0.366795
v 0.112372 0.070147 -0.042162
v 0.207354 0.494964 -0.449632
v -0.155661 0.378892 0.038477
v -0.011037 0.171983 0.235852
v 0.006592 0.152484 0.209449
v 0.042451 0.216359 -0.168218
v 0.151988 0.084600 -0.093886
v -0.383629 0.662706 0.368221
v 0.374396 0.267273 -0.159086
v 0.271632 0.042076 -0.122225
v -0.119767 0.648447 0.040023
v -0.078192 0.732524 0.007303
v 0.315111 0.088118 -0.102476
v -0.050984 0.048843 0.201733
v 0.053562 0.168509 -0.147756
v 0.312364 0.118046 -0.133148
v 0.316486 0.125718 -0.136825
v -0.410504 0.147869 0.093079
v 0.290041 0.261320 -0.146929
v 0.270620 0.043953 -0.107783
v 0.063329 0.293440 -0.189677
v 0.203173 0.114475 -0.407610
v -0.311590 0.674274 0.453236
v -0.357612 0.708623 0.173603
v -0.203712 0.707012 0.273895
v 0.318386 0.317170 -0.172170
v 0.515154 0.293332 -0.344702
v 0.278184 0.137287 -0.091787
v 0.096738 0.415135 -0.399271
v -0.271947 0.708636 0.235940
v -0.186242 0.869019 -0.005396
v -0.297643 0.750106 0.211814
v -0.304054 0.750948 0.204657
v 0.298092 0.315366 -0.110288
v 0.012687 0.275566 -0.126769
v 0.117811 0.162182 -0.103998
v -0.392865 0.739544 0.339366
v 0.330386 0.153115 -0.145818
v 0.005728 0.162324 -0.328939
v 0.041770 0.144370 0.057685
v -0.284520 0.529766 0.032394
v 0.333715 0.151107 -0.145372
v 0.335602 0.151128 -0.149188
v -0.187008 0.353783 -0.079119
v -0.090229 0.268371 0.271228
v -0.122002 0.651255 0.024438
v 0.110846 0.376227 -0.219670
v -0.020165 0.263896 -0.145142
v 0.330925 0.206223 -0.163258
v -0.094001 0.642537 0.036522
v -0.504293 0.085114 0.154550
v 0.291467 0.540570 -0.443753
v -0.158175 0.625693 0.238928
v -0.394334 0.671005 0.398499
v -0.395225 0.730944 0.343646
v -0.287667 0.692884 0.284696
v -0.280778 0.691038 0.283443
v 0.195458 0.058541 -0.101713
v -0.350353 0.817843 0.442532
v -0.261844 0.748093 0.208084
v 0.220394 0.621931 -0.218307
v 0.072255 0.641617 -0.101712
v 0.064897 0.636246 -0.089796
v 0.365844 0.298280 -0.345201
v -0.051967 0.145445 0.460739
v 0.274413 0.361627 -0.150321
v -0.279423 0.707495 0.204679
v -0.041224 0.131978 -0.287361
v 0.119873 0.031557 0.018004
v -0.397404 0.193099 0.064707
v -0.431089 0.674488 0.464240
v 0.319206 0.325671 -0.176054
v -0.303003 0.756977 0.277164
v -0.302541 0.758188 0.287754
v 0.086343 0.335230 -0.209345
v -0.370468 0.656242 0.350082
v -0.186529 0.435649 0.042416
v 0.348016 0.262421 -0.161008
v 0.520492 0.141801 -0.244061
v -0.339990 0.692391 0.468821
v -0.285524 0.698741 0.255987
v 0.019542 0.323894 -0.144297
v -0.304036 0.767792 0.318225
v -0.293354 0.704595 0.234206
v 0.009707 0.045175 0.091885
v 0.005546 0.108420 -0.252528
v -0.208908 0.354219 0.104071
v -0.030534 0.131114 -0.287277
v -0.322486 0.387739 0.117213
v 0.309530 0.465189 -0.401452
v 0.006987 0.165037 -0.063572
v -0.074932 0.730179 -0.009832
v -0.298912 0.755240 0.275643
v -0.306196 0.663726 0.408472
v 0.343392 0.310121 -0.175462
v -0.163766 0.501386 -0.007410
v -0.206650 0.759625 0.333083
v 0.329468 0.324666 -0.179504
v -0.353322 0.712574 0.185609
v -0.361584 0.707105 0.186392
v 0.365194 0.435742 -0.370931
v 0.127021 0.319022 -0.188349
v 0.129868 0.283522 -0.174206
v -0.359008 0.678508 0.221227
v 0.335935 0.170256 -0.150785
v -0.273212 0.011929 0.083221
v -0.276701 0.691452 0.273029
v 0.050511 0.169926 -0.152096
v 0.049931 0.348859 -0.277305
v -0.425911 0.311782 0.265252
v 0.305734 0.345319 -0.174145
v -0.180301 0.639186 0.204764
v -0.215593 0.698831 0.274366
v 0.115219 0.185474 -0.140022
v -0.335599 0.034923 0.085589
v -0.293925 0.621792 0.169140
v 0.317198 0.201474 -0.162273
v -0.230477 0.694331 0.286905
v 0.194349 0.065814 -0.096251
v -0.200170 0.857268 0.002298
v -0.314055 0.689281 0.173901
v 0.213098 0.063950 -0.104669
v 0.295742 0.148467 -0.137374
v 0.295626 0.136197 -0.130704
v -0.418203 0.671987 0.420722
v 0.019209 0.292307 -0.129095
v 0.021815 0.700009 -0.275950
v -0.384851 0.666260 0.360942
v -0.389075 0.661043 0.351861
v 0.207211 0.075182 -0.103044
v 0.013074 0.365587 -0.173461
v 0.023204 0.071793 -0.234694
v 0.028226 0.413038 -0.184671
v -0.149155 0.399522 -0.153199
v 0.163087 0.425303 -0.443472
v 0.308292 0.150303 -0.144799
v 0.296419 0.077882 -0.105323
v 0.305903 0.083448 -0.110725
v 0.279802 0.356840 -0.165288
v 0.288402 0.351132 -0.161764
v 0.283718 0.364504 -0.176465
v -0.183867 0.425945 0.062366
v 0.330790 0.184564 -0.161867
v -0.166491 0.491149 0.009603
v 0.360387 0.140558 -0.351909
v 0.115146 0.383063 -0.223483
v -0.149001 0.619260 0.176485
v 0.207686 0.054626 -0.107167
v 0.206735 0.057257 -0.108919
v 0.067334 0.144984 -0.145356
v 0.049169 0.153472 -0.149788
v 0.265239 0.389147 -0.164324
v -0.335022 0.732832 0.182126
v 0.307371 0.103837 -0.126982
v 0.310881 0.085319 -0.112090
v 0.303236 0.176675 -0.168760
v 0.045577 0.332668 -0.108192
v 0.253174 0.492283 -0.184434
v 0.199788 0.209498 -0.170061
v 0.110425 0.171107 -0.124116
v -0.435309 0.205651 0.280380
v 0.319230 0.346360 -0.178658
v 0.127571 0.427247 -0.245656
v 0.352735 0.327759 -0.356425
v -0.291306 0.740802 0.409609
v 0.114848 0.131321 -0.115450
v 0.334774 0.324231 -0.174171
v 0.293159 0.165309 -0.086195
v -0.110573 0.320020 0.080050
v 0.184456 0.159648 -0.398746
v -0.143403 0.901406 -0.085246
v -0.394906 0.818657 0.178638
v -0.130885 0.510185 -0.017419
v 0.227352 0.235021 -0.105052
v 0.346444 0.162720 -0.140325
v -0.396197 0.676651 0.343550
v 0.131529 0.547569 -0.427999
v -0.157761 0.618541 0.242877
v -0.330662 0.773501 0.329078
v 0.321009 0.379778 -0.372722
v -0.066727 0.229549 0.289444
v 0.306385 0.175414 -0.164727
v -0.199652 0.355938 0.104993
v 0.065556 0.566369 -0.061085
v 0.318365 0.092950 -0.101634
v -0.398166 0.688642 0.434603
v 0.299443 0.506125 -0.301235
v 0.156191 0.070491 -0.088658
v -0.325361 0.689589 0.172062
v 0.083681 0.328994 -0.206647
v -0.386837 0.668813 0.372810
v 0.379358 0.282979 -0.164387
v 0.373179 0.281615 -0.162123
v 0.110800 0.179320 -0.139363
v -0.108636 0.659886 0.037255
v -0.236798 0.700315 0.245691
v 0.106916 0.296581 -0.396202
v 0.066394 0.725451 -0.217156
v -0.086209 0.260461 0.291180
v -0.309181 0.619821 0.113870
v -0.311474 0.616378 0.114042
v 0.305177 0.261506 -0.153465
v -0.307736 0.691626 0.281431
v -0.015381 0.070189 0.315657
v 0.288789 0.272038 -0.145961
v -0.046784 0.074758 -0.344965
v 0.237169 0.081738 -0.100170
v 0.338002 0.111516 -0.112641
v -0.308585 0.689632 0.271386
v -0.286861 0.760471 0.281485
v 0.144524 0.074900 -0.024254
v 0.053993 0.164595 -0.145786
v -0.477570 0.055185 0.275204
v 0.217243 0.130523 -0.401782
v -0.285992 0.735438 0.414929
v 0.271155 0.110918 -0.095689
v -0.006620 0.030355 0.111223
v -0.014158 0.272867 -0.150768
v -0.174986 0.618655 0.254569
v -0.311437 0.675722 0.443263
v 0.469416 0.372777 -0.385634
v -0.153868 0.379651 0.042926
v -0.263482 0.751553 0.199670
v -0.023373 0.249781 -0.139548
v -0.122824 0.532767 -0.018999
v -0.371418 0.102204 0.363284
v -0.094995 0.134114 0.446448
v 0.118686 0.181989 -0.129838
v 0.270678 0.622838 -0.305507
v -0.309435 0.674618 0.410824
v -0.024366 0.268533 -0.151677
v 0.277036 0.386609 -0.178453
v 0.189046 0.050617 -0.099092
v 0.060302 0.109497 0.065346
v -0.101099 0.609982 -0.062566
v 0.349140 0.276354 -0.167099
v -0.284446 0.747686 0.183848
v -0.288654 0.687579 0.294353
v -0.210220 0.646595 0.262899
v -0.108998 0.649771 0.031308
v 0.001169 0.029242 0.100670
v 0.309081 0.071803 -0.122634
v 0.297587 0.342128 -0.157851
v -0.175007 0.447752 0.042790
v 0.343151 0.394808 -0.376005
v 0.165119 0.354166 -0.421576
v 0.052867 0.247818 -0.165413
v -0.382391 0.673634 0.367059
v 0.367969 0.248339 -0.155981
v 0.365852 0.224894 -0.148031
v 0.103536 0.033223 -0.065880
v -0.329980 0.771764 0.332913
v -0.344115 0.678487 0.217566
v 0.132697 0.078615 -0.090976
v -0.262146 0.701072 0.241910
v 0.388846 0.405250 -0.459760
v 0.265962 0.425903 -0.174160
v 0.370764 0.303094 -0.169546
v -0.152295 0.581089 -0.043140
v -0.148378 0.443971 0.020596
v -0.157171 0.644791 -0.050803
v -0.305480 0.150357 0.413266
v 0.411488 0.246172 -0.134372
v 0.299790 0.320591 -0.152796
v -0.230074 0.704339 0.232434
v -0.321522 0.680054 0.506672
v -0.340855 0.740004 0.206032
v -0.250382 0.662086 -0.066941
v -0.319553 0.611942 0.105571
v 0.315661 0.164430 -0.138919
v 0.204345 0.055564 -0.106386
v 0.110709 0.393002 -0.236410
v -0.287138 0.743509 0.404528
v -0.425026 0.679565 0.411878
v -0.123102 0.604780 0.151637
v -0.160061 0.804217 0.042308
v 0.262313 0.036429 -0.120132
v -0.311072 0.669647 0.439878
v -0.167925 0.460447 0.026771
v 0.034963 0.081716 0.239745
v 0.308122 0.480797 -0.407875
v -0.011766 0.070027 0.311757
v 0.358433 0.257566 -0.159423
v -0.299337 0.759902 0.298946
v 0.308023 0.470075 -0.402326
v -0.001153 0.026429 0.109620
v -0.404606 0.673332 0.389274
v -0.238756 0.698356 0.239181
v 0.213229 0.226444 -0.207363
v 0.292262 0.046804 -0.111798
v 0.275534 0.250496 -0.140562
v 0.288490 0.257710 -0.138559
v -0.389600 0.663639 0.379461
v 0.106443 0.034633 -0.068149
v -0.317168 0.614778 0.109077
v -0.298562 0.688310 0.291248
v -0.220790 0.745591 0.207385
v -0.294557 0.770104 0.343868
vn 0.2147 -0.9675 -0.1337
vn 0.2531 -0.9579 0.1356
vn -0.0365 -0.9967 -0.0728
vn -0.0211 0.5781 0.8157
vn -0.2774 0.6908 0.6677
vn -0.1391 0.6133 0.7775
vn 0.6757 -0.3921 -0.6242
vn 0.7262 -0.3895 -0.5665
vn 0.4134 -0.5045 -0.7580
vn -0.6622 0.4204 0.6203
vn -0.4256 0.3923 0.8155
vn -0.6045 0.2636 0.7518
vn -0.2435 0.4307 0.8690
vn -0.0052 0.3623 0.9320
vn -0.1595 0.3560 0.9208
vn 0.8268 0.5480 -0.1270
vn 0.7926 0.5904 -0.1520
vn 0.6374 0.3313 -0.6957
vn 0.2187 -0.8362 0.5030
vn 0.1411 -0.6517 0.7452
vn -0.0117 -0.7756 0.6311
vn 0.7696 0.3298 0.5467
vn 0.4984 0.5749 0.6489
vn 0.6891 0.5053 0.5194
vn -0.9381 0.2738 -0.2120
vn -0.9080 0.2444 -0.3402
vn -0.8694 0.1200 -0.4793
vn 0.2177 0.3710 0.9027
vn 0.4739 0.3671 0.8004
vn 0.4565 0.2923 0.8403
vn -0.6399 0.1093 -0.7607
vn -0.6229 0.0726 -0.7789
vn -0.2318 0.4455 -0.8648
vn -0.3025 -0.9368 -0.1759
vn -0.5812 -0.7958 -0.1699
vn -0.5049 -0.8518 0.1399
vn 0.1674 -0.4289 0.8877
vn 0.3228 -0.1654 0.9319
vn 0.4857 -0.1680 0.8578
vn -0.9414 0.3080 -0.1376
vn -0.8836 0.0270 -0.4674
vn -0.9190 0.1425 -0.3676
vn 0.0076 0.9066 0.4220
vn -0.3923 0.9198 -0.0020
vn 0.2052 0.9777 0.0439
vn 0.2229 0.5928 0.7739
vn 0.2663 0.5440 0.7957
vn 0.6029 0.4066 0.6864
vn 0.8827 -0.3145 -0.3491
vn 0.8772 -0.1903 -0.4408
vn 0.9707 -0.1933 -0.1430
vn -0.0572 -0.7933 0.6061
vn 0.1762 -0.6675 0.7234
vn 0.0652 -0.5331 0.8435
vn -0.1606 -0.0757 -0.9841
vn 0.1292 0.4677 -0.8744
vn -0.0074 0.0751 -0.9971
vn 0.6666 -0.6166 -0.4189
vn 0.7164 -0.3790 -0.5858
vn 0.5525 -0.4283 -0.7151
vn -0.9862 -0.0029 -0.1653
vn -0.9264 -0.2216 -0.3045
vn -0.9533 -0.3007 0.0300
vn -0.3415 0.8051 -0.4850
vn -0.0010 0.8724 -0.4887
vn -0.6920 0.7219 -0.0011
vn 0.6277 0.7682 -0.1259
vn 0.5977 0.7984 -0.0734
vn 0.6739 0.7356 0.0690
vn 0.3884 0.3163 0.8655
vn 0.5541 0.1767 0.8135
vn 0.3758 0.0876 0.9225
vn 0.0259 0.9996 0.0093
vn -0.2491 0.9577 -0.1442
vn -0.3051 0.9495 -0.0736
vn 0.3632 -0.5099 -0.7798
vn 0.5130 -0.4034 -0.7577
vn 0.3080 -0.5716 -0.7605
vn 0.6242 0.7170 -0.3102
vn 0.3537 0.8967 -0.2661
vn 0.3501 0.6936 -0.6295
vn -0.7944 0.5014 -0.3429
vn -0.8957 0.4437 0.0271
vn -0.1940 0.9467 0.2573
vn -0.8705 -0.2326 -0.4338
vn -0.9535 -0.0531 -0.2968
vn -0.9185 -0.2343 -0.3187
vn -0.0669 -0.3080 -0.9490
vn -0.3359 -0.1572 -0.9287
vn -0.1784 -0.5313 -0.8282
vn 0.0679 0.9790 0.1923
vn 0.5339 0.8424 0.0729
vn 0.4348 0.8786 -0.1976
vn -0.6987 0.3341 0.6326
vn -0.8966 -0.0500 0.4399
vn -0.8540 -0.3770 0.3586
vn 0.5001 -0.2465 -0.8301
vn 0.3717 -0.1173 -0.9209
vn 0.6027 0.2171 -0.7679
vn 0.2806 -0.9119 -0.2995
vn 0.5817 -0.8094 -0.0810
vn 0.3147 -0.9456 -0.0822
vn 0.7545 -0.0018 -0.6563
vn 0.8196 0.4388 -0.3685
vn 0.9080 0.1047 -0.4056
vn -0.0493 -0.7413 -0.6693
vn -0.2540 -0.8035 -0.5385
vn 0.2357 -0.7846 -0.5735
vn -0.8595 -0.4909 -0.1421
vn -0.7710 -0.6031 -0.2044
vn 0.0768 -0.9960 0.0455
vn -0.8240 -0.2106 0.5260
vn -0.7631 0.5019 0.4072
vn -0.7424 0.3857 0.5478
vn -0.2725 0.9621 0.0109
vn -0.2431 0.6078 0.7560
vn -0.4127 0.4053 0.8157
vn -0.7090 -0.5576 0.4317
vn -0.6781 -0.6595 -0.3246
vn -0.8265 -0.4781 0.2973
vn 0.7977 0.5597 -0.2245
vn 0.5335 0.6737 -0.5114
vn 0.7685 0.3126 0.5583
vn 0.0371 -0.7954 -0.6049
vn 0.2396 -0.5180 -0.8212
vn -0.1132 -0.4765 -0.8719
vn -0.1404 0.9896 0.0315
vn -0.4547 0.8793 0.1414
vn 0.1047 0.8849 0.4539
vn 0.0988 0.8215 -0.5616
vn 0.0841 0.8552 -0.5115
vn 0.0670 0.3441 -0.9365
vn -0.5115 0.0690 0.8565
vn -0.3894 0.7803 0.4894
vn -0.4084 0.4606 0.7881
vn -0.3333 -0.8360 -0.4358
vn 0.1024 -0.6421 -0.7598
vn -0.3804 -0.5733 -0.7257
vn 0.9277 -0.1083 0.3572
vn 0.9638 -0.2609 -0.0544
vn 0.7744 0.6313 0.0421
vn 0.4021 -0.6837 -0.6090
vn -0.7219 -0.3562 -0.5933
vn 0.2866 -0.8693 -0.4026
vn -0.3681 0.2007 -0.9079
vn -0.2223 0.3364 -0.9151
vn -0.1362 -0.5372 -0.8324
vn 0.1959 0.6699 0.7162
vn -0.0748 0.7082 0.7021
vn -0.1706 0.6822 0.7110
vn 0.0804 -0.9404 0.3305
vn -0.0521 -0.9591 0.2783
vn 0.0705 -0.9431 0.3251
vn 0.5262 -0.3178 0.7887
vn -0.0816 -0.7430 0.6643
vn 0.3247 -0.2959 0.8983
vn 0.1521 -0.8503 0.5039
vn -0.0171 -0.8567 0.5155
vn 0.1289 -0.9337 0.3342
vn 0.4826 0.4511 -0.7507
vn 0.4790 0.1397 -0.8666
vn 0.6740 0.1202 -0.7289
vn -0.4982 -0.2820 -0.8199
vn -0.4929 0.4973 -0.7139
vn -0.7153 -0.0777 -0.6944
vn -0.5521 0.3525 -0.7556
vn -0.7146 0.4390 -0.5446
vn -0.6265 0.0046 -0.7794
vn -0.1219 0.6676 -0.7344
vn -0.1411 0.7163 -0.6834
vn -0.2119 0.5727 -0.7919
vn 0.4549 0.7609 0.4627
vn -0.4101 0.9090 0.0741
vn 0.2543 0.9532 -0.1633
vn -0.7180 0.0506 -0.6942
vn -0.3621 0.8393 -0.4054
vn 0.3843 -0.8216 0.4210
vn 0.1469 -0.9557 0.2549
vn 0.5047 -0.7148 0.4842
vn 0.6493 0.0602 0.7582
vn 0.8086 0.3579 0.4670
vn 0.6033 -0.4747 0.6408
vn -0.5001 0.3700 0.7829
vn -0.2165 0.3405 0.9150
vn -0.0495 0.2494 0.9671
vn 0.2766 0.9587 0.0657
vn 0.2511 0.9517 0.1765
vn 0.0259 0.9976 -0.0642
vn -0.0433 -0.9913 0.1240
vn 0.0711 -0.9438 0.3226
vn -0.1509 -0.9499 0.2736
vn 0.7231 0.6815 0.1128
vn 0.9311 0.0681 0.3583
vn 0.7303 0.6768 0.0929
vn 0.9948 -0.0622 0.0811
vn 0.2222 0.9718 0.0793
vn 0.0717 -0.0645 -0.9953
vn 0.3567 -0.7990 -0.4841
vn -0.4315 -0.4473 -0.7834
vn 0.7495 0.6616 0.0248
vn 0.9306 0.3640 -0.0378
vn 0.8854 0.1892 0.4245
vn 0.7889 0.0446 0.6130
vn 0.9861 -0.1489 0.0734
vn -0.8614 -0.3424 -0.3752
vn -0.9107 -0.2007 -0.3609
vn -0.7765 -0.1825 -0.6032
vn -0.6549 -0.2315 -0.7194
vn -0.5382 -0.3764 -0.7541
vn -0.6292 -0.1554 -0.7616
vn -0.4311 0.4949 -0.7545
vn -0.6728 0.5490 -0.4960
vn 0.0429 -0.9394 -0.3402
vn 0.1189 -0.9585 -0.2590
vn 0.1269 -0.8442 -0.5207
vn 0.2498 -0.9591 0.1330
vn 0.2859 -0.6445 0.7092
vn 0.3313 -0.7881 0.5188
vn -0.0598 -0.9368 -0.3446
vn 0.1697 -0.9294 0.3278
vn 0.2688 -0.7902 0.5508
vn -0.2331 0.6101 -0.7573
vn 0.4731 0.5285 -0.7049
vn 0.1894 0.8198 -0.5404
vn -0.2504 0.9489 0.1920
vn 0.4543 0.8390 0.2996
vn -0.1221 0.9055 0.4064
vn -0.5023 -0.0529 0.8631
vn 0.0457 -0.3307 0.9426
vn -0.5357 -0.0402 0.8435
vn -0.8772 -0.0660 -0.4755
vn -0.9053 -0.3617 -0.2227
vn -0.9339 -0.0910 -0.3456
vn 0.0205 -0.9924 0.1213
vn -0.2431 -0.9659 0.0890
vn -0.2934 -0.9341 -0.2035
vn 0.0892 -0.9960 0.0099
vn -0.0408 0.9980 0.0490
vn -0.4287 0.8888 -0.1619
vn -0.3779 0.8038 0.4596
vn -0.4600 0.8517 -0.2511
vn -0.6039 -0.1339 -0.7857
vn -0.1290 -0.0097 -0.9916
vn -0.2727 0.0092 -0.9621
vn -0.8679 0.4523 0.2054
vn -0.6768 0.4870 0.5521
vn -0.6702 0.5422 0.5068
vn -0.5099 -0.8275 0.2350
vn 0.3493 -0.8912 -0.2894
vn 0.4573 -0.8748 0.1601
vn -0.1875 -0.5960 -0.7808
vn -0.7565 0.3120 -0.5747
vn -0.0782 -0.3488 -0.9339
vn 0.3345 -0.7087 -0.6212
vn -0.6311 -0.6670 -0.3960
vn 0.0764 0.5547 0.8285
vn 0.9755 0.0916 0.1999
vn 0.0867 -0.8882 -0.4511
vn 0.3198 -0.8676 -0.3807
vn 0.3608 -0.9193 0.1573
vn 0.6969 0.7149 0.0575
vn 0.7413 0.6512 0.1627
vn 0.6672 0.6956 0.2664
vn 0.9976 0.0437 0.0538
vn 0.9795 0.0523 0.1947
vn 0.9922 0.0599 -0.1093
vn 0.7463 0.5751 0.3351
vn 0.7463 0.0887 0.6597
vn 0.8126 0.5777 0.0775
vn -0.8932 0.2687 -0.3605
vn -0.8345 0.1352 -0.5341
vn -0.6913 0.1775 -0.7004
vn -0.6884 -0.3002 -0.6603
vn -0.7032 -0.4754 -0.5287
vn -0.6298 -0.4777 -0.6125
vn -0.5484 0.1358 -0.8251
vn -0.8473 0.4892 -0.2069
vn -0.7223 0.0619 -0.6888
vn 0.9004 0.1362 0.4132
vn -0.5569 0.1406 -0.8186
vn -0.2388 -0.7556 -0.6099
vn -0.6366 -0.4926 -0.5933
vn 0.2417 0.2179 -0.9456
vn 0.0405 -0.0900 -0.9951
vn 0.5430 0.3538 -0.7616
vn 0.9577 -0.0860 -0.2747
vn 0.9737 -0.1710 -0.1506
vn 0.9760 0.0836 0.2011
vn 0.9368 -0.0605 0.3446
vn 0.5909 -0.8043 -0.0636
vn 0.8368 -0.5471 -0.0222
vn 0.1311 0.0072 -0.9913
vn 0.1072 0.0961 -0.9896
vn 0.0130 -0.6544 -0.7561
vn 0.0225 -0.5788 -0.8151
vn -0.0898 -0.6517 -0.7532
vn -0.7153 0.6231 -0.3165
vn -0.1828 0.5887 -0.7875
vn -0.2371 0.6030 -0.7617
vn -0.1365 -0.9400 0.3126
vn -0.3427 -0.9391 -0.0260
vn -0.4711 -0.8703 0.1435
vn -0.4010 -0.0035 -0.9161
vn -0.0092 0.0392 -0.9992
vn -0.4068 -0.0384 -0.9127
vn 0.4881 0.7689 0.4130
vn 0.5865 0.7784 0.2236
vn 0.6517 0.6554 0.3817
vn -0.5580 0.3086 -0.7703
vn -0.8010 0.0456 -0.5969
vn -0.4614 0.8032 -0.3769
vn -0.7149 0.4097 0.5666
vn -0.4103 0.2349 0.8812
vn -0.7260 0.3094 0.6141
vn 0.7651 -0.5428 0.3465
vn 0.0610 -0.9964 0.0597
vn 0.1924 -0.9689 0.1558
vn -0.4583 -0.5938 0.6613
vn -0.3871 -0.8476 0.3629
vn -0.5445 -0.3807 0.7474
vn 0.5989 -0.7857 0.1548
vn 0.1754 -0.9828 0.0573
vn 0.3367 -0.9087 0.2467
vn 0.9044 -0.0187 0.4263
vn 0.8796 0.1531 0.4505
vn 0.6263 0.6221 0.4698
vn -0.1878 0.2219 -0.9568
vn -0.5362 0.4330 -0.7246
vn -0.9050 -0.0289 -0.4245
vn -0.5155 0.6668 -0.5381
vn -0.9466 0.1062 -0.3045
vn -0.7812 -0.0311 -0.6235
vn 0.3688 0.8835 -0.2889
vn 0.0171 0.8557 -0.5172
vn 0.0950 0.8889 0.4482
vn 0.7920 0.5832 0.1807
vn 0.4500 0.4975 0.7416
vn -0.4621 -0.8798 -0.1117
vn -0.2158 -0.8776 -0.4282
vn -0.9790 -0.1948 0.0597
vn -0.8551 0.2920 0.4285
vn -0.4662 -0.8626 0.1964
vn 0.1338 0.9608 0.2428
vn 0.2454 0.9215 0.3010
vn 0.1128 0.9328 0.3422
vn -0.8805 0.1567 -0.4473
vn -0.7127 -0.4671 -0.5233
vn -0.8284 -0.3347 -0.4492
vn 0.9009 -0.4249 -0.0888
vn 0.8086 -0.1798 -0.5602
vn 0.9527 0.0140 -0.3036
vn 0.5284 -0.4208 0.7374
vn 0.6377 -0.4189 0.6464
vn 0.5490 -0.6630 0.5089
vn 0.7828 0.2851 0.5531
vn 0.7268 0.4947 0.4765
vn 0.0048 0.4306 0.9025
vn -0.2142 0.6146 0.7592
vn -0.8471 0.3994 0.3505
vn -0.6950 0.4499 0.5609
vn 0.9051 0.2815 0.3185
vn 0.7963 -0.5749 0.1884
vn 0.9219 0.1419 -0.3604
vn 0.7268 -0.5761 0.3741
vn 0.3590 -0.7956 0.4880
vn 0.2338 -0.9698 0.0687
vn -0.4017 0.5962 0.6951
vn -0.2141 0.4840 0.8485
vn -0.2646 0.2575 0.9293
vn 0.8627 0.5026 0.0554
vn 0.7903 0.6126 0.0123
vn 0.6319 0.6603 0.4058
vn -0.8452 0.5192 0.1269
vn -0.9340 0.3013 -0.1922
vn -0.0773 -0.9369 -0.3408
vn -0.2964 -0.9374 -0.1826
vn -0.1364 -0.9830 -0.1233
vn -0.6071 -0.7898 0.0879
vn -0.5127 -0.8547 0.0812
vn -0.5424 -0.7865 0.2954
vn -0.7431 0.3625 -0.5625
vn 0.2429 0.9487 0.2026
vn -0.4936 0.8695 -0.0164
vn 0.5995 0.2466 0.7614
vn 0.2789 -0.8923 -0.3551
vn -0.0020 -0.9700 -0.2433
vn 0.2352 -0.8988 -0.3699
vn -0.2890 -0.9306 -0.2245
vn -0.3459 -0.9081 -0.2362
vn -0.3557 -0.9006 -0.2498
vn -0.0883 -0.9927 0.0824
vn -0.0323 -0.9764 0.2134
vn -0.0434 -0.7211 -0.6915
vn 0.6823 -0.7241 -0.1011
vn 0.9793 0.2023 -0.0101
vn 0.8764 0.1558 -0.4558
vn 0.9938 0.0811 0.0756
vn 0.8141 0.2832 0.5070
vn 0.9440 0.0332 0.3281
vn 0.8035 0.1069 0.5857
vn 0.9981 0.0535 -0.0292
vn 0.8863 0.2301 0.4018
vn 0.6431 0.6352 0.4278
vn 0.5584 -0.0123 0.8295
vn 0.7042 -0.0693 0.7066
vn 0.8181 -0.1999 0.5391
vn 0.5880 -0.5315 0.6097
vn 0.0828 -0.8416 0.5337
vn -0.1802 -0.7796 0.5998
vn 0.0396 0.1666 -0.9852
vn 0.3149 0.5182 -0.7952
vn 0.1488 0.5753 -0.8043
vn 0.5324 0.8465 -0.0079
vn 0.8203 0.4836 0.3053
vn 0.7889 0.6138 -0.0297
vn 0.0978 0.5506 0.8290
vn 0.4628 0.4323 0.7739
vn 0.0460 0.5613 0.8263
vn -0.4155 -0.8431 0.3414
vn 0.0217 -0.8891 0.4572
vn -0.2621 -0.8602 0.4375
vn 0.2085 0.8935 0.3977
vn -0.1682 0.2585 0.9512
vn 0.0531 0.7188 0.6932
vn -0.1296 -0.9893 -0.0671
vn 0.1168 -0.9931 -0.0119
vn 0.4513 -0.8547 0.2565
vn 0.3643 -0.8761 -0.3159
vn 0.6842 -0.7269 -0.0592
vn 0.3821 -0.3651 -0.8489
vn 0.1080 -0.5731 -0.8124
vn 0.0633 -0.6082 -0.7912
vn -0.8389 0.0770 0.5388
vn -0.7030 0.2289 0.6733
vn -0.8952 0.2174 0.3890
vn 0.0151 -0.7830 0.6219
vn 0.4907 -0.8169 0.3031
vn 0.5355 0.1901 0.8229
vn 0.4978 0.3984 0.7704
vn -0.1959 0.2053 0.9589
vn 0.9625 0.0234 0.2704
vn 0.6488 0.6519 -0.3925
vn 0.1068 0.9831 0.1485
vn 0.6731 0.7296 0.1210
vn 0.2638 0.0774 -0.9615
vn 0.1696 0.2055 -0.9638
vn -0.0083 0.0950 -0.9954
vn -0.1329 0.0632 -0.9891
vn 0.1557 0.0524 -0.9864
vn 0.7478 -0.3217 0.5808
vn 0.6487 -0.2597 0.7154
vn 0.3791 -0.7267 0.5728
vn 0.0532 -0.9393 -0.3391
vn 0.8808 -0.4427 0.1678
vn -0.8626 0.1755 -0.4745
vn -0.7524 -0.5139 0.4119
vn 0.0241 -0.4308 0.9021
vn -0.1903 -0.6753 0.7126
vn -0.3710 0.8360 0.4042
vn 0.0620 0.2737 0.9598
vn -0.9639 0.0165 0.2659
vn 0.2979 0.1651 0.9402
vn 0.5252 -0.2917 0.7994
vn 0.2682 -0.2989 0.9158
vn -0.7005 0.7060 -0.1041
vn -0.8551 0.5073 0.1069
vn -0.7132 0.6874 0.1374
vn 0.1033 0.9642 0.2441
vn -0.6967 0.6797 -0.2296
vn 0.5121 -0.8500 -0.1235
vn 0.8195 -0.5692 -0.0670
vn -0.2369 -0.7563 0.6099
vn -0.3213 -0.8168 0.4792
vn -0.4083 -0.1355 0.9027
vn 0.6232 0.7551 0.2035
vn -0.0207 0.9528 -0.3029
vn 0.0548 0.7517 0.6572
vn 0.9193 -0.1169 0.3758
vn 0.8144 -0.5800 0.0194
vn 0.6144 -0.7812 -0.1111
vn -0.3420 -0.0696 0.9371
vn -0.1291 -0.0424 0.9907
vn -0.2930 0.0437 0.9551
vn 0.4081 0.4974 -0.7655
vn 0.3744 -0.2255 -0.8994
vn -0.0482 -0.0343 -0.9983
vn -0.7508 0.6421 -0.1550
vn -0.4364 0.8675 -0.2387
vn -0.5087 0.8511 -0.1296
vn -0.8683 -0.3291 -0.3712
vn -0.4289 -0.8660 -0.2570
vn -0.2690 -0.9622 -0.0425
vn -0.1600 -0.5648 -0.8096
vn -0.1879 -0.8705 -0.4550
vn -0.3607 -0.6314 -0.6865
vn -0.5250 -0.1343 0.8404
vn -0.8133 -0.2284 0.5351
vn -0.1018 0.1234 0.9871
vn -0.0022 0.4557 -0.8901
vn 0.0093 0.3842 -0.9232
vn 0.1818 0.0152 -0.9832
vn -0.5113 0.5264 -0.6793
vn 0.0500 0.9932 -0.1055
vn -0.3848 -0.8241 0.4156
vn -0.0722 -0.9371 0.3414
vn -0.2346 -0.6452 0.7271
vn 0.0473 0.4122 -0.9099
vn -0.0042 0.4636 -0.8860
vn 0.2323 0.4205 -0.8770
vn 0.7642 0.5725 0.2971
vn -0.8275 0.5612 -0.0167
vn -0.2068 -0.9690 0.1353
vn 0.1459 -0.9444 0.2946
vn 0.7737 0.6222 -0.1193
vn 0.9851 0.1121 -0.1303
vn 0.7746 0.5547 0.3040
vn 0.4754 0.5993 0.6441
vn 0.6070 0.6543 0.4511
vn -0.2987 -0.2853 -0.9107
vn -0.0024 -0.4690 -0.8832
vn 0.0753 -0.4341 -0.8977
vn -0.9542 0.0261 0.2981
vn -0.9908 0.0483 0.1261
vn -0.9947 -0.0988 0.0269
vn 0.1757 0.6826 -0.7094
vn 0.6261 0.7796 0.0168
vn 0.9718 0.1675 -0.1661
vn 0.7910 0.5964 -0.1367
vn 0.8710 0.2404 0.4284
vn 0.7577 -0.4925 -0.4281
vn 0.0058 -0.7210 -0.6929
vn 0.6885 -0.7176 -0.1050
vn 0.9623 -0.1930 0.1914
vn 0.5618 -0.6374 -0.5274
vn 0.1389 0.9710 0.1948
vn -0.0022 0.6669 0.7451
vn -0.2766 0.4939 0.8244
vn -0.4079 0.6600 0.6309
vn 0.2170 -0.0535 -0.9747
vn 0.8677 0.0619 -0.4933
vn 0.5487 0.2875 -0.7850
vn 0.5029 0.6494 0.5705
vn 0.4185 0.4184 0.8061
vn 0.9150 -0.3287 0.2341
vn -0.9112 0.3254 -0.2527
vn -0.9203 -0.3858 -0.0654
vn -0.9732 0.0053 -0.2301
vn -0.3156 -0.2372 0.9188
vn -0.8378 -0.4881 0.2448
vn -0.7208 0.1470 0.6774
vn -0.9791 -0.0314 -0.2010
vn -0.9532 0.2929 0.0754
vn -0.9787 -0.0466 0.1999
vn 0.8328 -0.2722 -0.4820
vn 0.9096 -0.0146 -0.4152
vn -0.7593 0.6037 -0.2429
vn -0.8487 0.2086 -0.4859
vn -0.6320 0.5613 -0.5344
vn -0.8434 0.5366 -0.0281
vn -0.9170 0.3572 -0.1775
vn -0.8986 0.4386 -0.0109
vn -0.0722 0.6075 -0.7911
vn 0.0731 0.8047 -0.5891
vn -0.1964 0.9779 0.0711
vn -0.5958 0.8025 0.0313
vn -0.0942 0.9216 0.3766
vn -0.0606 -0.3387 -0.9389
vn -0.3076 -0.0592 -0.9497
vn 0.2469 -0.5173 -0.8194
vn -0.2536 0.9090 0.3308
vn -0.2128 -0.1840 -0.9596
vn -0.2696 -0.1029 -0.9574
vn 0.9192 -0.2838 0.2730
vn 0.6848 -0.5466 -0.4819
vn -0.7512 -0.3329 -0.5700
vn -0.8609 0.2473 -0.4446
vn -0.5823 -0.5056 -0.6366
vn 0.4897 -0.7737 0.4020
vn -0.4983 -0.2692 0.8242
vn -0.3546 -0.1140 0.9281
vn -0.2335 -0.1430 0.9618
vn -0.0282 0.9392 0.3422
vn 0.5017 0.6992 0.5093
vn 0.0410 0.7475 -0.6630
vn -0.4712 0.2386 0.8492
vn -0.5879 0.0555 0.8070
vn -0.6780 0.0965 0.7287
vn 0.3713 0.9189 -0.1335
vn -0.6171 0.5244 -0.5867
vn -0.5328 0.6610 0.5283
vn -0.5424 0.5324 0.6498
vn -0.7293 0.5750 0.3707
vn 0.8873 -0.3957 -0.2368
vn 0.8937 -0.2896 -0.3427
vn 0.9676 -0.2492 -0.0403
vn 0.1343 -0.9521 -0.2748
vn 0.1812 -0.9801 -0.0813
vn 0.6332 -0.4240 0.6475
vn 0.6984 -0.3977 0.5951
vn 0.7501 0.1740 0.6381
vn 0.9034 -0.1757 0.3911
vn 0.5366 0.2404 0.8089
vn 0.8683 -0.2589 0.4232
vn 0.4124 -0.2351 0.8801
vn 0.2204 0.7219 0.6559
vn 0.0355 0.7669 0.6408
vn 0.1166 0.9273 0.3557
vn -0.3975 0.0185 -0.9174
vn -0.0225 0.6362 -0.7712
vn 0.0261 0.3782 -0.9253
vn 0.8406 0.0366 0.5404
vn 0.9764 0.2032 0.0726
vn -0.7642 0.6364 -0.1050
vn -0.8285 0.5138 -0.2230
vn -0.7545 0.6061 -0.2517
vn -0.9237 0.3639 0.1197
vn -0.9181 0.3508 0.1843
vn -0.9359 0.3296 0.1240
vn 0.9066 -0.3832 -0.1767
vn 0.6930 -0.1614 -0.7026
vn 0.6401 -0.3955 -0.6587
vn 0.6488 0.7445 0.1572
vn 0.5140 0.8356 -0.1937
vn 0.1472 0.9888 -0.0259
vn 0.0125 0.9689 0.2470
vn -0.4949 0.8221 -0.2816
vn -0.3052 0.8425 -0.4439
vn -0.8191 0.5262 -0.2284
vn 0.5484 0.0650 0.8337
vn 0.4847 0.8041 0.3442
vn -0.5883 -0.3354 -0.7358
vn -0.9929 0.0664 -0.0986
vn -0.6706 -0.3229 -0.6678
vn -0.7540 -0.3307 -0.5676
vn -0.7978 -0.3541 -0.4880
vn -0.8861 0.2786 -0.3705
vn -0.6745 0.4100 -0.6139
vn -0.6337 0.4916 -0.5972
vn 0.5437 -0.6139 0.5723
vn 0.6302 -0.4772 0.6125
vn 0.4066 -0.3925 0.8250
vn 0.1764 -0.7708 0.6121
vn -0.1610 -0.7464 0.6457
vn -0.7105 -0.3307 -0.6211
vn -0.5582 -0.6684 -0.4915
vn -0.8242 -0.0250 -0.5657
vn 0.0302 -0.8563 0.5156
vn -0.4356 -0.7490 0.4992
vn -0.5048 0.4532 -0.7347
vn -0.0905 0.7624 0.6407
vn -0.4318 -0.2703 -0.8605
vn -0.5659 0.5335 -0.6286
vn 0.0042 0.4667 -0.8844
vn -0.4514 0.6208 -0.6410
vn -0.8263 0.2054 -0.5245
vn -0.8122 0.1232 -0.5702
vn -0.8680 0.2075 -0.4512
vn -0.7763 0.5243 -0.3500
vn -0.5759 0.4831 -0.6595
vn -0.9553 -0.2554 -0.1489
vn -0.8779 -0.4748 0.0623
vn -0.9268 -0.3310 -0.1777
vn -0.8957 0.0012 -0.4446
vn -0.8021 -0.5777 -0.1511
vn 0.7271 0.2386 -0.6437
vn 0.3828 0.0145 -0.9237
vn 0.6729 -0.3367 -0.6587
vn -0.8608 0.1579 0.4839
vn -0.4037 0.2684 0.8746
vn -0.3800 0.7521 0.5385
vn 0.2846 -0.4208 -0.8613
vn 0.1882 -0.5078 -0.8407
vn 0.3590 -0.5227 -0.7732
vn -0.6041 0.5426 0.5836
vn -0.7520 0.6186 0.2277
vn -0.6372 0.7180 0.2802
vn -0.0543 -0.3254 0.9440
vn 0.1237 0.5054 0.8540
vn -0.6084 0.4133 0.6775
vn -0.3251 0.1808 0.9282
vn -0.0927 0.1251 0.9878
vn -0.1891 0.2458 0.9507
vn -0.2951 -0.9186 -0.2629
vn -0.7388 -0.5431 -0.3990
vn -0.1983 -0.9795 0.0363
vn 0.1506 -0.9712 0.1845
vn 0.3295 -0.9417 0.0685
vn 0.1597 -0.7153 -0.6803
vn 0.3701 -0.9123 -0.1751
vn 0.6145 -0.7017 -0.3607
vn -0.5221 0.8427 -0.1315
vn -0.9547 0.2632 0.1391
vn -0.8310 0.5559 0.0217
vn -0.2296 -0.6517 -0.7229
vn -0.7366 -0.5045 -0.4505
vn -0.8726 -0.2772 -0.4022
vn -0.7865 -0.5700 -0.2378
vn 0.1099 0.5831 0.8049
vn -0.2688 0.7676 0.5819
vn -0.0734 0.7947 0.6025
vn 0.7505 0.6214 -0.2247
vn 0.9109 0.2604 -0.3201
vn 0.9765 0.1546 -0.1502
vn -0.5532 0.7719 -0.3134
vn -0.5205 0.7532 -0.4022
vn -0.2967 0.8401 -0.4541
vn -0.9223 0.1181 -0.3680
vn -0.8504 0.0934 -0.5178
vn -0.7931 -0.0172 -0.6089
vn 0.3137 -0.1995 -0.9283
vn 0.4737 0.3407 -0.8121
vn 0.3140 0.8234 0.4727
vn 0.6442 0.7598 0.0877
vn 0.8095 0.5768 0.1093
vn -0.3385 -0.9064 -0.2527
vn -0.4447 -0.8159 0.3697
vn -0.1528 -0.7676 0.6225
vn -0.4572 0.4546 0.7644
vn -0.7424 0.6599 0.1160
vn -0.8745 0.4238 0.2358
vn -0.3601 -0.2558 -0.8972
vn -0.5776 0.1029 -0.8098
vn -0.2820 -0.1166 -0.9523
vn 0.0120 -0.2583 -0.9660
vn -0.2707 -0.0689 -0.9602
vn -0.3946 -0.2515 -0.8838
vn -0.7332 -0.6175 -0.2849
vn -0.8897 -0.3017 -0.3427
vn -0.7092 -0.6470 -0.2801
vn -0.7266 -0.6780 -0.1113
vn -0.8530 -0.4424 -0.2767
vn -0.8198 0.1352 -0.5564
vn -0.6706 -0.0484 -0.7402
vn -0.7126 -0.0249 -0.7011
vn -0.5445 0.6677 -0.5076
vn -0.5768 0.8109 -0.0991
vn 0.8970 0.4320 0.0935
vn 0.9103 0.4011 -0.1025
vn 0.9508 0.3096 0.0131
vn 0.4201 -0.9062 -0.0485
vn -0.1797 -0.9372 0.2991
vn 0.4903 -0.8641 0.1140
vn -0.3582 0.9158 0.1817
vn 0.5378 0.7146 0.4473
vn -0.3162 0.9386 0.1379
vn 0.6513 -0.6549 -0.3833
vn 0.3821 -0.4712 -0.7949
vn 0.5903 -0.4834 -0.6464
vn -0.8498 -0.5186 0.0948
vn -0.7650 0.0830 0.6387
vn -0.7315 0.6502 -0.2055
vn -0.8367 0.3612 -0.4117
vn -0.9486 -0.2754 -0.1561
vn -0.8283 0.1939 -0.5257
vn -0.6276 0.7766 -0.0543
vn -0.6438 0.6496 0.4045
vn -0.9225 0.3652 -0.1248
vn 0.6469 0.3633 0.6705
vn 0.1778 0.9425 0.2829
vn 0.5260 0.8047 0.2752
vn 0.0287 0.8074 -0.5893
vn 0.5526 -0.1840 -0.8129
vn -0.1311 0.6361 -0.7604
vn 0.3498 -0.5797 -0.7360
vn 0.2570 -0.5000 -0.8270
vn 0.5866 -0.5741 -0.5713
vn -0.3014 -0.9496 0.0865
vn 0.2526 -0.8820 -0.3978
vn -0.1670 -0.9300 -0.3273
vn -0.2907 0.9391 -0.1832
vn -0.6262 0.6819 0.3780
vn 0.0580 0.2049 0.9771
vn 0.4308 0.1726 0.8858
vn 0.5339 -0.2309 0.8134
vn 0.8818 -0.2573 -0.3952
vn 0.6389 0.2454 -0.7291
vn -0.5881 -0.8060 0.0671
vn -0.7407 -0.5960 0.3100
vn -0.7504 -0.6607 -0.0184
vn -0.6316 0.0309 -0.7747
vn -0.6850 -0.1755 -0.7071
vn -0.6709 -0.1016 -0.7346
vn -0.4237 -0.1692 0.8898
vn 0.1651 -0.2345 0.9580
vn 0.0133 -0.7906 0.6122
vn -0.0797 -0.2121 0.9740
vn -0.6858 0.6330 0.3592
vn -0.4531 0.6832 0.5727
vn 0.4773 0.2461 0.8435
vn 0.5406 -0.1386 0.8298
vn -0.0774 0.1208 0.9897
vn 0.1317 0.4615 0.8773
vn 0.5370 -0.6409 0.5485
vn 0.3310 0.0717 0.9409
vn -0.0246 0.5174 0.8554
vn -0.5934 0.1935 0.7813
vn 0.1101 0.7202 0.6850
vn 0.3565 0.4039 0.8425
vn 0.0738 -0.9771 -0.1996
vn 0.1762 0.8081 0.5621
vn -0.1541 0.2438 0.9575
vn 0.2806 0.7439 0.6065
vn 0.1124 -0.7046 0.7006
vn -0.0166 -0.8906 0.4545
vn -0.2644 0.0485 -0.9632
vn -0.3116 0.3561 -0.8809
vn -0.5905 -0.0486 -0.8056
vn -0.9379 0.1110 -0.3286
vn -0.9288 0.2224 -0.2964
vn -0.9307 0.0924 -0.3539
vn -0.7320 0.3312 -0.5954
vn -0.7352 0.3226 -0.5961
vn -0.8405 -0.5395 0.0498
vn 0.3998 -0.5780 0.7114
vn -0.5205 -0.0924 0.8488
vn -0.9784 0.1963 0.0652
vn -0.8299 0.2339 0.5065
vn -0.9713 0.1025 -0.2146
vn 0.0342 -0.9979 -0.0556
vn 0.0041 -0.9977 -0.0669
vn 0.2701 -0.9570 -0.1058
vn 0.7526 0.1916 -0.6299
vn 0.2463 0.7567 -0.6056
vn -0.9623 0.2612 0.0754
vn -0.3957 0.5269 -0.7522
vn -0.7467 0.5933 0.3008
vn 0.8736 -0.3318 -0.3561
vn 0.7697 -0.3968 -0.5002
vn 0.9586 -0.2077 -0.1948
vn -0.9794 0.1267 -0.1569
vn 0.4805 -0.6688 -0.5674
vn 0.1790 -0.6754 -0.7154
vn -0.0829 -0.8922 -0.4439
vn -0.2198 -0.5298 0.8192
vn 0.4213 -0.4468 0.7892
vn 0.2559 -0.3492 0.9014
vn 0.6944 0.5522 0.4613
vn 0.7509 0.6589 -0.0441
vn 0.3752 0.0866 0.9229
vn 0.2000 0.1061 0.9740
vn 0.5032 0.8601 -0.0841
vn 0.7154 0.1828 -0.6744
vn 0.2880 0.2033 0.9358
vn 0.5711 -0.1697 0.8032
vn -0.7854 -0.1537 -0.5996
vn 0.3828 0.4895 -0.7834
vn -0.6795 -0.3777 -0.6290
vn -0.9563 0.0521 0.2876
vn -0.4090 0.1823 0.8941
vn -0.8687 0.0475 0.4931
vn 0.5209 -0.7802 0.3465
vn 0.2468 0.1456 0.9581
vn 0.1660 0.5184 0.8389
vn -0.0236 0.2457 0.9690
vn -0.0545 0.4182 0.9067
vn 0.7207 0.2284 0.6546
vn 0.7299 0.2200 0.6472
vn 0.8672 0.2121 0.4506
vn 0.5606 0.8265 -0.0514
vn 0.7270 0.6803 0.0931
vn 0.9490 0.0750 0.3062
vn -0.1051 -0.2838 0.9531
vn 0.4142 -0.3154 0.8538
vn -0.4991 -0.0216 -0.8663
vn -0.6303 0.5695 -0.5276
vn -0.7425 -0.6276 0.2339
vn -0.7022 -0.5973 0.3873
vn -0.8857 -0.3674 0.2838
vn -0.5083 -0.8604 0.0363
vn -0.7519 -0.6557 -0.0682
vn -0.4494 -0.8484 0.2796
vn -0.5035 0.1367 -0.8531
vn -0.4709 0.4198 -0.7759
vn -0.4639 -0.1891 -0.8655
vn -0.8294 -0.0155 -0.5585
vn -0.8776 0.1661 -0.4496
vn 0.6757 0.5925 -0.4385
vn 0.8605 0.3512 0.3690
vn 0.3597 0.9238 0.1311
vn 0.6059 0.4414 0.6618
vn 0.7298 0.1496 0.6670
vn -0.9945 0.0359 0.0983
vn -0.7244 0.2668 -0.6357
vn -0.8764 0.2808 -0.3913
vn 0.0090 0.9276 -0.3734
vn 0.0477 0.6743 -0.7369
vn -0.6093 -0.1357 0.7813
vn -0.8332 -0.2351 0.5005
vn -0.6585 -0.3395 0.6717
vn -0.0836 -0.7252 0.6834
vn 0.0346 -0.5131 0.8576
vn -0.7185 -0.4593 0.5224
vn -0.3935 -0.6331 0.6666
vn -0.0753 -0.9655 0.2492
vn -0.1402 -0.5365 0.8322
vn -0.1892 0.4651 -0.8648
vn -0.8134 -0.0531 -0.5793
vn -0.7243 -0.0482 -0.6878
vn -0.7564 -0.0849 -0.6486
vn -0.0723 0.9013 0.4272
vn -0.0656 0.8863 0.4584
vn 0.1843 0.6006 0.7780
vn 0.3039 0.8335 0.4614
vn 0.9914 0.1288 -0.0225
vn 0.8734 0.2934 -0.3888
vn 0.8789 0.4150 -0.2351
vn 0.2969 -0.9444 -0.1413
vn -0.2054 -0.8815 -0.4251
vn -0.2036 -0.8232 -0.5301
vn 0.4414 0.8272 -0.3477
vn 0.5010 0.6990 -0.5104
vn 0.5993 0.7554 -0.2650
vn -0.3393 0.8230 0.4555
vn 0.3075 0.5791 0.7550
vn -0.7156 0.4106 0.5651
vn 0.0864 -0.9015 0.4240
vn 0.0449 -0.9183 -0.3934
vn 0.0110 -0.9996 0.0245
vn 0.0882 0.6097 -0.7877
vn 0.0385 0.7131 -0.7000
vn -0.0225 0.7772 -0.6289
vn -0.1862 0.6080 -0.7718
vn -0.6366 0.1948 0.7462
vn -0.5259 0.0177 0.8504
vn -0.4586 0.1366 0.8781
vn -0.2238 0.1417 0.9643
vn -0.4364 0.2593 0.8616
vn 0.3388 0.3363 0.8787
vn 0.2527 -0.2956 0.9213
vn 0.3015 0.8420 0.4474
vn 0.5381 0.5512 0.6377
vn 0.5555 0.6105 0.5646
vn -0.4431 -0.8938 -0.0690
vn -0.4181 -0.7415 -0.5248
vn 0.8235 -0.3435 0.4516
vn 0.4223 -0.8888 -0.1783
vn 0.6962 0.5572 0.4526
vn 0.7802 0.5183 0.3504
vn 0.8133 0.4436 0.3765
vn -0.0732 0.9964 0.0419
vn -0.0900 0.9456 0.3125
vn -0.7716 0.6346 0.0444
vn -0.6700 0.7237 -0.1652
vn -0.4979 0.8588 0.1209
vn -0.4511 0.8916 0.0391
vn -0.2819 -0.9559 0.0825
vn -0.2172 -0.9482 0.2319
vn -0.1929 -0.9731 0.1261
vn 0.8369 0.4878 -0.2482
vn 0.4767 0.6145 0.6286
vn 0.9437 0.2918 -0.1557
vn -0.0012 -0.9798 0.2000
vn 0.1563 -0.9867 0.0448
vn 0.0953 -0.9268 0.3632
vn 0.0236 -0.9753 0.2194
vn 0.7951 -0.4754 0.3767
vn -0.0148 -0.9605 0.2780
vn 0.4122 -0.2180 0.8846
vn -0.8332 0.5037 -0.2283
vn -0.7096 -0.0035 0.7046
vn -0.7477 -0.5289 0.4016
vn -0.5513 -0.1433 0.8219
vn -0.5041 -0.8323 0.2305
vn -0.7062 -0.7068 0.0422
vn 0.5448 -0.7886 -0.2852
vn -0.1291 0.5230 -0.8425
vn -0.1975 0.5564 -0.8071
vn 0.2844 0.4429 0.8503
vn 0.5186 0.5016 0.6925
vn 0.6840 -0.7093 -0.1705
vn 0.5361 -0.8441 -0.0104
vn 0.6344 0.4317 0.6412
vn -0.8240 -0.5586 0.0954
vn -0.6820 -0.6550 -0.3253
vn 0.7768 0.3379 0.5314
vn -0.9733 -0.2138 0.0831
vn -0.9572 -0.2558 -0.1355
vn -0.8412 0.2707 -0.4682
vn -0.0311 0.9986 0.0427
vn -0.3132 0.8415 0.4403
vn 0.1258 0.9494 0.2878
vn -0.3267 0.1555 0.9322
vn -0.3878 0.5268 0.7564
vn 0.8300 0.4582 0.3180
vn 0.2009 0.9578 0.2055
vn 0.9001 -0.1666 0.4026
vn 0.4747 0.1722 0.8631
vn 0.5639 -0.3260 0.7588
vn 0.3738 0.8835 0.2823
vn 0.5041 0.8631 -0.0298
vn 0.4645 0.8276 0.3150
vn -0.2996 -0.3427 -0.8904
vn 0.5454 0.1633 -0.8221
vn -0.1634 -0.5050 -0.8475
vn 0.9064 0.3548 0.2292
vn 0.7852 -0.3357 0.5203
vn 0.8637 0.0152 0.5038
vn 0.8378 0.1733 0.5177
vn 0.4322 0.5733 0.6961
vn -0.4424 -0.8940 -0.0716
vn 0.1945 -0.9322 0.3052
vn -0.3487 -0.9186 0.1860
vn 0.6983 -0.0796 0.7114
vn -0.3867 -0.8523 0.3524
vn 0.3212 -0.3115 -0.8943
vn 0.6178 0.7498 -0.2370
vn 0.5167 0.3322 -0.7891
vn 0.2266 0.9725 0.0533
vn -0.0471 0.9843 0.1699
vn 0.2823 0.8836 -0.3736
vn 0.8197 -0.4987 0.2817
vn 0.9073 -0.2791 0.3144
vn 0.8072 -0.4189 0.4158
vn 0.9596 -0.2718 -0.0720
vn 0.5725 -0.2869 -0.7681
vn 0.9946 0.0167 0.1023
vn 0.9080 0.0852 0.4102
vn 0.9026 -0.0602 0.4262
vn 0.2522 0.6973 0.6710
vn 0.4485 0.4268 -0.7853
vn 0.7216 -0.1736 -0.6702
vn 0.4390 -0.3664 -0.8204
vn 0.4360 -0.2435 -0.8664
vn -0.5607 0.7836 -0.2676
vn -0.9129 0.3032 -0.2733
vn -0.8501 0.4915 -0.1892
vn -0.6040 0.7970 -0.0005
vn -0.3982 0.8413 -0.3656
vn -0.7929 0.5270 -0.3058
vn -0.7350 0.6676 -0.1188
vn -0.3991 0.8603 -0.3172
vn -0.8576 -0.2722 -0.4364
vn -0.8677 0.2291 -0.4411
vn -0.8418 0.4318 -0.3239
vn -0.2523 -0.0071 0.9676
vn -0.2801 0.3688 0.8863
vn -0.4892 0.3665 0.7914
vn 0.1838 -0.3187 -0.9299
vn 0.7098 0.5456 -0.4455
vn 0.4876 0.7395 -0.4642
vn 0.3509 0.8556 0.3807
vn 0.1607 0.8176 0.5528
vn -0.4083 -0.7195 0.5618
vn -0.5115 -0.7614 0.3983
vn -0.3791 -0.7779 0.5011
vn 0.9572 -0.0983 -0.2723
vn 0.9241 -0.0347 -0.3806
vn 0.9610 -0.1254 0.2465
vn 0.8306 0.0827 0.5507
vn 0.9458 -0.0420 0.3221
vn -0.2236 -0.2308 -0.9469
vn -0.0254 0.1001 -0.9947
vn 0.0628 0.0445 -0.9970
vn -0.8970 0.4420 0.0006
vn -0.9167 0.3996 0.0043
vn -0.9422 0.3271 -0.0728
vn 0.8098 0.5671 0.1505
vn 0.4334 0.8509 -0.2968
vn 0.3805 0.8477 0.3696
vn 0.2556 0.0868 0.9629
vn -0.2496 -0.0309 0.9679
vn -0.2308 0.3869 0.8928
vn -0.5754 0.2133 0.7896
vn 0.0579 0.4578 0.8872
vn -0.6856 0.2811 0.6715
vn 0.0472 -0.1749 -0.9834
vn 0.2107 -0.3905 -0.8962
vn 0.9126 0.0882 -0.3992
vn 0.7809 -0.0080 -0.6246
vn -0.1707 -0.0279 -0.9849
vn -0.5381 -0.7636 -0.3568
vn -0.0463 0.5639 0.8245
vn -0.8647 0.3647 0.3453
vn -0.7067 0.5509 0.4440
vn 0.4059 -0.8167 0.4101
vn 0.0688 -0.9689 0.2377
vn 0.9285 -0.1830 -0.3230
vn 0.0376 -0.1797 -0.9830
vn -0.1831 0.9685 -0.1690
vn -0.2849 -0.3905 -0.8754
vn -0.0953 -0.5242 -0.8462
vn 0.0482 -0.2371 -0.9703
vn 0.8202 -0.5257 0.2255
vn 0.5129 -0.8239 0.2411
vn -0.3214 0.4334 -0.8419
vn 0.3817 -0.4596 -0.8019
vn -0.2830 -0.0314 -0.9586
vn 0.0461 -0.9003 0.4328
vn -0.3031 -0.5494 0.7787
vn 0.5465 -0.5659 0.6174
vn 0.5381 -0.3601 -0.7621
vn 0.7858 -0.3008 -0.5404
vn 0.7555 -0.3310 -0.5654
vn -0.1009 -0.9647 0.2433
vn -0.4778 -0.8784 0.0114
vn -0.6415 -0.6280 0.4406
vn 0.3347 -0.9295 0.1551
vn 0.4708 -0.5779 0.6666
vn 0.3900 -0.6224 0.6787
vn 0.3310 -0.9292 0.1642
vn 0.0838 -0.9949 0.0569
vn -0.0743 0.3026 0.9502
vn -0.0584 0.3901 0.9189
vn 0.3138 0.3453 0.8845
vn -0.2996 0.3840 0.8734
vn -0.2203 0.4095 0.8853
vn 0.2660 0.2152 0.9396
vn 0.4798 0.1651 0.8617
vn 0.2262 0.1975 0.9538
vn 0.8374 0.3742 0.3984
vn 0.9096 -0.4108 0.0615
vn 0.9121 -0.4090 0.0282
vn -0.3630 -0.8175 -0.4471
vn -0.4784 -0.1291 -0.8686
vn 0.4491 -0.6977 -0.5581
vn 0.4154 -0.5977 -0.6857
vn 0.1927 -0.8683 -0.4570
vn -0.7541 -0.0362 0.6558
vn -0.8833 -0.4166 0.2148
vn -0.8533 0.2206 0.4725
vn 0.0455 0.7952 0.6046
vn -0.1753 0.7522 0.6351
vn -0.6105 0.7486 -0.2586
vn -0.1784 0.8267 -0.5337
vn 0.2433 0.5961 -0.7652
vn 0.7970 -0.0129 -0.6039
vn -0.8646 -0.1405 -0.4825
vn -0.7524 -0.0000 -0.6587
vn -0.8166 0.1520 -0.5568
vn -0.7180 -0.0293 -0.6954
vn 0.7941 -0.3098 0.5229
vn -0.2111 -0.9310 0.2978
vn -0.5071 0.7466 -0.4306
vn -0.7460 0.6560 0.1146
vn -0.6685 -0.5123 -0.5391
vn -0.3941 -0.0275 -0.9187
vn -0.0893 -0.7708 -0.6308
vn -0.7025 0.4635 -0.5401
vn -0.8164 0.5435 0.1949
vn -0.7734 0.1014 0.6257
vn -0.8540 0.4711 -0.2209
vn -0.0323 -0.1193 0.9923
vn -0.7209 -0.3514 0.5973
vn -0.8338 -0.1227 0.5382
vn -0.8849 -0.3464 0.3113
vn -0.6819 -0.1028 0.7241
vn 0.5702 0.6007 0.5603
vn 0.4677 0.7202 0.5124
vn 0.5960 0.0169 0.8028
vn -0.6623 0.5389 -0.5205
vn -0.8781 0.4733 -0.0704
vn -0.6868 0.5931 0.4202
vn -0.8841 0.4219 0.2012
vn -0.9232 0.3809 -0.0520
vn -0.4508 -0.6982 0.5561
vn -0.4952 -0.6859 0.5332
vn 0.3840 -0.5856 0.7138
vn 0.4617 0.2072 0.8625
vn -0.1808 -0.7871 -0.5897
vn -0.0594 -0.9863 0.1538
vn -0.2105 0.9772 0.0284
vn 0.6172 0.7786 -0.1131
vn -0.2809 0.9401 0.1931
vn 0.3149 -0.5901 -0.7434
vn 0.3556 -0.5536 -0.7530
vn 0.6011 -0.5349 -0.5938
vn 0.4518 -0.8164 0.3597
vn 0.1383 -0.9667 0.2155
vn 0.1935 -0.9082 0.3712
vn 0.1186 -0.6300 -0.7675
vn 0.3323 -0.6079 -0.7211
vn 0.4285 -0.4510 -0.7829
vn -0.1306 0.9711 -0.1998
vn 0.1742 0.7983 0.5765
vn 0.3110 0.8661 0.3912
vn -0.9650 0.2221 -0.1398
vn -0.9393 -0.0741 -0.3350
vn -0.8864 -0.0028 -0.4629
vn 0.2642 0.5195 0.8126
vn 0.1007 0.9635 0.2481
vn 0.2328 0.9216 0.3105
vn -0.0540 0.6962 0.7158
vn 0.2048 -0.1451 0.9680
vn -0.1439 -0.0066 0.9896
vn -0.0717 -0.4256 -0.9021
vn -0.2786 -0.6110 -0.7410
vn 0.0577 -0.4828 -0.8738
vn 0.2599 0.9656 0.0124
vn 0.6409 0.7057 0.3021
vn -0.6423 0.4564 0.6158
vn 0.7223 0.6406 0.2606
vn 0.6772 0.7241 0.1306
vn 0.5511 0.7457 0.3744
vn -0.4101 0.9010 -0.1416
vn -0.4297 0.3748 0.8215
vn 0.0712 -0.9865 -0.1477
vn -0.3595 -0.4878 -0.7955
vn 0.8398 -0.4812 -0.2515
vn 0.0406 -0.9430 -0.3303
vn -0.9583 -0.1718 -0.2285
vn -0.9077 -0.3741 -0.1902
vn -0.2455 0.9664 0.0761
vn 0.3253 0.8699 0.3708
vn -0.4146 0.8531 -0.3167
vn -0.4370 0.5114 -0.7399
vn -0.8184 0.2874 -0.4976
vn 0.8505 0.4389 0.2900
vn 0.6107 0.5541 0.5657
vn 0.5411 0.0169 0.8408
vn 0.7838 0.5189 0.3411
vn 0.7326 0.5968 0.3273
vn 0.0619 -0.7245 0.6865
vn -0.1877 -0.7907 0.5827
vn 0.1892 -0.9804 -0.0548
vn 0.5745 0.2236 0.7873
vn 0.7571 0.0955 0.6463
vn 0.6652 0.1662 0.7280
vn 0.3872 0.0998 0.9166
vn 0.2937 0.5392 0.7893
vn 0.5796 0.0082 0.8149
vn 0.4797 0.2248 0.8481
vn 0.5715 0.0718 0.8175
vn 0.4578 0.0601 -0.8870
vn 0.4459 -0.1866 -0.8754
vn -0.0415 0.4769 0.8780
vn -0.4982 0.2827 -0.8197
vn -0.7245 -0.1692 -0.6682
vn -0.6832 -0.0905 -0.7246
vn -0.1359 0.4234 0.8957
vn 0.2636 0.5606 0.7850
vn -0.0092 0.1462 -0.9892
vn -0.1977 -0.4398 -0.8761
vn 0.5649 0.3508 -0.7468
vn 0.4400 -0.2633 -0.8585
vn -0.3031 0.2234 -0.9264
vn -0.1925 0.1166 -0.9743
vn -0.2620 0.2615 -0.9290
vn -0.9392 -0.0712 -0.3360
vn -0.7873 -0.5127 -0.3425
vn -0.7638 -0.6407 -0.0780
vn -0.9549 0.1285 -0.2676
vn -0.5637 -0.7678 0.3046
vn -0.8409 -0.4253 -0.3347
vn -0.4396 0.8956 -0.0677
vn 0.4258 0.5015 0.7531
vn 0.4370 0.5214 0.7329
vn -0.6814 0.5964 0.4243
vn -0.4392 0.8859 0.1492
vn -0.2563 0.9664 0.0212
vn -0.7133 -0.2479 0.6555
vn -0.5819 0.5799 0.5702
vn 0.7397 -0.0732 0.6689
vn 0.4523 0.5805 0.6771
vn 0.0623 -0.3423 0.9375
vn 0.2181 -0.7830 0.5825
vn -0.4013 -0.8905 -0.2145
vn -0.3611 -0.9229 -0.1339
vn -0.5479 -0.7636 -0.3418
vn -0.6326 -0.5614 -0.5336
vn -0.8679 -0.2815 -0.4092
vn 0.2283 -0.8265 -0.5146
vn 0.6823 -0.5660 -0.4627
vn -0.1302 -0.9712 0.1994
vn -0.0503 -0.9190 0.3910
vn -0.2923 -0.9098 0.2947
vn 0.5506 0.1603 -0.8192
vn 0.2115 -0.1910 -0.9585
vn -0.2338 -0.2292 -0.9449
vn 0.3402 -0.3836 -0.8586
vn -0.5783 -0.1362 0.8044
vn -0.6488 -0.3303 0.6855
vn -0.0442 -0.1652 0.9853
vn -0.3965 0.5146 -0.7602
vn -0.5910 -0.2045 -0.7803
vn -0.9044 0.4180 -0.0859
vn -0.3524 0.9188 0.1779
vn 0.0263 0.8035 0.5948
vn 0.0046 0.8970 0.4421
vn -0.2414 0.9476 -0.2092
vn -0.2440 0.9571 0.1565
vn -0.4674 0.8441 -0.2627
vn -0.2193 -0.7396 0.6364
vn -0.1343 -0.8910 0.4338
vn -0.5355 -0.7426 0.4022
vn 0.5260 -0.5821 -0.6201
vn 0.3383 -0.3441 -0.8759
vn 0.4774 -0.3622 -0.8006
vn 0.0066 -0.5309 -0.8474
vn -0.2331 -0.0634 -0.9704
vn -0.5834 0.6894 0.4295
vn 0.2369 0.6055 0.7598
vn 0.5708 -0.7958 -0.2024
vn 0.1733 -0.5695 -0.8035
vn 0.5872 -0.7769 -0.2272
vn 0.9704 -0.2412 0.0083
vn 0.9045 -0.3357 -0.2630
vn 0.8802 -0.4409 -0.1757
vn -0.3448 -0.7441 0.5722
vn -0.3358 -0.8455 0.4153
vn -0.1201 -0.0381 0.9920
vn -0.1793 0.3304 0.9267
vn 0.4730 -0.1911 0.8601
vn -0.5175 -0.4451 -0.7308
vn -0.7459 -0.5376 -0.3932
vn -0.4561 -0.4181 -0.7856
vn 0.2965 0.5752 -0.7624
vn 0.1536 0.5510 -0.8202
vn 0.7942 0.6032 -0.0738
vn -0.0380 -0.9382 -0.3439
vn -0.7904 -0.4411 -0.4252
vn 0.0495 -0.9468 0.3180
vn -0.2151 -0.8600 -0.4627
vn -0.3172 -0.9464 0.0613
vn -0.1045 -0.9791 -0.1745
vn 0.0942 -0.9921 -0.0829
vn 0.1137 -0.9887 0.0979
vn -0.0586 0.4379 0.8971
vn -0.0482 0.5139 0.8565
vn 0.0682 0.5347 0.8423
vn 0.1764 0.5768 0.7976
vn 0.1088 0.6580 0.7451
vn 0.1616 -0.9852 0.0573
vn 0.0886 -0.9856 0.1439
vn 0.2676 0.9012 0.3409
vn -0.9238 0.1172 -0.3646
vn -0.8075 -0.1716 -0.5643
vn 0.0723 -0.2491 0.9658
vn 0.2619 -0.3999 0.8784
vn -0.3453 0.8494 -0.3992
vn -0.2527 0.7048 -0.6629
vn -0.5139 0.5750 -0.6366
vn -0.8838 0.4087 0.2277
vn -0.5690 0.7735 -0.2791
vn -0.9003 -0.2579 -0.3507
vn -0.7876 0.4295 -0.4418
vn -0.7162 -0.2047 -0.6673
vn -0.8678 0.3860 -0.3130
vn 0.3819 0.8295 0.4076
vn 0.9502 0.0220 0.3108
vn 0.7574 -0.5951 0.2687
vn 0.7830 -0.4732 0.4037
vn -0.7975 0.4346 -0.4186
vn -0.4210 0.8432 -0.3343
vn -0.1382 0.6647 -0.7342
vn 0.2196 0.5649 -0.7954
vn 0.1106 0.8563 -0.5045
vn -0.7464 -0.6655 -0.0041
vn -0.6354 -0.3473 0.6897
vn 0.1440 -0.7399 0.6571
vn -0.3631 -0.7515 -0.5508
vn -0.9137 -0.3898 0.1144
vn 0.6666 -0.7405 -0.0855
vn 0.4911 -0.8652 -0.1013
vn 0.8733 -0.4367 0.2160
vn 0.7204 0.5726 0.3913
vn 0.6792 0.6658 0.3087
vn 0.2595 -0.1649 -0.9516
vn 0.4000 -0.1891 -0.8968
vn -0.8055 -0.0230 -0.5921
vn -0.9015 0.1150 -0.4171
vn -0.7613 -0.0046 -0.6484
vn -0.4655 0.8003 0.3780
vn -0.3760 0.9136 0.1549
vn -0.1524 0.9876 0.0365
vn -0.5124 0.7146 -0.4762
vn -0.3450 0.7287 -0.5916
vn -0.4153 0.6091 -0.6757
vn 0.4079 0.8497 0.3342
vn 0.5556 0.8115 -0.1807
vn 0.6457 0.5611 0.5179
vn 0.7180 -0.1207 0.6855
vn 0.5732 -0.0738 0.8161
vn 0.3653 0.9172 0.1590
vn 0.5896 0.8017 0.0982
vn 0.4935 0.8086 0.3203
vn 0.6876 -0.2287 -0.6891
vn 0.7290 -0.6562 -0.1950
vn 0.9375 -0.1595 -0.3094
vn -0.9402 -0.0968 -0.3266
vn -0.3202 -0.3169 -0.8928
vn -0.0970 -0.4936 -0.8642
vn -0.1139 -0.2690 -0.9564
vn -0.1279 0.6852 -0.7171
vn 0.9761 -0.2134 -0.0400
vn 0.7214 -0.5568 -0.4118
vn 0.5850 0.6140 0.5298
vn 0.6882 0.7173 -0.1088
vn -0.2785 0.8649 0.4176
vn -0.5483 0.7513 0.3674
vn -0.8351 0.5500 -0.0139
vn -0.9678 0.2502 0.0275
vn -0.8792 0.3905 -0.2728
vn -0.5831 -0.3197 -0.7468
vn 0.3975 -0.2919 -0.8700
vn 0.6423 -0.7659 0.0304
vn 0.9306 -0.2795 0.2363
vn 0.4817 -0.5543 -0.6788
vn -0.0620 -0.4342 -0.8987
vn -0.3097 -0.0518 -0.9494
vn -0.2603 -0.2452 -0.9339
vn -0.2023 0.2124 -0.9560
vn -0.3198 -0.1090 -0.9412
vn -0.5204 0.4526 0.7241
vn -0.4717 0.4395 0.7644
vn -0.4610 0.2970 0.8362
vn 0.4983 -0.2723 0.8231
vn 0.0433 -0.0507 0.9978
vn 0.2980 -0.0320 0.9540
vn -0.1860 -0.1001 0.9774
vn -0.4812 0.1534 0.8631
vn -0.8947 0.4466 0.0072
vn 0.0172 0.6559 0.7547
vn -0.4361 0.6476 0.6249
vn -0.7694 0.0920 0.6321
vn -0.8740 0.2969 0.3847
vn 0.2845 0.9138 0.2898
vn 0.5157 0.7965 0.3157
vn 0.4499 0.8923 0.0379
vn 0.5063 0.7046 -0.4972
vn -0.6622 0.5503 -0.5086
vn -0.8079 -0.1011 -0.5805
vn -0.0063 -0.2540 -0.9672
vn 0.5741 -0.4241 -0.7004
vn 0.0408 -0.3094 -0.9501
vn 0.4549 -0.5267 -0.7181
vn -0.1157 0.1393 -0.9835
vn 0.5095 0.7236 -0.4657
vn -0.1861 -0.1079 -0.9766
vn -0.7632 0.4453 0.4682
vn -0.9942 0.0846 -0.0665
vn -0.8748 -0.4513 -0.1760
vn -0.5488 0.5252 0.6504
vn 0.6089 0.5763 0.5451
vn 0.1150 -0.8523 -0.5102
vn 0.1628 -0.2161 0.9627
vn 0.7789 -0.0977 0.6195
vn -0.7120 0.3711 0.5961
vn 0.3260 0.4874 0.8100
vn 0.7054 0.6420 0.3005
vn 0.7051 -0.7040 -0.0853
vn 0.3998 -0.3294 -0.8554
vn 0.5151 0.8564 0.0356
vn 0.3189 0.9467 0.0459
vn 0.6555 0.7383 0.1588
vn 0.9891 0.0978 0.1103
vn 0.5055 -0.8151 -0.2829
vn 0.7611 -0.4978 -0.4159
vn 0.0543 -0.9978 0.0379
vn -0.3223 -0.7575 -0.5678
vn -0.1767 -0.9681 -0.1776
vn -0.2116 -0.9349 -0.2850
vn -0.4062 -0.8500 -0.3354
vn -0.2991 -0.9152 -0.2700
vn 0.5239 0.6778 -0.5159
vn -0.2119 0.6577 -0.7229
vn -0.5022 -0.8042 -0.3178
vn -0.6969 -0.7149 0.0568
vn -0.5740 -0.8062 0.1436
vn 0.8833 -0.3250 0.3379
vn 0.9370 0.0066 0.3493
vn 0.8884 0.0448 0.4570
vn -0.9628 0.1072 0.2479
vn -0.7776 0.5546 -0.2963
vn -0.8920 -0.1039 0.4399
vn -0.1391 0.6584 0.7397
vn -0.2924 -0.4423 -0.8479
vn -0.5570 -0.2246 -0.7996
vn -0.1593 -0.3603 -0.9191
vn -0.2991 -0.5198 -0.8002
vn 0.0765 -0.6152 -0.7847
vn -0.1818 -0.3844 0.9051
vn -0.1928 -0.6368 0.7465
vn -0.1477 -0.5497 -0.8222
vn -0.2819 -0.6178 -0.7341
vn -0.1895 -0.6009 -0.7765
vn -0.0275 0.6064 0.7947
vn -0.3306 0.4632 0.8223
vn 0.1421 0.4333 0.8900
vn -0.6263 0.5421 0.5602
vn -0.8434 0.4617 0.2747
vn -0.5987 0.5266 0.6036
vn -0.3346 -0.5910 0.7340
vn 0.0290 -0.5799 0.8142
vn 0.2564 -0.8387 0.4805
vn 0.4491 -0.0565 0.8917
vn 0.5321 -0.0467 0.8454
vn 0.4011 0.8021 -0.4424
vn 0.4736 0.8807 -0.0084
vn 0.5633 0.8261 -0.0151
vn 0.7562 -0.6027 0.2546
vn 0.4029 -0.8983 0.1755
vn 0.3468 0.3814 0.8569
vn -0.2775 -0.9607 0.0051
vn -0.0892 -0.9960 -0.0044
vn 0.1048 -0.7288 0.6767
vn -0.9045 -0.3993 -0.1496
vn 0.8744 0.3523 0.3337
vn 0.8852 0.1388 0.4440
vn 0.8599 0.3808 0.3399
vn 0.0709 -0.0706 -0.9950
vn 0.2056 -0.1897 -0.9601
vn -0.3605 0.6455 -0.6733
vn -0.4634 -0.5497 -0.6951
vn -0.2301 -0.2417 -0.9427
vn 0.0980 -0.0667 -0.9929
vn -0.0111 -0.2510 -0.9679
vn -0.1301 0.0052 -0.9915
vn 0.6544 0.0450 0.7548
vn -0.8053 -0.5127 -0.2978
vn 0.2624 -0.9318 0.2509
vn -0.5317 -0.7135 -0.4564
vn -0.1291 -0.0540 -0.9902
vn -0.0561 0.1909 -0.9800
vn -0.9306 0.0296 -0.3650
vn -0.9710 0.1186 -0.2075
vn -0.8561 -0.4661 -0.2233
vn -0.6955 0.6453 -0.3162
vn -0.6584 0.7472 -0.0899
vn 0.1494 -0.9888 -0.0049
vn 0.2196 -0.9094 -0.3533
vn 0.1183 0.1345 0.9838
vn -0.0782 0.2713 0.9593
vn -0.3127 -0.0997 -0.9446
vn -0.3726 -0.3335 -0.8660
vn -0.2870 -0.2452 -0.9260
vn 0.1796 0.7108 0.6800
vn 0.5517 0.4532 0.7001
vn -0.3638 0.6236 0.6920
vn -0.1458 0.5470 0.8243
vn -0.2529 0.6332 0.7315
vn 0.8757 -0.4237 -0.2316
vn 0.3165 -0.5313 -0.7859
vn 0.8865 -0.3844 0.2576
vn 0.3773 -0.8923 0.2478
vn 0.3631 -0.9021 0.2334
vn 0.7356 0.6349 0.2361
vn -0.6227 0.7743 -0.1124
vn -0.4992 0.6748 -0.5435
vn 0.6775 -0.6974 0.2338
vn 0.3495 -0.9311 0.1044
vn 0.4202 -0.8177 0.3935
vn 0.4001 0.5377 -0.7422
vn -0.0632 0.9969 0.0472
vn 0.9124 0.2813 -0.2974
vn -0.9457 0.2758 -0.1722
vn -0.7101 0.6636 0.2353
vn 0.3434 -0.5418 -0.7671
vn 0.4721 -0.3098 -0.8253
vn 0.2158 -0.5701 0.7927
vn -0.2353 -0.8127 0.5330
vn -0.9332 -0.3404 0.1156
vn -0.8680 0.0335 -0.4954
vn -0.3411 0.3064 -0.8887
vn -0.3084 -0.8390 -0.4482
vn -0.5049 -0.8395 0.2006
vn -0.6255 -0.6674 0.4041
vn -0.7781 -0.5998 -0.1864
vn -0.8120 -0.5602 -0.1639
vn -0.9671 0.0866 -0.2391
vn -0.8892 -0.1147 -0.4430
vn 0.2605 0.4232 0.8678
vn 0.3295 0.2132 0.9198
vn 0.2573 0.4730 0.8426
vn -0.1536 0.9227 0.3536
vn -0.2642 0.9603 0.0898
vn 0.6128 -0.0204 -0.7900
vn -0.0673 -0.4326 -0.8991
vn -0.0896 -0.9067 0.4121
vn 0.8257 0.2807 0.4893
vn 0.8128 0.2366 0.5323
vn 0.8889 0.4580 0.0105
vn 0.8572 0.4495 -0.2514
vn 0.1986 -0.9359 -0.2908
vn -0.7708 -0.2616 -0.5808
vn -0.8492 -0.2301 -0.4753
vn -0.9793 -0.1552 -0.1299
vn -0.8519 -0.3921 -0.3471
vn -0.9067 0.3624 0.2157
vn -0.8669 0.4818 0.1278
vn -0.9338 0.3286 0.1415
vn -0.9506 0.1826 -0.2510
vn -0.9347 0.3507 -0.0584
vn -0.9211 0.3779 0.0933
vn 0.9330 -0.2079 0.2937
vn 0.9035 -0.0324 0.4274
vn 0.8167 0.5727 0.0710
vn 0.8556 0.1786 0.4858
vn -0.3495 0.9125 -0.2125
vn -0.5208 0.8523 -0.0493
vn -0.4620 0.8867 -0.0164
vn -0.5349 0.8449 -0.0083
vn 0.7749 -0.6046 -0.1844
vn 0.7508 -0.4055 0.5214
vn 0.1408 -0.9327 0.3321
vn 0.2944 -0.9552 -0.0312
vn -0.8250 -0.5565 0.0986
vn -0.8563 -0.5064 -0.1015
vn -0.9149 0.2983 -0.2721
vn -0.6584 -0.4768 -0.5824
vn 0.7479 -0.6466 0.1504
vn 0.7024 -0.7044 -0.1027
vn 0.8806 -0.4426 0.1694
vn 0.7297 -0.6738 -0.1163
vn 0.5584 -0.7243 0.4043
vn 0.5395 -0.8055 0.2452
vn -0.7775 -0.4212 -0.4671
vn -0.5699 -0.5848 -0.5772
vn -0.7201 -0.3513 -0.5984
vn 0.8981 -0.3400 -0.2789
vn 0.9795 -0.1997 -0.0253
vn 0.9050 -0.2758 -0.3239
vn -0.3649 0.5396 0.7587
vn 0.2362 -0.9713 -0.0289
vn -0.0181 -0.9469 0.3210
vn -0.1166 -0.9371 0.3291
vn 0.0339 -0.9843 0.1733
vn 0.4804 -0.6583 -0.5796
vn 0.6902 0.6670 0.2806
vn 0.3948 0.8006 0.4507
vn 0.5708 0.1960 0.7974
vn -0.7103 0.6725 -0.2078
vn -0.3564 -0.6836 -0.6369
vn -0.5828 -0.6902 -0.4289
vn 0.9700 0.2409 -0.0319
vn -0.5033 0.8508 0.1510
vn -0.6996 0.7107 0.0734
vn -0.7694 -0.1781 0.6134
vn -0.6774 -0.4948 -0.5444
vn -0.1698 -0.7740 -0.6099
vn -0.6701 -0.0792 -0.7381
vn 0.1104 0.9708 0.2128
vn 0.1927 0.9609 0.1989
vn 0.2583 0.9122 0.3180
vn -0.8836 -0.2850 -0.3715
vn -0.9133 -0.2714 -0.3036
vn -0.9363 0.0769 -0.3426
vn -0.3788 0.8684 0.3198
vn -0.1625 0.9034 0.3968
vn -0.2973 0.9501 0.0946
vn 0.0858 -0.9842 0.1547
vn 0.1841 -0.6653 0.7236
vn 0.2478 -0.8455 0.4731
vn 0.7823 -0.1369 0.6077
vn 0.9470 0.3041 -0.1032
vn 0.7612 0.4710 0.4458
vn 0.7414 0.5911 0.3177
vn 0.0535 0.3946 -0.9173
vn -0.4782 0.8054 0.3503
vn -0.5108 0.6118 0.6039
vn 0.3617 0.5979 -0.7153
vn -0.1659 0.3249 -0.9311
vn -0.7445 0.0137 -0.6675
vn -0.7213 -0.1572 -0.6746
vn -0.6026 -0.1394 -0.7857
vn -0.4711 0.6731 -0.5701
vn -0.8954 0.1132 -0.4306
vn -0.3082 -0.9097 0.2782
vn -0.9682 -0.1603 -0.1919
vn -0.9306 -0.1848 0.3161
vn 0.1316 0.4331 0.8917
vn 0.4365 0.3445 0.8311
vn 0.4880 0.3728 0.7892
vn -0.3052 0.3253 0.8950
vn -0.0586 0.3260 0.9436
vn 0.9280 -0.2347 0.2895
vn 0.6950 -0.5948 -0.4041
vn 0.8249 -0.5164 0.2297
vn 0.4781 0.8095 0.3407
vn 0.4862 0.7699 0.4134
vn -0.0390 0.9237 -0.3810
vn -0.5166 0.5942 -0.6165
vn 0.6528 -0.3063 0.6928
vn 0.6446 -0.3419 0.6838
vn 0.6605 -0.4935 0.5659
vn 0.2887 -0.6857 0.6682
vn 0.8927 -0.4506 0.0090
vn -0.2699 -0.6210 0.7359
vn 0.1551 0.5004 0.8518
vn -0.3281 -0.0248 0.9443
vn 0.3618 0.1487 0.9203
vn -0.1434 -0.9886 0.0458
vn 0.0223 -0.9944 0.1030
vn -0.3644 -0.9276 0.0824
vn -0.0142 -0.9836 0.1796
vn -0.1542 -0.9880 -0.0075
vn 0.8765 -0.4333 0.2098
vn 0.2744 0.9220 0.2730
vn 0.2675 0.9363 0.2277
vn 0.2220 0.9410 0.2553
vn -0.8139 -0.2180 0.5386
vn -0.8691 -0.2964 0.3960
vn -0.6871 -0.3337 0.6454
vn -0.8544 0.4932 0.1634
vn -0.8397 0.3669 0.4004
vn -0.0790 0.8992 -0.4303
vn 0.8089 -0.5854 -0.0540
vn 0.5167 -0.8471 0.1238
vn 0.7502 -0.6188 0.2330
vn -0.8923 -0.4416 0.0940
vn -0.2572 -0.0878 0.9624
vn -0.0046 -0.3463 0.9381
vn 0.0065 -0.1296 0.9916
vn -0.9834 -0.0269 -0.1794
vn -0.8755 0.4779 0.0720
vn 0.8887 0.4294 -0.1605
vn 0.7001 -0.1185 -0.7041
vn 0.9823 0.1654 0.0879
vn -0.6054 0.7952 -0.0350
vn -0.4409 0.8366 -0.3251
vn 0.5177 -0.4889 0.7021
vn 0.1803 -0.7202 0.6699
vn 0.3141 -0.3944 0.8636
vn -0.4922 -0.6551 0.5733
vn -0.3841 -0.4167 0.8239
vn 0.4728 0.0376 -0.8804
vn 0.8116 -0.0335 -0.5832
vn 0.7402 -0.3488 -0.5748
vn 0.6342 -0.3429 -0.6930
vn 0.8536 -0.2501 -0.4569
vn 0.3037 0.2645 0.9153
vn 0.5532 0.2779 0.7854
vn 0.5564 0.2687 0.7862
vn -0.0191 -0.9934 -0.1130
vn 0.1288 0.6363 -0.7606
vn 0.0617 0.2386 -0.9692
vn 0.9330 0.0993 0.3459
vn 0.9234 0.1293 0.3615
vn 0.8804 0.0855 0.4665
vn 0.0199 0.0897 0.9958
vn -0.3633 -0.1138 0.9247
vn -0.1506 -0.1103 0.9824
vn -0.4593 -0.0845 0.8843
vn -0.6368 0.0564 0.7689
vn -0.5746 -0.1546 0.8037
vn -0.3272 -0.9445 -0.0281
vn -0.2214 -0.8812 -0.4176
vn 0.4183 0.1389 -0.8976
vn 0.2727 0.5188 -0.8102
vn 0.2655 -0.7319 0.6276
vn -0.8025 -0.3115 -0.5088
vn -0.9897 0.0681 0.1257
vn -0.6791 0.3938 0.6194
vn -0.6934 0.6554 0.2994
vn -0.7420 0.6207 0.2535
vn 0.6997 0.7134 -0.0390
vn 0.7771 0.5367 0.3286
vn 0.8246 0.5153 0.2333
vn -0.5834 -0.6392 0.5011
vn -0.6103 -0.5564 0.5639
vn -0.6619 -0.6199 0.4213
vn 0.4490 -0.7903 0.4170
vn 0.2925 -0.9329 0.2099
vn 0.2656 0.6692 0.6940
vn -0.3773 0.8542 0.3577
vn 0.4437 0.7150 -0.5403
vn -0.0158 -0.9919 0.1263
vn -0.1406 -0.9804 0.1382
vn -0.4555 -0.8500 0.2647
vn -0.1770 0.9797 -0.0946
vn -0.9898 0.1212 0.0753
vn -0.7491 0.5580 0.3569
vn 0.1269 -0.6384 -0.7592
vn 0.8306 -0.5529 0.0672
vn 0.6618 -0.6899 -0.2934
vn -0.0812 -0.3669 -0.9267
vn 0.5767 -0.5903 -0.5648
vn 0.0987 0.3640 -0.9262
vn 0.0457 0.4728 -0.8800
vn -0.2340 -0.9364 -0.2617
vn -0.0414 -0.9774 -0.2071
vn 0.7750 0.1574 -0.6121
vn 0.4887 0.3762 -0.7872
vn 0.9774 -0.2110 0.0155
vn 0.9293 0.0512 0.3658
vn 0.9772 0.0053 0.2124
vn 0.3064 0.9271 0.2158
vn 0.2170 0.1389 0.9662
vn 0.9880 -0.1543 0.0034
vn 0.9236 -0.3830 0.0183
vn 0.2997 -0.2824 0.9113
vn 0.5091 -0.0880 -0.8562
vn 0.9998 -0.0131 -0.0159
vn 0.5222 -0.1596 -0.8378
vn -0.3903 0.7037 -0.5936
vn -0.2597 0.7926 -0.5517
vn -0.5393 0.8388 0.0746
vn -0.1182 0.4584 -0.8809
vn 0.4721 0.5571 -0.6832
vn 0.8924 0.2458 -0.3784
vn -0.1578 0.8196 0.5508
vn -0.1268 0.9712 0.2015
vn -0.0943 0.9733 0.2095
vn -0.2784 0.9489 0.1487
vn 0.4510 -0.4436 -0.7745
vn -0.3295 -0.9127 0.2417
vn -0.4390 -0.8637 -0.2478
vn 0.4924 -0.3802 -0.7829
vn 0.3433 -0.5068 -0.7908
vn 0.1150 -0.3694 -0.9221
vn 0.4445 -0.3920 -0.8055
vn 0.6356 -0.3684 -0.6785
vn 0.5424 -0.3523 -0.7627
vn -0.5168 0.6968 -0.4975
vn -0.3427 0.7056 -0.6203
vn -0.6691 0.7410 -0.0570
vn -0.1802 0.8826 0.4341
vn -0.0395 0.9283 0.3697
vn -0.5943 0.7071 -0.3831
vn -0.4057 0.8031 -0.4363
vn 0.3922 0.8047 0.4456
vn 0.6545 0.1853 0.7330
vn 0.7429 0.5954 0.3059
vn 0.7413 0.1880 0.6443
vn -0.3657 0.6407 0.6751
vn 0.7619 -0.0411 0.6464
vn 0.9663 0.0161 0.2568
vn 0.9065 0.2238 0.3579
vn 0.3161 0.4127 0.8543
vn -0.1767 0.7038 0.6881
vn 0.3107 0.6116 0.7276
vn 0.9486 -0.2907 0.1248
vn 0.9091 -0.3753 -0.1808
vn 0.8460 -0.4527 -0.2818
vn -0.1146 0.9901 0.0815
vn -0.3610 0.9203 0.1510
vn 0.9221 -0.3463 -0.1725
vn 0.8271 -0.5230 -0.2059
vn -0.1199 0.8537 -0.5067
vn 0.2055 -0.5534 -0.8072
vn 0.1653 -0.5526 -0.8169
vn 0.1419 -0.2645 -0.9539
vn 0.3508 0.6774 0.6465
vn 0.5394 0.4063 0.7376
vn 0.4417 0.5841 0.6810
vn -0.0364 -0.9908 -0.1304
vn 0.1442 -0.3771 -0.9149
vn -0.5052 -0.6418 -0.5769
vn 0.8210 0.4951 0.2842
vn -0.3742 0.9182 -0.1298
vn -0.3313 0.8942 0.3010
vn 0.0679 0.8720 -0.4848
vn -0.5002 0.3185 0.8052
vn -0.4183 0.4359 0.7969
vn -0.6982 0.3395 0.6303
vn -0.1425 -0.5901 -0.7946
vn 0.8487 -0.4367 -0.2985
vn 0.6962 -0.3538 -0.6246
vn -0.7115 0.3158 0.6277
vn -0.8904 0.4234 0.1673
vn 0.0831 0.4893 0.8682
vn -0.9267 0.2403 -0.2889
vn -0.9229 0.3848 0.0166
vn -0.1595 0.9826 0.0949
vn 0.3297 0.7720 0.5434
vn 0.4104 -0.9045 0.1158
vn -0.1841 -0.4676 -0.8646
vn 0.7209 -0.1788 0.6696
vn 0.7039 -0.4075 0.5817
vn 0.8795 -0.2877 0.3792
vn -0.2765 0.4142 0.8671
vn -0.4124 0.0575 0.9092
vn -0.2666 -0.0641 0.9617
vn -0.4643 0.1988 0.8631
vn -0.4943 0.3759 0.7838
vn -0.3124 0.3190 0.8948
vn -0.3594 0.0676 0.9307
vn 0.3288 0.0527 0.9429
vn 0.7234 0.1118 0.6813
vn -0.2170 -0.6287 -0.7467
vn -0.0169 0.2999 -0.9538
vn 0.1959 -0.8875 -0.4170
vn 0.7571 0.6106 -0.2323
vn -0.0207 -0.2689 -0.9630
vn -0.3014 0.9168 -0.2622
vn 0.0347 0.9191 0.3924
vn -0.3528 0.9252 -0.1397
vn -0.8365 0.1494 -0.5273
vn -0.7657 0.4442 -0.4652
vn -0.7700 0.4639 -0.4380
vn 0.0181 0.3457 -0.9382
vn 0.5240 0.0587 -0.8497
vn -0.8781 0.1003 -0.4679
vn -0.7884 0.0640 -0.6119
vn 0.3470 0.2430 -0.9058
vn 0.6592 -0.7513 0.0304
vn -0.3688 -0.2594 -0.8926
vn 0.0795 0.1941 -0.9778
vn 0.6690 0.4682 -0.5773
vn -0.0660 -0.9769 -0.2031
vn -0.2258 -0.9594 0.1689
vn -0.3688 -0.9051 -0.2117
vn -0.5888 0.5492 0.5931
vn -0.9372 0.3468 0.0369
vn -0.6352 0.7173 0.2865
vn -0.9777 -0.1513 -0.1456
vn -0.8236 0.4703 -0.3170
vn 0.5350 0.6722 0.5118
vn 0.4815 0.4652 0.7428
vn -0.1988 -0.2651 -0.9435
vn -0.0660 -0.3676 -0.9276
vn 0.1002 -0.4322 -0.8962
vn -0.8701 0.2700 0.4124
vn -0.1005 0.9921 -0.0746
vn 0.1231 0.6166 -0.7775
vn -0.0667 0.6104 -0.7893
vn -0.9393 -0.0335 -0.3413
vn 0.6646 0.6094 0.4323
vn 0.8646 0.4106 0.2896
vn 0.4585 0.6555 0.6000
vn 0.5275 0.7419 0.4139
vn 0.0834 -0.8646 -0.4954
vn -0.3734 -0.2135 -0.9028
vn -0.1313 -0.7001 -0.7019
vn -0.1755 0.7967 0.5784
vn -0.9678 0.0030 -0.2518
vn -0.2573 -0.2574 -0.9314
vn -0.8733 0.3139 -0.3725
vn 0.6158 -0.7729 -0.1528
vn -0.0297 -0.8394 -0.5426
vn 0.2128 -0.2306 -0.9495
vn 0.5518 0.8125 0.1880
vn -0.7186 0.6821 -0.1353
vn -0.7295 0.2582 0.6334
vn -0.6821 0.5473 -0.4851
vn -0.1038 0.9912 -0.0819
vn 0.0721 0.0067 0.9974
vn 0.0626 0.5077 0.8592
vn 0.4444 0.3019 0.8434
vn 0.2962 0.5022 -0.8124
vn 0.2881 0.9297 -0.2293
vn 0.4019 0.7279 -0.5555
vn -0.5547 0.6397 0.5321
vn -0.5459 0.7126 0.4406
vn -0.7259 0.6345 0.2655
vn -0.1520 -0.9632 0.2218
vn -0.7035 0.5480 0.4525
vn -0.6554 0.5808 0.4828
vn -0.1408 0.3447 0.9281
vn -0.9693 0.1665 -0.1811
vn -0.9311 0.3155 -0.1829
vn -0.7772 -0.3200 -0.5418
vn -0.8784 -0.2428 -0.4117
vn -0.4546 0.2266 0.8614
vn 0.1867 -0.1508 -0.9708
vn 0.1900 0.8677 -0.4593
vn -0.6044 0.7820 0.1520
vn -0.5207 0.1131 -0.8462
vn -0.4713 0.1373 -0.8712
vn 0.0505 0.9179 0.3937
vn -0.1174 0.8805 0.4592
vn -0.0914 0.9449 0.3144
vn 0.2549 0.8629 0.4365
vn 0.0036 -0.9844 -0.1757
vn 0.0107 -0.8937 -0.4486
vn -0.7946 -0.5723 0.2027
vn -0.8331 0.5159 0.1994
vn -0.9854 0.1642 0.0442
vn -0.8349 0.4820 0.2657
vn -0.9106 -0.3177 0.2642
vn -0.9951 -0.0983 0.0059
vn -0.7570 -0.0413 0.6522
vn -0.6599 0.3481 0.6658
vn -0.8877 0.4326 -0.1577
vn 0.7225 0.0120 0.6912
vn 0.6360 0.0616 0.7693
vn 0.7525 -0.1062 0.6499
vn -0.1654 -0.9768 -0.1357
vn -0.2619 -0.0876 0.9611
vn -0.1852 0.0979 0.9778
vn -0.3261 0.4551 0.8286
vn -0.9810 0.0548 -0.1861
vn -0.8911 0.1773 -0.4178
vn 0.9432 -0.0580 0.3271
vn 0.9528 -0.3037 0.0039
vn 0.8991 0.0848 0.4295
vn 0.2324 -0.6052 -0.7614
vn 0.6198 -0.4837 -0.6180
vn 0.3245 -0.6606 -0.6770
vn 0.0807 -0.9901 -0.1152
vn -0.4492 -0.7206 0.5282
vn 0.2685 -0.3038 -0.9141
vn -0.7085 -0.0499 -0.7040
vn -0.0048 0.0282 -0.9996
vn -0.8912 0.4490 -0.0646
vn -0.9529 0.2002 -0.2280
vn 0.5661 -0.6413 0.5180
vn 0.7271 -0.5026 0.4676
vn -0.7430 0.2336 -0.6271
vn -0.2091 -0.7704 0.6023
vn -0.5817 -0.5705 0.5798
vn -0.8213 0.2711 -0.5020
vn -0.9557 0.2413 -0.1688
vn -0.9751 0.1858 -0.1207
vn -0.8092 0.4605 0.3650
vn 0.2619 -0.6215 -0.7383
vn 0.4368 -0.7219 -0.5366
vn 0.2400 -0.6811 -0.6917
vn 0.1320 0.7287 0.6720
vn 0.9568 -0.2899 -0.0229
vn 0.8613 -0.3582 0.3603
vn 0.4945 -0.8062 0.3248
vn 0.0770 0.1737 -0.9818
vn 0.6188 0.7812 0.0828
vn 0.7779 0.6201 0.1018
vn 0.5567 0.8263 0.0859
vn 0.4222 0.2939 0.8576
vn 0.2045 0.0676 0.9765
vn 0.8294 -0.2076 -0.5187
vn 0.6662 -0.6625 -0.3424
vn -0.4353 0.0929 -0.8955
vn -0.0303 -0.0838 -0.9960
vn -0.5510 0.0132 -0.8344
vn 0.1544 0.6716 -0.7246
vn -0.8809 0.0759 -0.4671
vn -0.9127 0.2909 -0.2869
vn -0.8200 0.1350 -0.5563
vn 0.7289 0.5459 0.4132
vn 0.6955 0.4480 -0.5618
vn 0.8620 -0.0673 -0.5024
vn -0.0946 0.8938 0.4383
vn -0.6318 -0.6899 -0.3534
vn -0.3133 -0.9265 -0.2083
vn 0.0166 -0.9827 -0.1845
vn 0.4756 -0.2534 -0.8424
vn 0.5153 -0.3452 -0.7844
vn 0.3726 -0.2308 -0.8988
vn -0.8862 0.1132 -0.4492
vn -0.6479 -0.1157 -0.7529
vn -0.1591 0.9415 0.2972
vn -0.2199 0.9287 0.2984
vn 0.0892 -0.9960 0.0071
vn -0.9398 0.1989 0.2778
vn 0.1441 0.6852 0.7140
vn -0.0424 0.7899 0.6118
vn -0.8557 -0.5133 0.0663
vn -0.9393 -0.3415 -0.0317
vn -0.8528 -0.4595 -0.2482
vn -0.4956 0.4433 -0.7469
vn -0.9111 0.2774 -0.3047
vn -0.4715 0.6661 -0.5780
vn -0.1342 0.8293 -0.5424
vn 0.0645 0.9591 0.2756
vn -0.4954 0.7587 -0.4230
vn -0.0227 0.9612 0.2751
vn 0.8546 0.5074 0.1105
vn 0.8545 0.4899 -0.1728
vn 0.9481 -0.0393 0.3154
vn 0.7574 -0.0811 0.6478
vn 0.9029 0.3164 0.2911
vn 0.0600 0.8717 -0.4863
vn -0.5960 -0.0684 -0.8000
vn -0.9662 0.1171 -0.2296
vn -0.6355 -0.1377 -0.7597
vn 0.8373 0.5210 0.1659
vn 0.7904 0.6117 -0.0344
vn -0.0716 -0.4126 -0.9081
vn -0.1307 0.9887 0.0733
vn -0.1348 0.9658 0.2216
vn -0.4901 0.8716 -0.0031
vn 0.1745 0.9846 0.0052
vn -0.4548 0.8789 0.1439
vn -0.2205 0.8076 0.5469
vn -0.4909 0.8665 0.0905
vn 0.8881 -0.1298 -0.4409
vn 0.6602 0.0286 0.7506
vn -0.1363 -0.2983 0.9447
vn 0.1538 -0.1381 0.9784
vn 0.1988 -0.0301 0.9796
vn -0.5817 0.3817 -0.7182
vn -0.7370 0.4771 -0.4788
vn 0.4456 -0.6227 -0.6433
vn 0.5767 -0.8154 -0.0506
vn 0.1872 0.4864 0.8535
vn 0.9422 0.1373 0.3057
vn 0.8364 -0.4034 0.3711
vn 0.0905 -0.5888 -0.8032
vn -0.1376 -0.5210 -0.8424
vn -0.3913 0.9002 -0.1912
vn -0.7607 0.4709 -0.4468
vn -0.1410 -0.6507 -0.7461
vn 0.9441 0.2447 0.2208
vn 0.8481 0.4324 0.3062
vn 0.6698 -0.1453 0.7281
vn 0.3776 -0.9251 0.0397
vn 0.2035 -0.3540 -0.9128
vn -0.1560 -0.2862 -0.9454
vn 0.2123 0.0187 0.9770
vn 0.0579 0.0673 0.9961
vn 0.1897 -0.0575 0.9802
vn -0.2684 -0.9569 -0.1109
vn -0.1378 -0.9872 -0.0800
vn 0.1182 -0.9929 -0.0125
vn 0.8332 -0.4539 0.3160
vn 0.6311 -0.7747 0.0407
vn 0.8451 -0.4820 0.2313
vn -0.4465 0.8943 0.0293
vn -0.6900 -0.1417 -0.7098
vn -0.6920 0.0082 -0.7219
vn -0.2153 0.8579 0.4666
vn -0.5462 0.5236 0.6538
vn -0.9228 -0.2649 -0.2798
vn -0.9183 0.2381 -0.3163
vn 0.4276 -0.4929 -0.7578
vn -0.2314 -0.7887 -0.5695
vn 0.9091 -0.1530 -0.3875
vn 0.1060 -0.9731 -0.2046
vn 0.8747 0.1285 0.4673
vn 0.9794 -0.1630 0.1193
vn 0.9418 0.0103 0.3361
vn 0.8345 -0.1975 0.5144
vn 0.7735 -0.3779 0.5089
vn 0.1793 -0.9822 0.0557
vn -0.8109 0.5444 -0.2148
vn -0.6798 0.5240 0.5131
vn -0.8346 0.2527 -0.4895
vn -0.8856 -0.0156 0.4642
vn -0.8533 -0.0656 0.5173
vn 0.7734 -0.0702 0.6300
vn 0.9015 -0.2000 0.3839
vn 0.7292 0.0033 0.6843
vn 0.5063 0.0341 -0.8617
vn 0.7926 -0.1949 -0.5778
vn 0.9081 0.3498 -0.2303
vn 0.6100 -0.6820 -0.4035
vn -0.6641 0.6643 0.3431
vn -0.3171 0.6760 0.6652
vn 0.8483 0.2579 -0.4625
vn 0.8012 0.3458 -0.4884
vn 0.9717 0.2110 -0.1065
vn -0.1401 0.7224 0.6772
vn 0.5754 0.7522 -0.3209
vn -0.0393 0.6847 -0.7277
vn -0.2884 0.6121 -0.7363
vn -0.0042 0.9896 0.1440
vn -0.0374 0.9481 0.3159
vn 0.2950 0.9417 0.1619
vn -0.4995 0.8545 0.1425
vn 0.0168 0.9656 0.2593
vn -0.2476 -0.2957 -0.9226
vn 0.1957 0.0169 -0.9805
vn 0.3359 0.0676 -0.9395
vn 0.2674 -0.3076 0.9132
vn -0.4219 0.3008 0.8553
vn -0.1171 0.7800 -0.6148
vn -0.7640 -0.0883 -0.6391
vn -0.7883 0.4556 -0.4136
vn -0.7217 -0.0381 -0.6911
vn -0.4265 0.2058 0.8808
vn -0.4583 0.1399 0.8777
vn -0.4457 0.3042 0.8419
vn -0.0577 -0.4509 -0.8907
vn -0.2668 -0.3092 -0.9128
vn 0.6462 0.2590 -0.7179
vn 0.6179 0.5833 -0.5272
vn -0.5974 0.4616 -0.6558
vn -0.0384 0.2035 -0.9783
vn -0.2936 -0.9536 -0.0660
vn -0.5137 -0.6009 -0.6124
vn 0.8960 0.2715 0.3514
vn 0.9196 0.2836 0.2720
vn -0.0053 0.3204 0.9473
vn 0.5661 0.6736 0.4752
vn -0.3003 0.9243 -0.2355
vn -0.0660 0.3709 0.9263
vn -0.8270 0.5502 0.1156
vn -0.4172 0.8968 -0.1472
vn -0.1224 0.1799 -0.9760
vn -0.1414 0.6179 -0.7734
vn -0.9495 -0.0676 -0.3065
vn -0.9898 0.1408 -0.0203
vn -0.9849 -0.1308 -0.1139
vn 0.7433 0.6659 0.0647
vn 0.3855 0.9161 0.1100
vn -0.8655 0.4540 0.2119
vn 0.0707 -0.9641 -0.2559
vn 0.2056 -0.9581 -0.1996
vn -0.2931 0.5415 -0.7879
vn -0.0040 0.3723 -0.9281
vn -0.3860 0.0369 -0.9217
vn -0.9613 0.2725 0.0405
vn -0.3320 0.8041 0.4932
vn -0.8670 0.4104 0.2828
vn -0.1453 -0.8944 0.4231
vn -0.6080 0.7770 0.1628
vn -0.9014 0.3004 0.3118
vn -0.5557 0.2591 0.7900
vn -0.5195 0.8478 0.1067
vn -0.3618 0.8959 0.2578
vn -0.5793 0.7997 0.1578
vn -0.8644 0.2523 0.4349
vn -0.0098 -0.8290 0.5592
vn -0.0627 -0.7891 0.6111
vn -0.4752 -0.7955 0.3760
vn -0.5677 0.7579 -0.3214
vn -0.0460 -0.9870 -0.1541
vn 0.7035 -0.5229 -0.4813
vn -0.2151 0.9515 0.2199
vn 0.2680 0.7947 0.5447
vn 0.0216 0.0568 -0.9981
vn 0.0207 0.2584 -0.9658
vn -0.4106 0.1060 0.9056
vn -0.3726 0.2321 0.8985
vn -0.5807 0.3754 -0.7224
vn -0.7845 -0.1208 -0.6082
vn -0.7259 0.0051 -0.6878
vn 0.1668 0.3632 0.9166
vn 0.1574 0.3301 0.9307
vn -0.2039 0.2178 0.9545
vn -0.6578 0.3527 -0.6655
vn -0.6078 0.6773 -0.4145
vn -0.6290 0.5485 -0.5508
vn -0.1243 -0.4190 -0.8995
vn -0.9713 0.0002 -0.2379
vn -0.0157 0.4291 -0.9031
vn -0.5303 -0.5766 -0.6216
vn -0.5049 -0.6284 -0.5918
vn -0.8477 0.0902 -0.5227
vn -0.2336 0.7997 0.5531
vn -0.9674 0.2532 -0.0093
vn -0.7129 0.4961 0.4957
vn 0.5344 -0.6773 -0.5056
vn -0.8491 -0.0482 0.5260
vn -0.8757 0.1309 0.4649
vn -0.7258 0.0313 0.6872
vn 0.6133 -0.0748 0.7863
vn 0.7512 -0.1826 0.6343
vn 0.7670 0.4235 0.4820
vn 0.7702 0.4354 0.4661
vn -0.4958 0.8642 -0.0857
vn 0.1958 0.5713 0.7971
vn 0.4737 0.6725 0.5687
vn 0.5868 0.3610 0.7248
vn 0.9765 -0.0426 0.2115
vn 0.9471 -0.2383 0.2149
vn 0.8116 -0.2506 0.5277
vn 0.9422 0.3347 -0.0140
vn 0.8801 0.2028 0.4292
vn 0.8969 0.4332 0.0887
vn -0.3253 -0.1923 -0.9259
vn -0.1211 -0.1364 -0.9832
vn -0.9724 0.2244 -0.0632
vn 0.7354 0.2656 -0.6234
vn 0.9338 -0.3336 -0.1294
vn -0.7351 -0.6774 -0.0288
vn -0.6506 -0.7375 0.1812
vn -0.8809 0.4390 -0.1769
vn -0.5932 0.1730 -0.7862
vn -0.0137 -0.5261 -0.8503
vn -0.1006 -0.2404 -0.9654
vn -0.6939 0.2678 -0.6684
vn -0.4394 -0.3584 -0.8237
vn -0.0779 0.8378 -0.5405
vn -0.2071 -0.9268 0.3132
vn -0.1317 -0.8522 0.5064
vn 0.9233 0.3209 -0.2111
vn 0.5889 0.7888 -0.1759
vn 0.6289 0.6675 0.3987
vn -0.7572 0.6531 -0.0059
vn -0.4238 0.8973 0.1235
vn 0.0687 -0.9947 -0.0766
vn -0.2024 -0.9789 0.0282
vn -0.0160 -0.8222 0.5690
vn 0.3181 -0.6801 0.6605
vn 0.6627 -0.2940 -0.6888
vn 0.8143 -0.2114 -0.5405
vn 0.9342 0.1795 -0.3082
vn 0.9106 0.2264 -0.3457
vn 0.7684 0.2926 -0.5691
vn 0.1583 -0.8562 -0.4918
vn -0.2048 -0.7927 0.5742
vn 0.2118 -0.5353 0.8177
vn 0.9626 -0.2503 -0.1036
vn 0.7094 -0.6181 -0.3387
vn 0.8262 -0.0374 -0.5621
vn 0.4760 0.3519 -0.8059
vn 0.4559 -0.8900 0.0079
vn -0.0442 0.9604 0.2751
vn 0.7332 0.5218 0.4360
vn -0.9673 -0.0216 -0.2528
vn 0.6022 0.6435 0.4726
vn 0.2966 0.7026 0.6468
vn -0.3214 0.6087 -0.7254
vn -0.2339 0.5141 -0.8252
vn -0.6169 0.2080 -0.7591
vn -0.4375 0.4290 -0.7903
vn -0.1416 0.8138 -0.5636
vn -0.3458 0.5791 -0.7383
vn -0.2700 0.8468 -0.4583
vn -0.1298 0.8819 -0.4533
vn -0.3103 0.6408 -0.7021
vn 0.5644 -0.4662 -0.6813
vn -0.8426 -0.0903 0.5308
vn -0.4382 -0.2069 0.8748
vn 0.6257 0.0067 0.7800
vn -0.5484 0.2307 -0.8038
vn -0.6610 0.6498 -0.3753
vn 0.4430 0.8929 0.0806
vn -0.7217 -0.3248 0.6113
vn -0.7737 0.5452 -0.3226
vn -0.9049 0.4256 0.0025
vn -0.8217 0.3374 -0.4593
vn -0.1008 -0.4369 -0.8938
vn 0.1178 0.8979 0.4242
vn -0.1195 0.6212 -0.7745
vn -0.5645 0.4607 -0.6849
vn -0.2467 0.5574 -0.7928
vn -0.7833 -0.4759 -0.3998
vn -0.7880 -0.5197 -0.3301
vn -0.7464 -0.5141 -0.4226
vn -0.2368 -0.9692 0.0683
vn -0.9758 0.0407 -0.2148
vn -0.8992 -0.4375 -0.0039
vn -0.8891 0.2285 -0.3966
vn 0.7450 0.4810 -0.4623
vn 0.4819 0.8275 0.2880
vn 0.8400 -0.2532 -0.4799
vn 0.6608 -0.7494 -0.0416
vn 0.3778 -0.4405 -0.8144
vn 0.4430 -0.4652 -0.7664
vn 0.3696 -0.4365 -0.8203
vn 0.4221 -0.3330 -0.8432
vn 0.3244 -0.4222 -0.8465
vn 0.1322 -0.5889 -0.7973
vn 0.6342 -0.1927 0.7488
vn 0.7564 -0.4332 0.4901
vn 0.7296 -0.1390 0.6696
vn -0.2837 -0.9476 0.1469
vn 0.0879 -0.9960 0.0167
vn 0.8348 0.2085 0.5096
vn 0.8192 0.2144 0.5319
vn -0.1705 -0.1546 0.9732
vn -0.0656 -0.9417 -0.3299
vn 0.7258 -0.4224 -0.5430
vn 0.2045 -0.1714 -0.9637
vn 0.9561 0.1942 -0.2193
vn 0.2205 0.9679 -0.1203
vn 0.9763 -0.2162 -0.0108
vn 0.9893 0.1426 0.0305
vn 0.4799 0.8718 -0.0982
vn 0.3571 0.9326 0.0530
vn 0.4057 0.9140 0.0082
vn -0.9373 0.0834 -0.3385
vn -0.7830 0.5991 0.1670
vn -0.8455 0.4256 -0.3225
vn 0.1631 -0.8534 -0.4951
vn 0.6197 -0.7406 -0.2597
vn 0.3905 -0.0076 -0.9206
vn 0.9148 -0.0136 0.4037
vn 0.9665 -0.1415 0.2143
vn 0.8558 0.1595 0.4921
vn -0.1950 -0.9801 0.0384
vn -0.2127 -0.9771 -0.0051
vn 0.2024 0.9099 0.3622
vn -0.1203 0.5209 0.8451
vn -0.8870 -0.4614 -0.0166
vn -0.2767 0.7138 -0.6433
vn -0.4170 0.0450 -0.9078
vn 0.6610 -0.2643 -0.7023
vn -0.7117 -0.1797 -0.6791
vn -0.8071 -0.1925 -0.5582
vn -0.4931 -0.8693 0.0334
vn 0.1173 -0.8838 0.4530
vn 0.0909 -0.9897 0.1105
vn -0.5791 -0.3005 -0.7579
vn 0.0219 -0.3350 -0.9420
vn 0.0570 -0.1743 -0.9830
vn -0.2819 -0.9555 0.0866
vn -0.4244 -0.9054 -0.0127
vn -0.3073 -0.7639 0.5674
vn -0.3602 -0.9329 0.0051
vn -0.4432 -0.0438 0.8954
vn -0.4419 0.0034 0.8971
vn -0.1180 0.0358 0.9924
vn -0.5887 -0.0063 0.8083
vn 0.7275 -0.0031 -0.6861
vn -0.4118 -0.9102 0.0440
vn 0.1911 -0.1035 -0.9761
vn 0.0897 -0.1410 -0.9859
vn 0.5584 0.4646 -0.6872
vn 0.8547 -0.1415 0.4994
vn 0.0188 -0.9977 -0.0658
vn 0.9499 0.0818 0.3015
vn 0.3321 -0.9000 0.2825
vn -0.4805 -0.7686 -0.4223
vn -0.7976 0.6020 -0.0372
vn -0.4365 0.7497 -0.4974
vn 0.2630 -0.2345 -0.9359
vn -0.4139 -0.8733 -0.2567
vn -0.5049 -0.5743 -0.6445
vn -0.3189 0.7193 0.6171
vn 0.4167 0.9043 -0.0928
vn 0.5968 0.8000 0.0620
vn -0.0464 0.9401 -0.3378
vn -0.2517 0.4880 0.8358
vn -0.0635 0.9934 0.0956
vn 0.0501 -0.9250 0.3765
vn -0.3603 -0.2870 0.8876
vn -0.3614 -0.5318 0.7659
vn 0.5057 0.6997 -0.5046
vn -0.5467 -0.4170 0.7261
vn -0.8082 -0.3532 0.4713
vn -0.9273 0.1003 0.3605
vn -0.7843 0.1840 0.5925
vn 0.1280 -0.6313 0.7649
vn -0.4093 0.5158 0.7526
vn -0.3363 -0.1937 0.9216
vn 0.1441 -0.9717 0.1870
vn -0.1069 0.9388 0.3274
vn -0.1012 0.7642 0.6370
vn 0.0550 0.2798 0.9585
vn -0.9214 0.3887 -0.0023
vn -0.0439 0.6181 0.7848
vn 0.3066 0.9426 0.1327
vn 0.2915 0.9563 -0.0207
vn 0.5273 0.7840 0.3275
vn 0.9563 0.0504 0.2881
vn 0.9150 0.1038 0.3900
vn -0.3800 0.2098 0.9009
vn -0.5209 0.1604 0.8384
vn -0.1269 -0.7116 0.6910
vn -0.6487 0.5615 0.5137
vn -0.4059 -0.2308 0.8843
vn -0.6943 0.1994 0.6915
vn -0.0674 0.6520 0.7552
vn -0.0181 -0.3617 0.9321
vn 0.3827 -0.9238 -0.0139
vn 0.2696 -0.0946 -0.9583
vn 0.1704 0.8639 -0.4740
vn 0.2143 0.9281 -0.3046
vn 0.5635 -0.2304 0.7933
vn -0.5634 -0.7873 -0.2507
vn 0.1696 -0.9853 0.0202
vn -0.0786 -0.9935 -0.0822
vn 0.2367 0.5978 0.7659
vn -0.0627 -0.9962 0.0605
vn -0.0671 -0.7581 -0.6487
vn -0.9083 -0.2619 -0.3261
vn 0.8253 -0.5640 -0.0272
vn 0.7668 0.6142 -0.1863
vn 0.9922 0.1046 -0.0678
vn -0.1421 0.6638 0.7343
vn 0.4004 0.4266 0.8110
vn -0.0866 0.6574 0.7486
vn -0.0028 0.7626 0.6468
vn -0.8132 0.4626 0.3531
vn -0.8983 0.3580 -0.2547
vn -0.2752 0.8036 0.5277
vn 0.9232 -0.1197 0.3651
vn 0.8115 -0.3571 0.4626
vn 0.8719 -0.4826 -0.0825
vn 0.0392 0.8501 0.5252
vn -0.3284 0.6397 0.6949
vn -0.4385 0.8364 0.3290
vn 0.6907 -0.0438 0.7218
vn 0.7447 0.1435 0.6518
vn 0.7572 0.5325 0.3783
vn 0.6176 0.4323 0.6570
vn -0.5038 -0.7206 0.4764
vn -0.3601 -0.5625 0.7442
vn -0.5886 -0.4098 0.6968
vn 0.8265 -0.3237 -0.4606
vn 0.9762 -0.2039 0.0736
vn 0.2822 0.3501 0.8932
vn 0.0249 -0.3221 0.9464
vn 0.7290 -0.6128 0.3050
vn 0.6400 -0.5491 0.5374
vn 0.4255 -0.6485 0.6312
vn 0.6334 -0.5658 0.5278
vn 0.4576 -0.8413 0.2877
vn -0.7462 0.3523 0.5648
vn -0.8893 0.3301 0.3164
vn -0.8225 -0.0617 -0.5654
vn -0.7497 -0.1609 -0.6419
vn 0.1663 0.3452 0.9237
vn 0.0645 0.3427 0.9372
vn 0.3676 0.4093 0.8351
vn -0.9525 0.2321 0.1974
vn -0.9477 0.0289 0.3179
vn -0.7232 0.0918 -0.6845
vn -0.0842 0.7788 0.6216
vn -0.0263 0.5259 0.8501
vn 0.4681 0.8692 -0.1590
vn 0.8768 0.4728 0.0880
vn 0.7685 0.6341 -0.0856
vn 0.9163 0.3712 -0.1501
vn -0.2293 -0.9606 0.1569
vn -0.0246 -0.8325 0.5535
vn 0.0113 -0.9692 0.2458
vn -0.0843 -0.9952 -0.0494
vn -0.2648 -0.9643 -0.0051
vn -0.3640 -0.9291 -0.0650
vn 0.1319 -0.9629 0.2355
vn -0.4769 -0.8778 -0.0446
vn -0.0921 -0.9892 0.1143
vn -0.2030 -0.9778 0.0516
vn -0.1708 0.4621 -0.8702
vn -0.3134 -0.9157 -0.2517
vn 0.7805 -0.4446 -0.4396
vn -0.5426 -0.1984 -0.8162
vn 0.5172 0.8540 0.0558
vn 0.4852 0.7748 0.4054
vn 0.1244 -0.9583 0.2574
vn -0.1710 -0.7481 0.6412
vn -0.4027 0.7333 -0.5478
vn 0.1064 0.8236 -0.5571
vn -0.2263 0.4479 -0.8649
vn -0.3222 0.6685 0.6703
vn -0.8940 0.4148 -0.1694
vn -0.8071 0.3613 -0.4670
vn -0.3520 0.6672 0.6564
vn 0.4217 0.3460 0.8381
vn -0.1728 0.3017 0.9376
vn -0.3632 0.1136 0.9248
vn 0.0844 0.7318 0.6763
vn -0.9000 0.2715 0.3409
vn -0.7841 0.0759 0.6160
vn -0.9504 0.3095 0.0291
vn -0.5876 -0.3281 -0.7396
vn -0.4329 0.6582 -0.6159
vn -0.1001 0.6610 -0.7436
vn 0.1291 0.8254 -0.5496
vn 0.2063 0.8627 0.4616
vn 0.3902 0.8539 0.3443
vn 0.1562 0.2090 -0.9653
vn 0.1451 -0.1963 -0.9697
vn 0.4937 0.6322 -0.5972
vn 0.6660 -0.2554 -0.7008
vn 0.9400 0.2656 -0.2142
vn -0.0007 -0.3005 -0.9538
vn 0.1540 -0.3174 -0.9357
vn 0.0383 0.0219 0.9990
vn -0.1350 0.4228 0.8961
vn -0.3916 0.5401 0.7449
vn -0.8956 0.3821 -0.2280
vn -0.0339 0.9086 -0.4163
vn -0.3290 0.9398 0.0921
vn 0.0795 -0.9957 -0.0480
vn -0.3104 -0.9068 0.2853
vn -0.2011 -0.9589 0.2003
vn -0.9528 -0.0417 -0.3008
vn -0.9309 -0.0138 -0.3649
vn -0.0776 -0.9800 -0.1833
vn 0.0592 -0.9916 -0.1151
vn 0.7256 0.4804 -0.4926
vn 0.3582 -0.2770 -0.8916
vn 0.1713 -0.1963 -0.9655
vn 0.0828 -0.9613 -0.2627
vn -0.5569 0.7198 0.4144
vn 0.4532 0.7350 -0.5044
vn -0.2734 -0.4481 -0.8512
vn 0.6129 -0.5097 -0.6038
vn 0.1602 -0.9809 -0.1100
vn 0.2558 -0.9642 -0.0697
vn 0.4986 -0.3380 -0.7982
vn 0.8299 -0.4515 0.3278
vn 0.8222 -0.4662 0.3265
vn 0.4506 0.2626 0.8532
vn -0.6775 -0.6826 -0.2739
vn -0.6388 -0.7246 -0.2586
vn -0.2811 -0.8822 -0.3778
vn -0.8302 -0.1013 0.5482
vn -0.9475 -0.1229 0.2953
vn -0.5234 0.5723 -0.6312
vn -0.1251 0.9430 0.3084
vn -0.5909 0.8057 -0.0421
vn -0.1989 -0.7281 -0.6560
vn -0.2296 -0.9570 0.1771
vn -0.0601 -0.9961 0.0649
vn -0.0476 0.2495 -0.9672
vn 0.8483 -0.5253 -0.0668
vn 0.5976 0.7803 0.1844
vn 0.7729 0.5509 0.3149
vn 0.9486 -0.2101 0.2366
vn 0.9632 -0.0203 0.2682
vn 0.8445 -0.2811 -0.4559
vn 0.2283 -0.5314 0.8158
vn 0.2980 -0.8531 0.4282
vn -0.9786 -0.1144 -0.1713
vn -0.8035 0.4497 0.3900
vn -0.9181 0.3409 -0.2021
vn -0.6496 -0.4039 0.6441
vn -0.6240 -0.0201 0.7812
vn 0.2643 -0.1652 0.9502
vn 0.2164 0.4312 0.8759
vn -0.0794 -0.7243 0.6848
vn -0.9489 -0.3152 0.0158
vn -0.4902 -0.7379 -0.4639
vn -0.0903 -0.9904 0.1043
vn -0.4301 0.1269 -0.8938
vn 0.0099 0.0018 -0.9999
vn -0.5885 0.6569 0.4714
vn -0.3623 0.5431 0.7575
vn -0.3041 0.5053 0.8076
vn -0.6226 0.5356 0.5705
vn -0.3282 0.5480 0.7694
vn -0.5656 0.5386 0.6245
vn -0.4532 0.5093 0.7316
vn -0.3371 0.5141 0.7887
vn -0.8543 -0.0118 -0.5197
vn 0.4282 0.6746 0.6013
vn 0.3088 0.9430 0.1237
vn -0.1110 0.9487 0.2961
vn 0.0668 0.4353 0.8978
vn -0.6401 0.4603 0.6151
vn 0.2161 0.1621 0.9628
vn 0.1373 0.5704 0.8098
vn 0.1922 0.4367 0.8788
vn 0.4258 0.7874 0.4458
vn -0.3530 -0.0489 0.9343
vn -0.0051 0.8682 0.4961
vn -0.0760 0.8928 0.4441
vn -0.0387 0.9112 0.4101
vn 0.4452 -0.8916 0.0829
vn 0.0342 -0.8715 0.4892
vn 0.2316 -0.9720 -0.0406
vn 0.4660 -0.7122 0.5249
vn -0.1037 -0.9827 0.1533
vn 0.0276 -0.9654 0.2593
vn 0.0607 0.9649 0.2557
vn 0.9420 -0.3030 -0.1442
vn 0.8795 -0.4146 -0.2336
vn -0.7253 -0.0452 -0.6869
vn 0.5130 -0.2945 -0.8063
vn 0.6603 -0.2048 -0.7226
vn -0.0189 -0.2196 -0.9754
vn -0.6795 -0.4790 0.5558
vn -0.7506 -0.0734 -0.6566
vn 0.1775 -0.9823 -0.0593
vn 0.8109 -0.4656 0.3546
vn -0.6025 0.6448 0.4704
vn -0.7664 0.5539 0.3253
vn -0.5790 0.5981 0.5542
vn -0.2589 -0.9658 0.0129
vn -0.0324 -0.9695 0.2431
vn 0.1250 -0.8504 -0.5111
vn -0.4527 -0.8808 -0.1386
vn 0.1929 -0.9141 0.3567
vn -0.2537 -0.0252 0.9669
vn -0.3378 0.4408 0.8316
vn -0.1635 0.4110 0.8969
vn 0.6024 -0.2638 -0.7533
vn -0.3650 -0.3275 -0.8715
vn -0.8999 0.3929 -0.1895
vn -0.6297 -0.4378 0.6417
vn -0.3896 0.8985 0.2021
vn 0.3047 0.4330 0.8483
vn 0.8104 0.5703 -0.1345
vn 0.8888 0.1978 0.4135
vn 0.2432 0.9646 0.1015
vn 0.3838 0.5624 0.7324
vn -0.3440 0.3543 -0.8695
vn -0.7934 -0.4798 0.3746
vn -0.7351 -0.2696 0.6220
vn 0.2946 0.7890 -0.5392
vn 0.1563 0.9637 -0.2166
vn 0.3893 0.9121 -0.1283
vn -0.9212 0.3440 0.1820
vn 0.0003 0.8956 0.4449
vn 0.0875 -0.9620 0.2588
vn -0.1351 -0.9689 -0.2074
vn -0.0423 -0.9955 -0.0843
vn 0.2829 -0.5689 0.7722
vn -0.0616 -0.0185 0.9979
vn 0.5957 0.6395 0.4860
vn -0.2394 -0.3255 -0.9148
vn 0.8908 0.4308 -0.1448
vn 0.9194 0.2751 0.2811
vn -0.9781 -0.0369 0.2051
vn -0.4094 0.7978 0.4427
vn -0.1676 0.8556 0.4898
vn 0.4597 -0.2654 -0.8475
vn -0.5871 -0.7534 -0.2963
vn 0.6418 0.2589 0.7219
vn 0.5953 0.5382 0.5966
vn 0.4707 0.6998 0.5374
vn -0.0445 0.8985 0.4367
vn -0.5266 0.4990 0.6883
vn 0.8594 0.0146 0.5111
vn 0.9268 -0.1907 0.3234
vn -0.4967 0.6823 -0.5364
vn 0.7889 0.2044 0.5795
vn -0.9821 0.1872 -0.0185
vn -0.3151 0.4824 -0.8173
vn 0.3349 0.9305 -0.1486
vn -0.1928 0.8356 -0.5143
vn -0.3765 0.7285 -0.5724
vn -0.1306 0.5017 -0.8551
vn 0.1685 0.6015 -0.7809
vn -0.0132 0.4488 -0.8935
vn -0.6531 0.0577 -0.7551
vn -0.5261 -0.1649 -0.8343
vn 0.9939 -0.1030 -0.0399
vn 0.9862 0.1310 0.1010
vn 0.3428 -0.3939 -0.8528
vn -0.9353 -0.0863 0.3432
vn 0.9739 -0.2181 0.0626
vn -0.5289 0.7533 -0.3908
vn -0.0178 0.6728 0.7396
vn 0.1515 0.9645 0.2161
vn -0.6209 0.6824 0.3857
vn -0.0458 -0.9341 0.3542
vn 0.3846 -0.1888 -0.9036
vn 0.1045 -0.1296 -0.9860
vn -0.2882 -0.6384 -0.7138
vn 0.1928 -0.1136 -0.9746
vn 0.6217 0.3251 -0.7126
vn 0.3932 0.6715 -0.6280
vn -0.2227 -0.6142 0.7570
vn -0.1053 -0.9925 -0.0613
vn 0.2034 -0.1876 -0.9610
vn -0.1051 0.9811 0.1625
vn 0.3370 0.8481 0.4088
vn 0.6850 0.5027 0.5272
vn 0.6190 0.3710 0.6922
vn 0.7632 0.4532 0.4606
vn 0.4264 0.4029 0.8098
vn -0.9620 -0.0261 0.2719
vn -0.7356 0.1610 0.6580
vn -0.9338 -0.2299 0.2742
vn 0.3143 0.7185 -0.6204
vn -0.4977 0.1577 -0.8529
vn 0.9791 -0.1229 -0.1619
vn -0.2019 -0.7156 -0.6687
vn -0.9248 0.3586 0.1271
vn -0.9234 0.3495 0.1584
vn -0.9557 0.2563 -0.1448
vn -0.9089 0.3730 0.1863
vn -0.9461 0.3150 0.0757
vn 0.0121 0.9504 0.3109
vn -0.7270 0.0384 0.6856
vn -0.2346 0.9672 0.0975
vn 0.5974 -0.4608 0.6564
vn -0.7466 0.2521 -0.6156
vn -0.8411 -0.0033 -0.5409
vn -0.8829 -0.1506 -0.4448
vn 0.2000 0.3270 -0.9236
vn -0.8232 0.1187 0.5552
vn -0.2932 0.4016 0.8676
vn -0.5582 0.4292 0.7100
vn -0.8574 0.3567 -0.3710
vn 0.5327 0.8331 0.1490
vn 0.7721 0.4438 0.4549
vn 0.8109 -0.2413 0.5331
vn 0.9164 0.0436 -0.3978
vn -0.3706 0.5798 -0.7256
vn -0.1012 0.7402 -0.6647
vn -0.2965 0.6477 -0.7019
vn -0.2935 0.6710 -0.6809
vn -0.3538 0.6889 -0.6326
vn 0.7881 0.5607 0.2541
vn -0.4004 -0.7733 -0.4916
vn -0.3137 -0.8795 -0.3577
vn 0.1285 -0.9454 -0.2994
vn 0.3830 -0.8931 -0.2360
vn -0.0688 -0.9930 -0.0963
vn 0.5460 0.7534 0.3664
vn 0.6469 0.7623 0.0191
vn 0.3455 0.8866 -0.3074
vn -0.0394 0.7953 -0.6049
vn -0.2094 -0.2454 -0.9465
vn -0.5175 -0.0652 -0.8532
vn -0.2340 -0.1419 -0.9618
vn 0.0752 -0.9344 0.3481
vn 0.2121 -0.8840 0.4166
vn 0.6775 -0.4722 -0.5640
vn 0.5821 -0.3609 -0.7286
vn 0.9796 -0.1628 0.1176
vn 0.2248 0.7393 -0.6348
vn -0.1004 -0.1155 0.9882
vn -0.0214 0.1952 0.9805
vn -0.7090 0.1012 0.6979
vn -0.8378 0.5242 0.1526
vn -0.8292 0.3057 -0.4680
vn 0.3248 -0.9426 -0.0772
vn -0.3798 -0.4545 -0.8057
vn 0.6667 0.2445 0.7040
vn -0.2897 0.8575 0.4253
vn -0.1467 0.7382 0.6584
vn -0.7206 0.5085 0.4713
vn -0.5059 0.4790 0.7174
vn -0.9155 0.2818 0.2871
vn 0.9835 0.0449 0.1754
vn 0.8852 0.0987 0.4547
vn 0.9048 0.0275 0.4250
vn -0.3164 -0.7956 -0.5167
vn -0.2943 -0.3432 -0.8920
vn -0.2634 -0.2941 -0.9187
vn -0.8773 0.3184 -0.3592
vn -0.8483 0.4514 -0.2766
vn 0.5137 -0.3101 -0.8000
vn 0.5591 -0.4527 -0.6947
vn 0.3210 0.5851 0.7447
vn 0.3949 -0.9114 -0.1160
vn 0.6230 0.3031 0.7211
vn -0.4507 0.6832 -0.5745
vn -0.1219 0.7303 -0.6721
vn 0.1179 0.6403 0.7590
vn 0.2365 0.6977 0.6763
vn -0.4879 0.5979 0.6360
vn -0.6071 -0.4497 0.6551
vn -0.2851 -0.6415 -0.7121
vn 0.0007 -0.9665 -0.2565
vn 0.0514 0.9421 0.3313
vn -0.2334 0.8863 0.3999
vn -0.2410 0.9481 0.2074
vn -0.9322 0.2061 -0.2976
vn -0.8396 -0.1440 -0.5239
vn -0.5172 -0.1432 -0.8438
vn 0.5796 0.3115 -0.7530
vn 0.3730 0.1455 -0.9163
vn -0.5301 0.5923 0.6068
vn -0.9195 0.0320 0.3919
vn 0.9863 -0.0679 0.1502
vn 0.9892 -0.1426 -0.0341
vn 0.8326 0.5446 -0.1011
vn 0.3110 0.4065 -0.8591
vn -0.8503 0.4240 0.3118
vn -0.7955 0.2925 0.5307
vn -0.1154 0.7753 0.6210
vn -0.5210 0.8496 0.0822
vn -0.3103 0.6705 -0.6739
vn -0.8072 0.5894 -0.0329
vn 0.1154 0.8944 -0.4321
vn 0.4054 0.9140 -0.0181
vn 0.4645 0.7999 0.3800
vn 0.9934 0.1141 0.0105
vn 0.6126 0.2014 -0.7643
vn 0.7656 -0.5178 0.3817
vn 0.4708 0.8794 0.0704
vn -0.1630 -0.3158 -0.9347
vn -0.0940 -0.2204 -0.9709
vn 0.3137 -0.0150 -0.9494
vn 0.9031 0.2567 0.3443
vn 0.6706 0.7271 0.1473
vn -0.2043 0.3266 -0.9228
vn -0.3424 0.2499 -0.9057
vn -0.1825 0.3949 -0.9004
vn -0.2815 0.3471 -0.8946
vn -0.6372 -0.4213 0.6454
vn 0.2569 0.5848 0.7694
vn 0.2568 0.4962 0.8294
vn 0.9655 0.1176 -0.2323
vn -0.4577 0.8781 -0.1393
vn -0.2494 -0.4793 0.8414
vn -0.7568 -0.4676 0.4568
vn 0.7041 -0.4203 -0.5724
vn 0.7382 -0.4356 -0.5151
vn 0.9554 -0.2906 -0.0521
vn 0.9784 -0.1989 -0.0566
vn -0.5341 -0.8193 0.2085
vn -0.5188 -0.1905 0.8334
vn 0.0164 -0.5658 0.8244
vn -0.0693 -0.4158 0.9068
vn 0.1609 -0.9104 0.3812
vn 0.0705 -0.0230 -0.9972
vn 0.0188 0.1927 -0.9811
vn -0.1132 0.5107 -0.8523
vn -0.0547 0.1062 -0.9928
vn 0.5069 -0.8137 -0.2844
vn 0.1742 -0.9103 -0.3755
vn -0.0562 0.3737 0.9258
vn -0.0733 0.4084 0.9098
vn -0.7932 -0.0047 -0.6089
vn -0.8799 -0.1979 -0.4321
vn -0.8049 0.2489 0.5387
vn -0.9058 0.0901 -0.4140
vn -0.9254 -0.1027 -0.3649
vn 0.7957 -0.4513 0.4039
vn 0.0753 0.9083 0.4114
vn -0.6277 0.7253 0.2827
vn 0.3243 -0.0626 0.9439
vn 0.3007 0.0340 0.9531
vn -0.1671 0.5014 -0.8489
vn -0.0856 0.5609 -0.8234
vn -0.1450 0.3407 -0.9289
vn -0.5336 0.1202 -0.8372
vn -0.6467 0.0171 -0.7625
vn -0.6200 -0.0747 -0.7810
vn 0.9293 -0.2554 0.2667
vn 0.9033 -0.3389 0.2632
vn 0.1367 0.9328 -0.3335
vn 0.5103 0.7601 -0.4023
vn -0.7024 0.6016 -0.3803
vn -0.6712 -0.7364 -0.0845
vn -0.0243 -0.9965 -0.0796
vn -0.1378 -0.9881 0.0677
vn -0.4637 0.8831 0.0713
vn -0.5383 0.3387 -0.7717
vn -0.6696 0.7294 -0.1400
vn 0.3540 -0.8613 0.3644
vn 0.4844 -0.8338 0.2648
vn 0.9930 0.1143 -0.0312
vn 0.7974 0.1410 0.5868
vn -0.6199 -0.4505 -0.6425
vn -0.8198 -0.4848 -0.3048
vn -0.9526 0.2661 -0.1477
vn -0.9680 0.2086 -0.1394
vn 0.2988 0.1470 0.9429
vn 0.6173 0.7865 -0.0205
vn -0.2884 -0.9572 -0.0220
vn 0.6775 -0.7280 -0.1052
vn 0.6516 0.0607 -0.7562
vn 0.7126 -0.4040 -0.5735
vn 0.8595 -0.3943 -0.3253
vn 0.4160 0.5716 -0.7073
vn 0.5147 0.6097 -0.6028
vn -0.0608 0.6581 -0.7505
vn -0.0535 -0.9736 -0.2218
vn -0.0803 -0.5874 -0.8053
vn 0.2299 -0.4529 -0.8614
vn -0.0761 -0.9582 -0.2757
vn -0.6107 0.4647 -0.6412
vn 0.4523 -0.7080 -0.5423
vn -0.7166 -0.6735 -0.1815
vn -0.5179 0.5566 -0.6496
vn -0.2808 -0.6495 -0.7066
vn 0.6554 -0.7510 -0.0803
vn -0.9801 0.0384 -0.1946
vn 0.7358 -0.4476 -0.5083
vn -0.6003 -0.6914 0.4021
vn -0.4229 0.8868 0.1863
vn -0.8566 0.5028 -0.1157
vn 0.5468 0.3915 0.7401
vn -0.9044 0.3798 -0.1948
vn 0.6327 -0.0276 -0.7739
vn 0.5631 0.8248 -0.0514
vn 0.8900 -0.2999 -0.3434
vn 0.1829 0.6295 0.7551
vn 0.2170 0.5896 0.7780
vn -0.1349 0.9662 -0.2196
vn -0.9793 -0.2023 -0.0025
vn -0.9101 -0.0398 -0.4125
vn 0.4635 -0.8599 -0.2139
vn 0.1298 -0.9911 -0.0285
vn 0.1535 -0.8253 -0.5434
vn 0.3450 -0.8048 -0.4830
vn 0.3222 -0.9467 -0.0033
vn 0.3623 -0.9108 -0.1979
vn 0.2066 0.4654 -0.8607
vn -0.0308 0.6495 0.7597
vn -0.2496 0.6625 0.7063
vn 0.5519 0.2387 0.7990
vn 0.6475 0.2168 0.7306
vn 0.3458 0.4450 0.8260
vn 0.3156 -0.5222 -0.7923
vn -0.1424 -0.3275 -0.9341
vn 0.0085 0.0789 -0.9968
vn 0.7826 -0.5963 -0.1787
vn -0.0914 -0.4077 -0.9085
vn -0.0126 -0.4592 -0.8883
vn 0.7508 0.2740 0.6010
vn -0.7455 -0.0470 0.6648
vn 0.2980 -0.9546 -0.0063
vn -0.4457 -0.8238 0.3503
vn -0.2704 -0.9510 0.1500
vn -0.4039 -0.8706 -0.2811
vn -0.2329 -0.6452 -0.7276
vn -0.0948 -0.1272 -0.9873
vn -0.4845 -0.8427 -0.2348
vn -0.2546 -0.3650 -0.8955
vn 0.8000 -0.1024 0.5913
vn 0.8644 -0.3330 0.3766
vn -0.0538 -0.0804 -0.9953
vn -0.1684 -0.2952 -0.9405
vn -0.7377 -0.1702 -0.6534
vn 0.1187 0.5571 -0.8219
vn -0.0542 -0.9821 0.1805
vn -0.7414 -0.0788 -0.6664
vn 0.7031 0.6947 0.1522
vn 0.5166 0.7543 0.4051
vn 0.0832 0.6933 -0.7159
vn -0.1283 -0.9915 0.0211
vn 0.0995 -0.9703 0.2203
vn -0.2005 -0.7999 0.5656
vn 0.3016 0.0393 0.9526
vn 0.2249 -0.5285 -0.8186
vn 0.6425 -0.0278 -0.7658
vn 0.7958 0.5694 -0.2063
vn -0.0928 0.7497 -0.6553
vn -0.2678 0.9019 -0.3389
vn 0.2752 0.9306 -0.2415
vn 0.3690 -0.6547 0.6597
vn 0.2104 -0.7524 0.6241
vn 0.8696 -0.4743 0.1373
vn 0.2493 -0.4640 -0.8500
vn -0.5424 0.1402 -0.8283
vn -0.6483 0.0493 -0.7598
vn -0.7181 0.0506 -0.6941
vn -0.4173 -0.3662 -0.8317
vn 0.2031 0.9423 -0.2660
vn 0.9668 0.1755 -0.1857
vn 0.8849 0.0812 0.4586
vn 0.7050 -0.1958 0.6816
vn 0.8599 0.4818 -0.1686
vn 0.9295 -0.0390 0.3667
vn 0.6703 -0.6693 0.3204
vn 0.5772 -0.7478 0.3280
vn -0.8710 -0.0456 0.4892
vn 0.4356 0.3272 0.8386
vn 0.4388 0.3366 0.8331
vn 0.2834 0.3968 0.8731
vn 0.5184 0.0229 0.8548
vn -0.6129 0.0808 -0.7860
vn -0.4255 0.1869 -0.8854
vn -0.1287 -0.3795 -0.9162
vn 0.5188 -0.6985 0.4929
vn -0.1119 0.5959 -0.7952
vn -0.5083 0.0086 -0.8612
vn -0.5647 0.4073 -0.7178
vn -0.6345 0.0640 -0.7703
vn -0.0286 0.9893 -0.1429
vn 0.6636 -0.7468 0.0447
vn 0.5527 -0.7225 -0.4154
vn 0.0479 -0.5613 -0.8262
vn -0.0875 -0.9331 -0.3488
vn 0.4094 -0.7992 0.4402
vn 0.9554 0.2928 0.0388
vn 0.8358 0.1799 -0.5187
vn 0.6635 0.7206 0.2013
vn 0.3044 -0.7465 0.5917
vn 0.2831 -0.8309 0.4790
vn -0.8462 -0.2238 -0.4836
vn -0.6301 -0.4686 -0.6192
vn 0.4474 -0.1244 -0.8857
vn -0.0221 0.6178 -0.7860
vn -0.4912 0.8473 0.2021
vn 0.0862 0.9913 -0.0992
vn 0.9284 -0.0342 0.3700
vn 0.7978 0.0799 0.5977
vn 0.7420 0.1360 0.6565
vn -0.2606 -0.5998 0.7565
vn -0.6158 0.7696 -0.1690
vn 0.2285 -0.4913 0.8405
vn 0.5004 -0.5063 0.7023
vn -0.8562 0.5141 0.0503
vn -0.1297 -0.9114 0.3905
vn 0.8670 -0.0259 0.4976
vn 0.9273 0.2869 -0.2405
vn 0.4728 -0.4127 -0.7785
vn -0.4181 -0.8868 -0.1971
vn -0.1333 -0.9737 -0.1849
vn -0.3182 0.3527 0.8800
vn -0.5329 0.0567 0.8443
vn 0.3248 0.3207 0.8898
vn -0.1532 0.5055 0.8491
vn -0.5441 0.4571 0.7036
vn -0.3007 -0.0056 0.9537
vn -0.7020 -0.0252 0.7118
vn 0.9157 -0.3807 0.1283
vn 0.8767 -0.3909 -0.2802
vn 0.6102 0.2831 -0.7399
vn -0.8954 0.4313 0.1105
vn -0.1974 -0.9086 -0.3680
vn -0.8137 -0.3706 -0.4479
vn 0.4168 0.2858 0.8629
vn 0.4938 0.2448 0.8344
vn 0.5772 0.2160 0.7875
vn -0.8855 0.1160 -0.4499
vn -0.8605 0.1121 -0.4970
vn -0.0883 0.9142 0.3956
vn -0.6221 0.6195 -0.4788
vn -0.6901 0.2605 0.6752
vn -0.3687 0.3950 0.8414
vn -0.5350 0.3230 0.7807
vn 0.0290 0.2864 -0.9577
vn -0.1230 0.3035 -0.9449
vn 0.7481 -0.3799 -0.5441
vn -0.8426 0.3975 -0.3634
vn -0.1260 0.9118 -0.3908
vn -0.6799 0.7324 0.0376
vn -0.5805 0.5758 -0.5757
vn -0.0790 -0.9929 0.0892
vn -0.2452 -0.9520 0.1834
vn 0.0784 0.1717 0.9820
vn -0.9211 0.1678 0.3514
vn -0.6563 -0.2306 -0.7184
vn 0.7231 -0.5266 -0.4470
vn 0.8428 -0.4891 -0.2249
vn 0.5982 -0.4085 -0.6894
vn 0.9084 -0.3872 0.1575
vn 0.9500 -0.2003 0.2397
vn -0.7744 -0.4254 -0.4683
vn -0.8191 -0.3297 -0.4695
vn -0.8381 0.5008 0.2164
vn -0.7103 0.5785 0.4010
vn -0.2989 0.9501 0.0896
vn -0.5530 0.7157 0.4266
vn -0.7006 0.0214 -0.7132
vn -0.7820 0.1828 -0.5959
vn -0.4618 0.5064 -0.7282
vn 0.1016 -0.8509 0.5154
vn -0.0220 -0.6596 0.7513
vn -0.1335 0.2744 0.9523
vn 0.0622 -0.0009 0.9981
vn -0.3801 0.8530 -0.3576
vn -0.6037 -0.3361 -0.7229
vn -0.5252 -0.1320 -0.8407
vn -0.6876 0.1658 0.7069
vn -0.2364 0.4850 0.8420
vn -0.7224 0.3101 0.6180
vn -0.5492 0.4880 -0.6784
vn 0.7964 0.3761 0.4735
vn 0.7551 0.4443 0.4820
vn 0.8502 -0.1617 0.5011
vn 0.8076 0.2579 0.5303
vn -0.0484 -0.9837 -0.1731
vn 0.6109 -0.6310 0.4781
vn 0.3275 0.7665 -0.5525
vn -0.0066 0.5795 -0.8149
vn -0.1536 -0.6956 0.7018
vn -0.2875 -0.9507 0.1159
vn 0.6687 0.1264 0.7327
vn 0.8343 -0.0850 0.5447
vn 0.8332 -0.3142 0.4550
vn 0.7998 -0.0713 0.5960
vn 0.6743 -0.0313 0.7378
vn -0.9750 0.1995 -0.0980
vn -0.9353 0.2023 -0.2903
vn -0.8290 -0.5432 -0.1330
vn 0.1011 -0.9402 0.3252
vn -0.2112 -0.2029 0.9562
vn -0.0992 0.3948 0.9134
vn 0.7322 -0.6635 -0.1538
vn 0.8710 -0.4108 0.2696
vn 0.8821 0.0543 0.4679
vn -0.4177 -0.7913 -0.4466
vn -0.9658 0.1630 -0.2014
vn -0.0892 0.9955 0.0330
vn -0.3895 0.9079 -0.1550
vn -0.2804 -0.9504 -0.1345
vn -0.5835 -0.2308 -0.7787
vn 0.1079 0.7323 0.6724
vn 0.3022 0.7474 0.5917
vn -0.7897 -0.2228 -0.5716
vn -0.3065 0.7914 -0.5289
vn -0.5527 0.7779 0.2990
vn -0.9519 -0.3054 0.0232
vn -0.7906 -0.5585 0.2511
vn -0.9122 -0.4055 -0.0578
vn -0.0452 0.8884 0.4569
vn -0.0084 0.8623 0.5063
vn -0.0108 0.7161 0.6980
vn 0.7956 -0.2234 0.5631
vn 0.4463 -0.4170 -0.7918
vn 0.9649 0.1651 0.2043
vn 0.7625 0.5151 0.3916
vn -0.8536 0.1831 0.4877
vn -0.3270 0.5605 -0.7609
vn 0.1709 0.1074 0.9794
vn -0.9138 0.0307 -0.4050
vn -0.9034 -0.0989 -0.4172
vn -0.9528 0.3026 0.0249
vn -0.9419 -0.0651 -0.3294
vn 0.6287 -0.0295 0.7771
vn -0.6900 0.4905 -0.5322
vn 0.2168 -0.1879 -0.9580
vn -0.8216 -0.2740 -0.4999
vn 0.4242 0.4396 0.7917
vn 0.3783 0.1896 0.9060
vn 0.1882 0.4180 0.8888
vn -0.4117 0.0926 -0.9066
vn -0.8823 0.1726 -0.4379
vn -0.1801 -0.0849 -0.9800
vn 0.0824 -0.9402 0.3306
vn 0.1030 -0.9554 -0.2766
vn -0.2389 -0.9686 0.0685
vn -0.1474 0.9300 -0.3367
vn -0.7714 0.6321 0.0735
vn 0.4539 0.7692 0.4499
vn 0.8371 0.0453 0.5452
vn 0.9293 0.3063 0.2061
vn 0.7144 0.5236 0.4642
vn 0.7495 0.4302 0.5032
vn -0.9675 -0.1820 -0.1753
vn -0.1754 0.0684 -0.9821
vn -0.5081 0.2127 -0.8346
vn -0.6363 0.5261 -0.5642
vn 0.5678 0.2676 0.7785
vn 0.6629 -0.4473 0.6004
vn 0.7767 0.5551 0.2976
vn 0.6093 0.7537 0.2464
vn 0.7349 -0.1341 -0.6648
vn 0.4919 -0.2311 -0.8394
vn -0.7325 -0.2043 -0.6494
vn -0.6421 -0.0345 -0.7658
vn 0.1423 -0.2275 -0.9633
vn -0.9307 0.3634 -0.0411
vn -0.9318 0.1108 -0.3455
vn -0.8925 0.2806 -0.3531
vn 0.9656 -0.0254 -0.2586
vn 0.2664 0.8150 0.5146
vn 0.8566 -0.1087 -0.5044
vn 0.8348 0.5309 0.1457
vn -0.9542 -0.0905 -0.2850
vn -0.6039 -0.5549 -0.5722
vn -0.7890 -0.1224 -0.6020
vn 0.9698 0.0822 0.2296
vn 0.8239 -0.0202 0.5664
vn -0.9900 -0.1338 0.0446
vn -0.2569 -0.2023 -0.9450
vn -0.0191 0.2558 0.9665
vn 0.0157 0.7089 0.7051
vn -0.2199 -0.2505 -0.9428
vn -0.1560 -0.9092 -0.3860
vn 0.0055 -0.9991 -0.0428
vn 0.7123 0.0993 0.6949
vn 0.6204 0.2479 0.7441
vn 0.6943 0.5547 -0.4586
vn 0.5961 -0.2038 -0.7766
vn -0.0003 -0.9968 0.0799
vn -0.4125 -0.5554 -0.7221
vn -0.8053 0.4380 -0.3996
vn 0.2011 0.7970 -0.5695
vn 0.0680 0.9969 -0.0406
vn 0.9660 -0.2385 0.0994
vn 0.9989 -0.0124 -0.0448
vn 0.9656 -0.0439 0.2563
vn -0.2227 0.1864 0.9569
vn -0.1314 0.2423 0.9613
vn 0.2357 -0.9288 0.2859
vn -0.1508 0.3439 -0.9268
vn 0.0359 -0.6460 0.7625
vn 0.3892 -0.9209 0.0209
vn 0.8603 0.1999 0.4690
vn -0.4750 0.1282 0.8706
vn -0.4352 0.2469 0.8659
vn 0.3408 0.9259 -0.1629
vn -0.6224 0.7654 -0.1638
vn -0.6811 0.7307 0.0476
vn 0.0766 -0.9642 0.2539
vn 0.8049 0.5480 0.2277
vn 0.2891 0.7013 0.6516
vn 0.8410 -0.4953 0.2176
vn 0.6755 -0.5066 0.5358
vn 0.9238 0.3215 0.2079
vn 0.4222 0.0769 0.9032
vn 0.1370 0.1318 0.9818
vn 0.4551 -0.0297 0.8899
vn 0.3859 0.7492 -0.5384
vn -0.4532 0.6556 -0.6039
vn -0.4641 0.6084 -0.6438
vn 0.8852 -0.1757 0.4308
vn 0.0429 0.5758 -0.8165
vn 0.8130 -0.3322 0.4783
vn 0.8079 0.1990 0.5547
vn 0.7713 -0.1396 -0.6209
vn 0.0027 0.3108 -0.9505
vn -0.0735 0.3378 -0.9383
vn 0.3448 0.4084 -0.8452
vn -0.5990 -0.7110 -0.3684
vn -0.0921 -0.9955 -0.0228
vn -0.4289 0.7037 -0.5664
vn -0.8468 0.4685 0.2520
vn -0.7254 0.5113 0.4608
vn 0.7263 0.5969 0.3409
vn 0.7217 0.6009 0.3436
vn 0.7737 0.4868 0.4054
vn -0.5862 -0.3755 -0.7179
vn -0.6774 -0.5000 -0.5395
vn 0.7323 0.6566 0.1805
vn 0.3377 0.9220 0.1895
vn 0.2312 0.9272 0.2948
vn -0.9575 0.2316 -0.1718
vn 0.8782 0.3186 0.3568
vn -0.5131 0.7235 0.4618
vn 0.6772 -0.5994 0.4268
vn 0.9664 -0.1973 -0.1647
vn 0.1978 0.9307 0.3075
vn -0.2642 -0.4955 -0.8274
vn 0.0089 -0.6057 -0.7957
vn -0.2551 -0.8544 -0.4527
vn -0.8693 0.4917 -0.0501
vn -0.8015 0.3611 0.4766
vn -0.8168 0.5679 0.1015
vn 0.1241 -0.3979 -0.9090
vn -0.0024 0.1092 0.9940
vn 0.6500 -0.7599 -0.0046
vn 0.8907 -0.4136 0.1885
vn -0.3363 -0.8970 -0.2868
vn -0.6458 -0.1095 -0.7556
vn -0.4107 -0.2689 -0.8712
vn -0.6243 -0.1211 -0.7718
vn -0.6006 -0.1269 -0.7894
vn -0.7945 -0.3317 0.5088
vn -0.3539 -0.3956 0.8475
vn -0.4294 -0.4575 0.7787
vn -0.8379 0.5309 0.1271
vn 0.9341 -0.2015 -0.2946
vn 0.8596 -0.4350 -0.2683
vn 0.4973 -0.5534 -0.6682
vn 0.6959 -0.0039 0.7182
vn 0.1583 0.9873 -0.0129
vn -0.1581 0.3030 -0.9398
vn -0.7575 0.6369 -0.1433
vn -0.0387 0.4479 -0.8933
vn 0.7479 -0.1963 -0.6342
vn 0.5411 -0.3198 -0.7778
vn 0.8694 0.2406 0.4317
vn -0.0477 -0.2393 -0.9698
vn 0.1671 0.3788 0.9103
vn -0.4388 -0.8835 -0.1641
vn -0.6779 -0.7235 -0.1305
vn -0.4239 0.5827 0.6934
vn 0.2509 -0.2710 0.9293
vn 0.3257 0.1464 0.9341
vn 0.0422 -0.5817 -0.8123
vn 0.0863 -0.4829 -0.8714
vn -0.2784 -0.5351 -0.7976
vn 0.8292 -0.5383 -0.1505
vn 0.3203 0.6212 -0.7152
vn -0.3860 0.5656 0.7287
vn -0.2614 0.5399 0.8001
vn -0.2313 0.4304 0.8725
vn 0.0491 -0.5017 -0.8636
vn -0.4625 0.8535 0.2399
vn 0.3617 0.5653 -0.7414
vn -0.1700 0.5784 0.7979
vn 0.5684 -0.2358 -0.7882
vn 0.7696 0.1279 0.6256
vn 0.9092 0.3595 0.2099
vn 0.8864 -0.1047 0.4510
vn 0.8188 -0.0267 0.5735
vn 0.7432 -0.3701 -0.5574
vn 0.7500 -0.5919 -0.2952
vn -0.4850 0.2952 0.8232
vn -0.8977 0.3353 -0.2859
vn 0.6204 -0.7579 0.2017
vn -0.4578 -0.8711 -0.1777
vn -0.0709 -0.8374 -0.5420
vn 0.3053 -0.2899 -0.9071
vn 0.2117 -0.2886 -0.9337
vn -0.4660 -0.1791 -0.8665
vn -0.4396 -0.1148 -0.8909
vn -0.0057 -0.0674 -0.9977
vn 0.3541 0.2122 -0.9108
vn -0.6272 0.7697 0.1195
vn -0.9609 0.2762 0.0174
vn -0.6602 0.6469 -0.3816
vn -0.0046 0.9325 -0.3610
vn -0.5466 0.6217 -0.5610
vn -0.8258 0.5626 0.0386
vn 0.7026 -0.7045 0.1001
vn -0.2729 -0.9620 -0.0102
vn 0.7000 0.1661 0.6946
vn 0.6647 0.2608 0.7001
vn 0.4178 0.2945 0.8595
vn -0.1415 -0.9281 0.3444
vn -0.7454 0.6362 -0.1990
vn -0.6970 0.3121 -0.6455
vn -0.8570 0.0897 -0.5075
vn 0.1113 -0.2549 -0.9605
vn 0.6166 0.2483 0.7471
vn 0.2700 -0.8883 0.3716
vn -0.2294 0.6574 -0.7178
vn -0.6165 0.1023 -0.7806
vn -0.8275 0.3998 -0.3943
vn -0.2664 -0.1299 -0.9551
vn 0.7418 -0.4283 -0.5161
vn 0.1444 -0.5946 -0.7909
vn 0.2614 -0.3248 -0.9089
vn -0.5767 0.2104 -0.7894
vn 0.8899 -0.4147 -0.1901
vn 0.2002 -0.9031 -0.3799
vn 0.2910 -0.9064 -0.3061
vn 0.7765 0.0025 0.6301
vn 0.6019 0.2676 0.7524
vn 0.7006 0.1391 0.6999
vn 0.4413 0.8862 0.1412
vn 0.5528 0.7568 0.3487
vn 0.1042 0.5880 0.8021
vn -0.1033 0.2499 0.9628
vn -0.8978 0.2845 -0.3362
vn 0.7325 -0.3812 -0.5640
vn 0.8585 -0.3551 -0.3701
vn 0.7023 -0.2500 0.6665
vn 0.6762 -0.5239 0.5179
vn -0.5448 0.6518 -0.5275
vn 0.4866 -0.0402 -0.8727
vn -0.4929 0.8053 -0.3293
vn -0.7008 0.4722 -0.5347
vn 0.6177 0.3021 0.7261
vn 0.5267 0.7450 0.4094
vn -0.5939 0.5157 -0.6175
vn 0.3726 -0.8302 0.4147
vn 0.4837 -0.8483 0.2154
vn -0.0916 -0.9140 -0.3952
vn 0.1696 -0.8600 -0.4813
vn -0.0506 -0.8216 -0.5677
vn -0.6433 0.5063 -0.5743
vn -0.3953 0.9137 0.0939
vn 0.5658 -0.6524 -0.5043
vn 0.0406 -0.9987 -0.0309
vn -0.3362 -0.5282 -0.7797
vn -0.5675 0.7860 -0.2452
vn -0.3765 0.8502 0.3681
vn 0.1499 -0.5568 -0.8170
vn -0.5047 0.0599 -0.8612
vn -0.8394 -0.2940 0.4570
vn -0.1825 0.2043 0.9617
vn -0.4857 -0.0473 0.8728
vn -0.7040 -0.6425 -0.3026
vn 0.3774 0.7307 0.5688
vn 0.5294 0.6408 0.5560
vn 0.6666 -0.0065 0.7454
vn -0.2394 -0.9705 -0.0275
vn -0.0202 -0.9049 0.4251
vn 0.0067 -0.9946 -0.1032
vn -0.1525 -0.9826 -0.1061
vn -0.0899 -0.9871 -0.1323
vn 0.3679 -0.8574 -0.3598
vn -0.8202 0.2343 0.5219
vn -0.8533 0.0445 -0.5195
vn -0.9050 0.2045 -0.3731
vn -0.7706 0.0225 -0.6369
vn -0.8477 -0.0114 -0.5304
vn -0.5990 -0.1290 -0.7903
vn -0.8535 -0.2084 -0.4777
vn 0.0950 -0.9414 -0.3235
vn 0.1152 -0.9900 -0.0818
vn 0.9822 -0.1830 0.0413
vn 0.8652 -0.3447 -0.3643
vn 0.0695 0.6050 0.7932
vn -0.4463 -0.2303 -0.8647
vn 0.8438 -0.5058 0.1794
vn 0.5260 -0.6820 -0.5081
vn 0.4018 -0.7824 -0.4757
vn 0.1714 0.9236 -0.3430
vn -0.7740 0.4438 -0.4516
vn -0.6252 0.6161 -0.4791
vn -0.7349 0.2298 -0.6381
vn 0.2326 0.3245 0.9168
vn 0.1337 -0.2978 -0.9452
vn 0.4330 -0.4391 -0.7872
vn 0.0275 -0.7282 -0.6848
vn -0.0405 0.6112 -0.7904
vn 0.2429 0.8100 -0.5338
vn 0.2505 -0.9528 -0.1715
vn 0.0701 -0.9742 -0.2145
vn -0.7113 0.6099 -0.3493
vn -0.7283 0.6609 -0.1810
vn 0.1093 0.2230 0.9687
vn -0.9015 -0.2264 -0.3689
vn 0.7989 0.5691 0.1947
vn 0.7971 0.5814 0.1634
vn 0.6726 0.7388 -0.0409
vn -0.2568 0.2191 -0.9413
vn 0.3360 -0.3549 -0.8724
vn 0.1904 0.4036 0.8949
vn 0.0612 0.4060 0.9118
vn -0.7573 -0.0977 0.6457
vn -0.3725 0.8582 0.3533
vn -0.8665 0.4673 -0.1757
vn -0.2516 0.9675 0.0254
vn -0.1852 -0.9820 -0.0365
vn 0.7285 0.4150 0.5450
vn 0.8293 0.1167 0.5465
vn -0.1714 -0.0930 -0.9808
vn 0.1254 0.4463 -0.8860
vn 0.0402 0.7329 -0.6792
vn -0.3889 0.8560 -0.3407
vn -0.5086 0.6945 0.5090
vn 0.6406 0.7043 0.3058
vn 0.4006 0.1359 0.9061
vn 0.7522 0.6347 0.1771
vn 0.6989 0.6394 0.3204
vn 0.9685 -0.1206 -0.2181
vn 0.8699 -0.1660 -0.4645
vn 0.9934 0.0843 -0.0783
vn -0.1347 -0.1902 -0.9725
vn -0.9233 -0.0045 -0.3840
vn 0.0060 -0.9982 0.0602
vn -0.6895 0.5922 -0.4170
vn -0.2011 0.9215 -0.3322
vn -0.5723 -0.8119 -0.1150
vn 0.9018 0.2060 0.3798
vn 0.9230 0.2943 0.2480
vn 0.9752 0.1308 0.1787
vn -0.2820 -0.4556 -0.8443
vn -0.2120 0.0257 -0.9769
vn 0.2355 -0.5913 -0.7713
vn -0.3910 -0.7630 -0.5148
vn -0.3176 -0.7176 -0.6198
vn 0.0438 -0.8934 -0.4470
vn 0.4576 -0.7872 -0.4134
vn -0.2414 -0.1312 0.9615
vn 0.0236 -0.5875 0.8089
vn -0.2404 -0.2869 0.9273
vn 0.1212 -0.9916 -0.0459
vn -0.0534 -0.9986 -0.0010
vn -0.2550 -0.9669 -0.0076
vn -0.9000 0.2531 -0.3550
vn 0.5321 -0.3743 -0.7595
vn 0.9091 0.1231 -0.3980
vn 0.2313 -0.4951 -0.8375
vn 0.5349 -0.3733 -0.7579
vn -0.6931 -0.7202 0.0298
vn 0.5822 0.6727 0.4566
vn 0.8124 0.5223 -0.2594
vn 0.8745 0.4014 0.2722
vn -0.3300 0.6855 0.6490
vn 0.1248 0.5902 0.7975
vn -0.2418 0.2888 0.9264
vn 0.1771 0.8635 0.4723
vn -0.1852 -0.6141 0.7672
vn 0.1338 0.8565 0.4984
vn 0.4162 0.7982 0.4355
vn 0.2421 0.9178 0.3147
vn 0.4074 0.7794 0.4761
vn 0.0888 0.9103 0.4042
vn -0.7496 -0.6619 -0.0041
vn 0.0097 0.2829 -0.9591
vn 0.0713 0.3350 -0.9395
vn 0.6944 0.6805 -0.2341
vn -0.5170 0.2857 -0.8069
vn -0.4044 -0.8487 0.3409
vn 0.3801 -0.5343 -0.7550
vn -0.0702 -0.9347 -0.3485
vn -0.3041 -0.9275 0.2173
vn -0.3052 0.9247 0.2276
vn 0.1590 0.9691 -0.1884
vn -0.7369 0.2793 0.6156
vn 0.3664 0.3266 0.8713
vn -0.0725 0.4668 0.8814
vn 0.0322 0.4216 0.9062
vn 0.9712 0.2155 -0.1017
vn 0.7600 0.1831 0.6236
vn 0.7928 -0.2790 0.5419
vn 0.0938 -0.0039 0.9956
vn -0.5949 0.7574 -0.2692
vn 0.2032 0.9787 -0.0292
vn 0.4079 -0.5351 -0.7398
vn -0.3596 0.4874 0.7957
vn 0.0737 0.8404 -0.5369
vn 0.6983 0.6182 0.3610
vn -0.0626 0.5841 -0.8093
vn 0.4508 0.8429 -0.2938
vn -0.9350 0.2432 0.2580
vn -0.6456 -0.7067 -0.2894
vn -0.4756 -0.8755 -0.0859
vn 0.2794 -0.9074 -0.3139
vn 0.1432 -0.9848 -0.0981
vn 0.2491 -0.9474 -0.2011
vn 0.3278 -0.9297 -0.1680
vn 0.0426 -0.2287 -0.9726
vn -0.2840 -0.3015 -0.9102
vn 0.1183 -0.5765 -0.8085
vn -0.0503 -0.9979 -0.0413
vn 0.0554 -0.9740 0.2196
vn -0.1274 -0.9909 0.0444
vn -0.2327 -0.6411 0.7313
vn 0.8723 -0.2683 0.4087
vn 0.8800 -0.2584 0.3985
vn 0.9120 -0.3858 0.1396
vn 0.9691 -0.2044 -0.1380
vn 0.0653 0.7595 0.6472
vn -0.4472 -0.4488 0.7737
vn 0.4517 0.2553 0.8549
vn -0.7245 0.6756 0.1366
vn -0.9026 0.0660 -0.4254
vn -0.8851 -0.2304 -0.4043
vn 0.4305 -0.2119 -0.8774
vn -0.5927 -0.4290 0.6816
vn 0.5127 -0.8334 0.2066
vn 0.2292 -0.9648 0.1287
vn 0.0846 -0.9961 -0.0252
vn 0.5936 -0.6638 -0.4549
vn -0.0923 -0.6727 -0.7342
vn 0.4429 0.8432 0.3049
vn -0.5344 0.0955 0.8398
vn -0.4083 0.2294 0.8835
vn -0.0394 0.3384 0.9402
vn -0.1488 -0.9619 0.2295
vn -0.5369 -0.8432 -0.0287
vn 0.1668 0.1380 -0.9763
vn 0.0918 0.3745 -0.9227
vn -0.2279 0.4160 0.8803
vn -0.4581 -0.3379 0.8222
vn 0.7555 -0.5506 -0.3550
vn 0.0464 -0.7603 -0.6479
vn 0.8356 -0.5316 -0.1386
vn 0.2436 -0.5292 -0.8128
vn 0.3363 -0.4702 -0.8160
vn -0.0081 -0.8668 0.4986
vn -0.1410 0.9745 0.1745
vn -0.7856 -0.5529 0.2776
vn -0.9945 0.0195 0.1031
vn -0.3814 -0.9240 -0.0283
vn -0.2284 -0.9732 0.0267
vn -0.9929 -0.0048 0.1188
vn -0.5331 0.1375 0.8348
vn -0.4660 0.0919 0.8800
vn -0.0093 0.0455 -0.9989
vn 0.9324 0.3584 0.0466
vn 0.7159 0.6979 -0.0210
vn 0.1292 -0.2637 -0.9559
vn -0.0262 -0.0765 -0.9967
vn 0.9678 0.2472 0.0469
vn -0.2026 0.4612 -0.8638
vn -0.3311 -0.9310 -0.1535
vn 0.4624 -0.3511 0.8142
vn -0.2899 -0.7627 -0.5781
vn -0.6541 -0.1559 0.7402
vn -0.8758 -0.1517 0.4582
vn 0.6273 0.4011 0.6676
vn -0.4839 0.8099 -0.3315
vn -0.6500 0.7012 -0.2928
vn 0.8489 -0.2091 -0.4854
vn 0.8086 -0.4307 -0.4008
vn 0.0922 -0.9487 -0.3025
vn -0.9480 -0.1052 -0.3004
vn -0.4076 -0.3194 -0.8555
vn -0.5210 -0.2734 -0.8086
vn 0.0552 0.7731 0.6318
vn 0.1540 0.6583 0.7368
vn 0.6372 0.3160 0.7029
vn 0.5873 0.2953 0.7536
vn 0.7798 0.5734 -0.2512
vn 0.2610 -0.9653 0.0118
vn -0.1487 -0.2202 -0.9641
vn -0.5532 0.8250 -0.1157
vn -0.3704 0.8785 0.3018
vn -0.0558 0.9736 0.2212
vn 0.1703 -0.9625 -0.2112
vn 0.4303 -0.9018 -0.0399
vn 0.0709 -0.3977 -0.9148
vn 0.4448 0.5166 -0.7316
vn 0.1683 0.7805 -0.6021
vn 0.1117 0.7393 -0.6640
vn -0.8440 -0.0697 -0.5318
vn -0.6066 -0.0313 -0.7944
vn 0.0696 -0.9569 0.2818
vn -0.9609 0.2644 -0.0825
vn 0.8188 0.0237 0.5736
vn 0.9429 -0.1102 0.3145
vn 0.5314 -0.6657 -0.5239
vn 0.7145 -0.6570 -0.2406
vn -0.2002 -0.3416 -0.9183
vn 0.8068 -0.4428 -0.3912
vn 0.7303 0.6792 -0.0726
vn 0.9299 0.3510 0.1097
vn 0.8893 0.4413 0.1203
vn -0.0266 0.5641 0.8253
vn -0.0802 0.4987 0.8630
vn 0.9931 0.1128 -0.0322
vn 0.8099 0.4322 0.3966
vn 0.2479 -0.0026 0.9688
vn 0.3035 0.6517 0.6951
vn -0.8540 0.5185 -0.0427
vn 0.1398 -0.9902 0.0034
vn -0.7488 -0.4090 -0.5215
vn -0.6554 -0.0125 -0.7552
vn -0.7607 0.2058 -0.6156
vn -0.1839 -0.9782 0.0964
vn 0.5002 0.6220 0.6025
vn -0.3028 -0.3348 -0.8923
vn -0.0339 0.4570 0.8888
vn -0.8176 -0.4848 -0.3105
vn -0.4729 -0.8074 -0.3528
vn -0.4785 -0.8006 -0.3606
vn -0.6114 -0.7632 -0.2089
vn -0.4655 0.8803 0.0916
vn 0.5549 -0.7359 -0.3879
vn 0.6490 -0.6630 -0.3732
vn 0.3365 0.8983 0.2826
vn 0.1034 0.9790 0.1756
vn 0.1200 0.8956 0.4284
vn -0.9293 0.1252 -0.3475
vn -0.6321 -0.6079 -0.4806
vn 0.2281 -0.9107 -0.3445
vn 0.4051 -0.8779 -0.2555
vn -0.5635 -0.2955 -0.7714
vn -0.4219 -0.4301 -0.7981
vn -0.1159 -0.4936 -0.8620
vn -0.5808 -0.3158 -0.7503
vn -0.1415 -0.5145 -0.8457
vn -0.9934 0.1132 0.0159
vn -0.9701 0.1338 -0.2027
vn -0.2931 0.7500 -0.5930
vn -0.0435 0.6868 -0.7255
vn 0.3341 0.7432 0.5796
vn -0.5453 0.4288 0.7203
vn -0.0984 0.4192 0.9025
vn -0.1554 -0.5352 -0.8303
vn -0.9324 0.3612 -0.0094
vn -0.2590 -0.1373 -0.9561
vn 0.7337 0.3347 0.5913
vn 0.8921 -0.4394 -0.1056
vn 0.9366 0.1854 0.2973
vn 0.0420 -0.4125 -0.9100
vn 0.3649 -0.5281 -0.7668
vn 0.8518 0.2750 -0.4459
vn -0.6320 0.7374 -0.2383
vn -0.6443 0.7465 -0.1664
vn -0.8615 0.1621 0.4813
vn -0.1024 0.5137 0.8518
vn -0.0516 0.4330 0.8999
vn -0.4901 -0.8355 0.2486
vn -0.0788 -0.2993 0.9509
vn 0.5208 -0.6696 0.5295
vn -0.5116 0.7421 -0.4330
vn 0.7119 0.1401 0.6881
vn 0.4918 -0.8691 -0.0525
vn -0.7035 0.6263 -0.3358
vn 0.1516 -0.5061 -0.8490
vn 0.7123 -0.5314 -0.4585
vn -0.7846 -0.5442 -0.2970
vn -0.5243 0.7705 -0.3626
vn -0.7733 0.6229 -0.1182
vn 0.3897 0.8997 0.1963
vn -0.4089 0.2659 0.8730
vn -0.5829 -0.3742 -0.7212
vn -0.3156 -0.0202 -0.9487
vn 0.6891 0.7033 -0.1750
vn 0.8400 -0.2673 0.4722
vn 0.9631 0.1661 0.2117
vn 0.5709 0.4054 -0.7140
vn -0.3320 -0.8283 0.4514
vn 0.3379 -0.8791 0.3361
vn -0.9000 -0.2878 -0.3275
vn 0.8534 -0.2947 0.4300
vn -0.7513 0.6557 -0.0749
vn 0.9427 0.1539 0.2961
vn 0.8403 0.2466 0.4828
vn 0.8556 0.2502 0.4532
vn 0.3695 0.9196 0.1337
vn 0.0822 0.9734 -0.2140
vn -0.7747 -0.2253 -0.5908
vn 0.7802 0.4087 0.4736
vn 0.8896 -0.2534 0.3801
vn 0.8602 0.0690 0.5052
vn -0.3124 -0.9360 0.1624
vn 0.7352 0.0413 0.6765
vn 0.5665 0.0041 0.8241
vn -0.2199 0.9589 0.1795
vn -0.3707 0.8122 -0.4504
vn 0.9317 -0.3633 0.0042
vn 0.8727 -0.3707 0.3178
vn 0.8343 0.0122 0.5511
vn -0.5475 0.4811 0.6847
vn 0.9261 -0.2627 0.2709
vn 0.4746 -0.7833 0.4015
vn -0.4633 0.8862 -0.0062
vn -0.7244 0.3420 -0.5986
vn 0.5457 -0.1366 -0.8268
vn 0.9562 -0.0931 -0.2774
vn 0.3942 -0.6411 -0.6585
vn 0.6705 -0.5069 -0.5418
vn -0.8346 -0.3331 -0.4388
vn -0.1168 -0.0690 -0.9908
vn -0.7046 -0.3181 -0.6343
vn -0.5749 -0.6000 -0.5563
vn 0.7482 0.0941 -0.6568
vn 0.0229 -0.1000 -0.9947
vn -0.1804 -0.1083 -0.9776
vn 0.8629 -0.2345 -0.4476
vn 0.9144 -0.3378 0.2231
vn 0.7899 -0.6072 0.0853
vn 0.8712 -0.4721 -0.1346
vn 0.9289 0.0640 0.3647
vn 0.6377 -0.7703 0.0092
vn 0.4027 -0.9153 -0.0097
vn 0.7698 0.5600 -0.3063
vn 0.8980 0.0762 0.4333
vn -0.0978 -0.9235 -0.3710
vn 0.0351 -0.9087 -0.4161
vn -0.5664 -0.4567 -0.6860
vn 0.6949 -0.0814 0.7145
vn -0.1569 0.3759 0.9133
vn -0.0680 0.4112 0.9090
vn 0.6499 0.6922 0.3138
vn 0.3478 0.9014 0.2577
vn -0.5777 0.4238 -0.6976
vn -0.5712 -0.3305 -0.7513
vn 0.1428 0.1141 -0.9832
vn -0.3865 0.2507 -0.8876
vn -0.1661 0.6239 -0.7637
vn -0.4955 -0.1298 -0.8588
vn -0.5555 -0.0544 -0.8297
vn -0.7159 -0.0783 -0.6938
vn 0.7307 0.5606 -0.3897
vn 0.6854 -0.0120 0.7281
vn -0.6422 -0.1303 0.7554
vn 0.4427 -0.8628 -0.2440
vn -0.4992 0.0938 -0.8614
vn -0.2304 -0.9320 -0.2797
vn -0.8666 -0.4528 0.2098
vn 0.2958 -0.9553 -0.0027
vn -0.8665 0.4857 0.1150
vn -0.4094 0.3861 0.8266
vn -0.9695 0.2401 -0.0499
vn -0.9762 0.0219 0.2159
vn -0.2451 0.4930 -0.8348
vn 0.0453 0.3410 -0.9390
vn -0.7146 -0.6736 -0.1887
vn -0.4178 -0.1674 -0.8930
vn -0.5685 0.1777 -0.8033
vn 0.4214 -0.7646 -0.4876
vn -0.7818 -0.2757 -0.5592
vn 0.3072 -0.9074 -0.2868
vn 0.0434 -0.9605 -0.2750
vn 0.1194 -0.9362 -0.3304
vn 0.4739 0.2041 0.8566
vn 0.4332 -0.6199 -0.6543
vn 0.4435 -0.3704 -0.8162
vn 0.2872 -0.4743 -0.8322
vn -0.2353 -0.2215 -0.9463
vn 0.6503 -0.1945 -0.7344
vn 0.3119 0.3021 0.9008
vn -0.7352 -0.0941 -0.6712
vn -0.5200 0.5473 0.6557
vn -0.3538 0.7985 0.4870
vn -0.5181 0.8426 -0.1473
vn -0.6931 -0.0653 -0.7179
vn -0.6549 -0.0398 -0.7546
vn -0.3472 -0.2581 -0.9016
vn -0.5181 0.2178 -0.8271
vn 0.7466 0.1455 0.6492
vn 0.7554 0.2088 0.6211
vn 0.7703 0.4428 0.4590
vn 0.3787 -0.9085 -0.1765
vn 0.3222 -0.9435 0.0771
vn -0.1033 -0.2149 0.9712
vn -0.7798 -0.5659 -0.2677
vn -0.2358 -0.5848 0.7762
vn 0.8938 -0.4482 0.0123
vn 0.6851 0.5009 0.5290
vn 0.9865 -0.1499 -0.0656
vn -0.8589 0.2802 0.4287
vn -0.6807 0.2850 0.6748
vn -0.8024 0.3523 0.4817
vn -0.4650 -0.1741 -0.8680
vn -0.9094 -0.1661 -0.3813
vn 0.9449 0.1216 -0.3039
vn 0.1026 0.2405 0.9652
vn -0.3044 0.4911 0.8162
vn 0.4468 -0.3978 0.8013
vn 0.0661 0.3991 0.9145
vn 0.6591 -0.6895 0.3003
vn 0.9718 0.0220 0.2347
vn 0.9917 -0.1263 0.0231
vn 0.9557 -0.2483 0.1580
vn 0.0668 0.0415 -0.9969
vn -0.2209 0.9735 -0.0591
vn -0.5110 0.8390 -0.1867
vn 0.7518 -0.3756 0.5420
vn -0.2308 -0.9710 -0.0619
vn -0.9240 0.1310 -0.3593
vn 0.2277 -0.3906 -0.8919
vn 0.8270 0.4629 -0.3191
vn -0.7972 -0.1438 -0.5864
vn -0.5286 -0.2335 -0.8161
vn -0.8556 -0.4373 -0.2771
vn -0.8581 -0.2114 -0.4679
vn -0.3435 0.9342 0.0960
vn -0.4616 0.8645 -0.1991
vn 0.7881 -0.3464 0.5088
vn 0.8704 -0.3235 0.3712
vn -0.4860 0.6300 0.6058
vn -0.1651 -0.9805 0.1067
vn -0.0795 -0.9936 0.0806
vn -0.1872 0.3961 0.8989
vn -0.4555 0.5847 0.6714
vn -0.6206 0.6700 0.4075
vn -0.2358 0.4573 0.8575
vn -0.7041 -0.7072 0.0647
vn -0.2653 0.4424 0.8567
vn 0.2716 0.4869 0.8302
vn -0.5906 0.4804 0.6484
vn -0.5920 -0.3119 -0.7432
vn -0.4012 0.8977 0.1822
vn -0.3505 0.9123 0.2116
vn -0.2289 0.8573 0.4612
vn 0.7280 0.2567 -0.6357
vn -0.3606 0.9096 -0.2062
vn -0.0133 0.1829 0.9830
vn -0.7827 0.1668 0.5997
vn 0.0975 0.3392 0.9356
vn -0.7240 0.5216 -0.4514
vn -0.4168 -0.2292 -0.8796
vn -0.5689 -0.0286 -0.8219
vn 0.6767 -0.1238 0.7258
vn -0.9962 0.0852 -0.0177
vn -0.4025 0.0426 0.9144
vn 0.4368 0.1706 0.8833
vn -0.2938 0.0408 0.9550
vn -0.6747 0.2334 -0.7002
vn 0.4759 -0.7057 -0.5248
vn -0.5425 -0.4153 -0.7303
vn -0.8563 0.0739 -0.5112
vn 0.3538 -0.8896 -0.2889
vn 0.3393 -0.3711 -0.8644
vn 0.8538 -0.3298 -0.4028
vn 0.8957 -0.2389 -0.3749
vn 0.7396 -0.6730 -0.0121
vn 0.5609 -0.6780 0.4751
vn -0.9472 0.1536 -0.2813
vn 0.6011 0.7194 -0.3481
vn -0.4366 0.3886 0.8114
vn -0.3258 -0.4009 -0.8562
vn -0.5049 -0.2239 -0.8336
vn -0.2481 -0.4815 -0.8406
vn 0.8968 -0.2531 -0.3628
vn 0.7382 -0.3073 -0.6006
vn -0.2206 0.9395 -0.2621
vn -0.0215 0.2294 0.9731
vn 0.1844 0.4189 0.8891
vn 0.3082 0.3418 0.8878
vn -0.8517 0.3492 0.3907
vn -0.4594 -0.5874 -0.6663
vn -0.8045 -0.5747 -0.1501
vn -0.5523 -0.6292 -0.5468
vn -0.9807 0.0278 0.1936
vn -0.9286 -0.3408 -0.1471
vn -0.9534 -0.1521 -0.2604
vn -0.7768 -0.3789 -0.5030
vn -0.1584 0.5922 0.7901
vn -0.3569 0.5914 0.7231
vn -0.6774 0.4968 -0.5425
vn 0.2949 -0.3979 -0.8688
vn 0.3268 0.3408 0.8815
vn -0.3803 0.5070 0.7735
vn 0.6148 0.2154 0.7587
vn -0.3852 0.2885 -0.8766
vn 0.5799 -0.5233 -0.6244
vn -0.2086 -0.8552 -0.4745
vn 0.5110 -0.8413 0.1761
vn 0.3406 -0.9157 -0.2134
vn 0.7264 0.4711 -0.5004
vn 0.8215 -0.0649 -0.5665
vn 0.8752 -0.3464 0.3378
vn 0.8008 0.2382 0.5496
vn 0.2735 0.3063 -0.9118
vn -0.5083 0.0194 -0.8610
vn 0.5228 -0.8521 -0.0252
vn -0.0238 -0.2809 -0.9594
vn -0.3093 0.4702 0.8266
vn 0.8623 0.3947 -0.3172
vn 0.1807 0.3841 0.9054
vn 0.2093 0.2896 0.9340
vn -0.4112 -0.0682 0.9090
vn 0.9184 0.1141 0.3788
vn -0.9706 -0.2189 0.1003
vn -0.8466 0.4580 -0.2713
vn -0.5859 0.1642 -0.7936
vn 0.4369 -0.3378 -0.8337
vn 0.9756 -0.2101 0.0639
vn 0.8701 0.4909 -0.0443
vn -0.9532 -0.3022 -0.0061
vn -0.9569 -0.2083 0.2025
vn -0.6257 -0.7321 -0.2692
vn 0.9986 -0.0048 0.0529
vn -0.9815 -0.1386 -0.1317
vn -0.6668 0.7136 -0.2150
vn -0.2053 0.7106 -0.6730
vn 0.2930 0.6261 0.7226
vn 0.8640 0.4555 0.2143
vn 0.7283 0.5838 0.3589
vn 0.8692 -0.2431 -0.4307
vn 0.0813 -0.2042 -0.9755
vn 0.4667 -0.4690 -0.7498
vn 0.9224 0.3833 0.0485
vn 0.0901 0.3574 0.9296
vn 0.6600 -0.4421 -0.6074
vn 0.0886 0.3259 0.9413
vn 0.9708 -0.1978 0.1355
vn 0.8523 0.4754 0.2179
vn -0.1805 -0.5842 0.7913
vn 0.8692 -0.4179 -0.2643
vn -0.9873 0.1579 -0.0144
vn 0.1984 0.7319 0.6519
vn -0.6487 0.1695 -0.7420
vn -0.4238 0.2715 -0.8641
vn -0.3158 0.5234 -0.7914
vn -0.4052 0.4661 -0.7865
vn -0.6038 -0.4183 0.6786
vn -0.0981 -0.8261 -0.5549
vn -0.7105 0.3910 -0.5850
vn -0.5842 0.4289 -0.6890
vn 0.9052 0.1667 -0.3908
vn 0.9698 0.2231 -0.0988
vn 0.3736 0.9256 0.0603
vn 0.0622 -0.6219 -0.7806
vn 0.1435 -0.8776 0.4574
vn -0.7845 0.0581 -0.6174
vn -0.3038 -0.9096 -0.2834
vn -0.9097 0.0835 -0.4067
vn -0.0220 0.3318 0.9431
vn 0.1128 0.7127 -0.6924
vn -0.7615 -0.4427 -0.4735
vn -0.5500 -0.1874 -0.8139
vn 0.1228 -0.9518 0.2811
vn -0.1609 0.0780 -0.9839
vn 0.6889 0.2862 0.6659
vn 0.7224 0.2753 0.6343
vn 0.3141 -0.2821 -0.9065
vn 0.8764 -0.4661 -0.1208
vn 0.4683 -0.8321 -0.2971
vn -0.2920 -0.4420 -0.8482
vn -0.9623 0.2655 -0.0581
vn -0.4114 -0.6176 -0.6703
vn 0.6115 0.6422 -0.4623
vn -0.8077 0.5847 -0.0754
vn -0.6852 0.4790 -0.5486
vn 0.8572 -0.1246 0.4997
vn -0.8771 0.0258 -0.4797
vn -0.7928 0.0556 -0.6069
vn 0.0790 -0.4629 -0.8829
vn 0.6242 0.7811 -0.0124
vn 0.7518 -0.4378 0.4931
vn -0.7848 0.6197 -0.0056
vn -0.0616 0.6198 0.7824
vn -0.4935 0.1104 -0.8627
vn -0.3428 -0.8185 -0.4610
vn -0.2334 -0.9695 0.0747
vn 0.0405 -0.6216 0.7823
vn -0.4670 0.5027 0.7274
vn -0.9070 -0.0673 -0.4158
vn -0.2601 -0.9656 0.0048
vn -0.4346 -0.8827 -0.1789
vn -0.0392 -0.5868 0.8088
vn -0.7335 -0.0773 0.6753
vn 0.7683 0.3461 0.5385
vn 0.6820 -0.5501 0.4820
vn 0.7617 0.3600 -0.5387
vn 0.1940 0.8907 -0.4112
vn -0.0376 -0.9923 -0.1181
vn 0.7396 -0.6303 -0.2361
vn -0.3757 -0.9069 -0.1909
vn -0.9403 0.2025 -0.2735
vn 0.8232 -0.4805 -0.3025
vn 0.8974 -0.4388 0.0462
vn 0.5250 0.2840 0.8023
vn 0.4732 0.4649 0.7483
vn 0.1603 0.4564 0.8752
vn -0.1966 -0.0663 0.9782
vn -0.4166 0.3681 0.8312
vn -0.4463 -0.0510 0.8934
vn -0.6467 -0.6922 0.3205
vn -0.4251 -0.8076 0.4086
vn -0.5897 -0.7369 0.3305
vn 0.5792 -0.3606 -0.7310
vn 0.4867 0.3562 0.7977
vn -0.2299 -0.9148 0.3320
vn -0.1037 0.9732 0.2051
vn -0.8081 0.4645 0.3623
vn -0.6049 -0.1575 0.7806
vn -0.7700 -0.4156 0.4841
vn 0.4179 -0.9085 -0.0023
vn 0.8555 0.3947 0.3351
vn 0.9097 0.0696 0.4093
vn 0.9101 0.2004 0.3627
vn 0.8337 0.1267 0.5375
vn 0.1885 0.8737 0.4485
vn -0.5205 0.5267 0.6721
vn 0.2964 0.2838 -0.9119
vn 0.0941 0.9955 0.0060
vn -0.4411 -0.3142 -0.8407
vn -0.9429 -0.0707 -0.3255
vn 0.3942 0.5334 0.7484
vn -0.9227 0.1770 -0.3426
vn 0.0051 -0.3513 -0.9362
vn -0.4974 -0.5386 -0.6801
vn -0.8393 -0.1581 -0.5203
vn 0.0676 -0.3704 -0.9264
vn 0.3318 -0.3866 -0.8605
vn -0.4910 0.8158 -0.3056
vn 0.2953 0.7958 0.5286
vn -0.1767 0.3076 0.9350
vn -0.3432 0.6694 -0.6589
vn 0.1939 0.5461 -0.8150
vn -0.2798 0.4149 -0.8658
vn 0.5273 -0.8096 0.2578
vn -0.1364 0.5703 0.8100
vn 0.3165 0.8684 0.3817
vn 0.1635 -0.9862 0.0268
vn 0.5653 -0.7053 -0.4277
vn 0.2045 0.9004 -0.3840
vn 0.3996 0.8610 -0.3147
vn -0.5860 0.5856 0.5600
vn -0.0758 0.9675 0.2411
vn -0.2225 0.7288 0.6475
vn -0.9267 -0.1158 -0.3576
vn 0.1242 -0.9895 -0.0744
vn 0.2942 -0.4534 -0.8414
vn 0.0949 0.0929 -0.9911
vn -0.8364 -0.5350 -0.1191
vn 0.3583 0.6432 0.6767
vn -0.9586 0.1802 -0.2203
vn -0.5381 -0.2549 -0.8034
vn 0.5091 0.2026 0.8365
vn -0.9887 -0.1491 -0.0156
vn 0.7518 -0.6585 0.0336
vn 0.6721 -0.6544 0.3466
vn 0.8841 0.4470 0.1364
vn 0.2725 0.8502 0.4505
vn -0.6289 0.5178 0.5799
vn -0.5178 0.7640 -0.3850
vn 0.2050 -0.9736 0.1005
vn -0.1930 -0.9786 -0.0708
vn -0.3001 -0.9522 0.0566
vn 0.0826 -0.8057 0.5865
vn -0.3844 0.4753 -0.7914
vn -0.5404 0.1205 -0.8327
vn -0.4909 0.3183 -0.8110
vn -0.3052 0.3273 0.8943
vn -0.5177 0.6153 0.5945
vn 0.1659 -0.1574 0.9735
vn 0.7431 -0.1889 0.6419
vn -0.3084 -0.4121 -0.8574
vn 0.1436 -0.6825 -0.7167
vn 0.4211 -0.8645 0.2744
vn 0.2606 0.9115 0.3181
vn -0.7205 0.0792 0.6889
vn 0.9641 0.0526 0.2601
vn -0.3836 0.2117 0.8989
vn 0.4137 0.8627 0.2909
vn 0.3252 0.7548 0.5697
vn -0.7631 0.5832 -0.2784
vn -0.3964 0.1686 0.9025
vn -0.2068 0.1399 0.9683
vn -0.2261 0.3812 -0.8964
vn -0.4481 0.4993 -0.7416
vn -0.7071 -0.6771 -0.2038
vn 0.3880 0.7411 0.5480
vn -0.1695 0.3275 -0.9295
vn -0.5259 0.2404 -0.8159
vn 0.0086 0.9613 -0.2754
vn 0.6003 -0.7868 -0.1436
vn 0.2518 0.7736 0.5815
vn 0.1214 0.9370 0.3277
vn 0.6400 -0.7015 0.3136
vn 0.2532 0.5898 0.7668
vn 0.5703 0.6917 0.4430
vn -0.7799 0.6010 0.1750
vn -0.5572 0.4663 0.6870
vn 0.9836 -0.1092 0.1435
vn 0.9231 -0.0211 0.3840
vn -0.7678 0.1392 -0.6254
vn -0.2791 -0.8133 0.5106
vn -0.9426 0.3332 0.0222
vn -0.9317 0.2891 0.2201
vn -0.8755 -0.1662 -0.4537
vn -0.3530 0.2885 0.8900
vn -0.4363 0.3661 0.8220
vn -0.9005 0.3663 -0.2344
vn -0.9530 -0.0556 0.2977
vn 0.4412 0.4773 0.7600
vn -0.0824 0.5753 0.8138
vn 0.8849 0.3209 0.3376
vn 0.9855 0.0819 0.1487
vn -0.8349 0.2583 0.4861
vn -0.5024 -0.8189 -0.2775
vn -0.9392 -0.3280 -0.1015
vn -0.4639 0.1901 -0.8652
vn -0.4331 0.8940 0.1151
vn 0.4750 0.8799 -0.0106
vn -0.0938 0.9907 -0.0983
vn -0.9249 -0.1878 -0.3307
vn 0.4441 0.8676 0.2236
vn -0.2852 0.6184 -0.7322
vn -0.7569 -0.0527 0.6514
vn -0.9093 0.3884 -0.1496
vn -0.3682 0.2407 -0.8980
vn -0.2752 0.0427 0.9604
vn 0.0763 -0.1247 0.9893
vn 0.1292 0.4810 0.8672
vn -0.3738 0.5972 0.7097
vn -0.8973 0.4411 -0.0191
vn 0.9183 -0.3728 0.1331
vn 0.4609 -0.8789 -0.1231
vn 0.8881 -0.1788 0.4234
vn 0.8291 -0.0030 0.5590
vn 0.8981 -0.4397 -0.0096
vn -0.0651 -0.1943 -0.9788
vn 0.6593 0.6014 0.4512
vn 0.6581 -0.7435 0.1183
vn 0.9194 -0.1090 0.3780
vn 0.8145 -0.4474 0.3694
vn 0.9925 0.0621 0.1055
vn -0.6255 -0.5373 -0.5657
vn 0.7638 -0.4873 -0.4233
vn -0.5093 0.0386 -0.8597
vn -0.7029 0.6714 0.2347
vn -0.3072 -0.6066 0.7333
vn -0.2920 0.9546 -0.0592
vn -0.4876 0.1759 0.8551
vn -0.2666 0.2664 0.9263
vn 0.6127 -0.0210 0.7901
vn -0.3635 0.8975 0.2498
vn 0.1246 0.6800 0.7225
vn 0.7256 -0.5270 -0.4425
vn -0.7472 -0.2162 -0.6285
vn -0.4162 -0.1921 -0.8888
vn 0.5995 -0.7916 0.1184
vn -0.4503 0.5225 0.7240
vn -0.2848 -0.4148 -0.8642
vn 0.5024 -0.6338 -0.5882
vn 0.2045 -0.5810 -0.7878
vn 0.5952 0.7207 0.3555
vn -0.7352 0.5475 0.3997
vn 0.0656 -0.9976 0.0227
vn 0.8194 -0.5048 0.2715
vn -0.7005 0.2707 0.6603
vn -0.6368 0.5737 -0.5152
vn -0.8973 0.3369 0.2853
vn -0.6982 0.6426 0.3158
vn -0.4175 -0.0137 0.9086
vn -0.1976 0.4539 0.8688
vn -0.8060 0.2184 0.5501
vn -0.5519 -0.6056 -0.5734
vn -0.9877 0.1438 0.0609
vn -0.3218 0.9463 -0.0299
vn 0.7021 0.3200 0.6361
vn 0.5773 0.7302 0.3654
vn -0.9985 -0.0456 0.0295
vn -0.0432 -0.1954 -0.9798
vn 0.2239 0.5867 0.7782
vn -0.0952 -0.0739 -0.9927
vn 0.9301 -0.3268 0.1675
vn -0.6433 -0.7637 0.0544
vn 0.7868 -0.0916 0.6104
vn -0.5243 0.8130 -0.2533
vn -0.2820 -0.9567 -0.0728
vn 0.0570 0.9675 -0.2462
vn 0.3981 0.8378 -0.3735
vn -0.2264 0.8310 0.5081
vn -0.3143 -0.4670 -0.8265
vn 0.2951 -0.7459 0.5971
vn -0.2906 0.9266 -0.2385
vn -0.1105 -0.0437 -0.9929
vn 0.1752 0.9811 0.0815
vn 0.0791 0.9910 0.1079
vn 0.0626 -0.2591 -0.9638
vn -0.4879 0.4508 -0.7475
vn -0.2707 0.8574 -0.4377
vn 0.1075 0.9570 0.2693
vn -0.3269 0.7379 -0.5904
vn -0.1099 -0.8753 0.4710
vn -0.6600 -0.7494 0.0528
vn -0.6993 -0.5985 0.3907
vn -0.3815 -0.4977 0.7790
vn 0.1155 -0.9205 -0.3732
vn 0.0907 -0.8994 -0.4275
vn -0.4216 0.7773 -0.4670
vn -0.7349 -0.1921 -0.6504
vn 0.7281 -0.6748 -0.1208
vn -0.7747 -0.5334 -0.3395
vn 0.8261 -0.2669 -0.4964
vn 0.9211 0.1372 0.3645
vn 0.9132 -0.1669 0.3717
vn -0.9142 -0.2682 -0.3038
vn 0.9113 0.2577 -0.3211
vn 0.5157 0.1881 -0.8359
vn 0.0836 -0.9456 0.3144
vn -0.3426 -0.8494 0.4015
vn 0.8863 0.1111 0.4495
vn -0.9809 -0.0189 -0.1937
vn 0.1178 0.9288 0.3514
vn -0.0507 0.7248 -0.6871
vn -0.0236 0.9983 0.0536
vn 0.1915 0.8628 0.4678
vn 0.1142 -0.5553 -0.8237
vn -0.9449 0.1808 -0.2729
vn 0.4707 0.4002 0.7863
vn 0.8352 -0.0545 0.5473
vn -0.8875 -0.0956 0.4508
vn -0.4201 -0.6866 -0.5933
vn 0.7539 0.5583 0.3464
vn -0.8087 0.0185 -0.5879
vn -0.3098 -0.9362 0.1662
vn 0.2851 -0.9446 -0.1626
vn -0.3437 -0.6297 -0.6967
vn -0.2133 0.8699 -0.4448
vn 0.1778 -0.9821 -0.0615
vn -0.9457 0.3231 -0.0366
vn 0.0954 0.6630 -0.7426
vn 0.3457 0.6529 -0.6739
vn -0.2648 0.2403 0.9339
vn -0.9359 -0.2125 0.2810
vn -0.6928 -0.6572 -0.2968
vn -0.1179 -0.2962 -0.9478
vn -0.1421 0.5283 0.8371
vn 0.1809 0.5914 0.7858
vn -0.7042 0.6999 0.1192
vn 0.9592 -0.0752 0.2724
vn 0.8167 0.0775 0.5718
vn 0.5057 0.8588 0.0820
vn 0.2556 -0.2498 0.9340
vn 0.1974 -0.0202 0.9801
vn 0.8211 -0.4608 0.3369
vn 0.7781 -0.5947 0.2024
vn 0.6350 -0.3022 -0.7109
vn -0.5257 -0.3396 0.7799
vn 0.1359 0.8895 0.4362
vn 0.8586 -0.0442 0.5107
vn 0.9491 0.0312 0.3135
vn 0.9751 -0.1095 0.1929
vn -0.5659 -0.3744 -0.7346
vn 0.7413 0.2748 0.6123
vn 0.1020 -0.9861 -0.1312
vn 0.2505 -0.9610 -0.1175
vn -0.7455 0.2232 -0.6280
vn -0.9832 -0.1422 -0.1147
vn 0.9547 -0.2934 -0.0489
vn 0.6190 -0.7479 -0.2399
vn -0.1831 -0.8892 0.4192
vn 0.0220 -0.9036 -0.4279
vn 0.8765 0.4105 0.2515
vn 0.0477 -0.1786 -0.9828
vn 0.0717 0.9804 0.1834
vn 0.9535 -0.2215 -0.2043
vn 0.4191 0.1354 0.8978
vn 0.0533 0.8671 0.4952
vn -0.2790 -0.2815 -0.9181
vn -0.1007 -0.1143 -0.9883
vn -0.2941 0.0858 -0.9519
vn -0.4619 0.1079 0.8804
vn 0.1474 0.8505 0.5049
vn -0.6620 -0.0863 -0.7445
vn -0.1611 0.9868 -0.0176
vn 0.0326 0.9261 -0.3758
vn 0.7869 -0.0421 0.6157
vn 0.2407 0.1086 0.9645
vn 0.0992 0.1087 0.9891
vn -0.9307 -0.2057 0.3025
vn -0.9994 0.0071 0.0324
vn 0.4224 0.5396 0.7283
vn 0.6681 0.3895 0.6340
vn -0.8041 0.2512 -0.5388
vn -0.4269 0.2685 0.8635
vn -0.2930 0.5593 0.7754
vn -0.6292 0.7133 0.3089
vn -0.5704 0.0473 -0.8200
vn -0.5139 0.0506 -0.8564
vn -0.1830 0.4928 -0.8507
vn 0.9401 -0.2555 0.2255
vn 0.7917 0.0849 0.6050
vn -0.3305 -0.4492 0.8300
vn -0.4902 -0.3743 0.7872
vn -0.9162 -0.3755 0.1397
vn 0.5032 -0.2149 -0.8370
vn 0.5615 -0.4695 -0.6814
vn 0.9114 0.4068 -0.0630
vn 0.2582 0.8504 0.4585
vn 0.1535 -0.9347 -0.3207
vn 0.5318 -0.7502 0.3929
vn 0.5563 0.0479 0.8296
vn 0.9161 -0.0683 0.3951
vn -0.1062 0.4569 -0.8832
vn -0.1041 0.8573 -0.5043
vn 0.2430 0.5195 -0.8192
vn -0.9170 -0.1609 -0.3649
vn 0.2125 0.9767 0.0299
vn 0.2616 0.8524 -0.4528
vn 0.0506 -0.9205 0.3875
vn 0.2155 -0.9360 0.2783
vn -0.4281 0.1393 -0.8929
vn -0.8812 0.3277 0.3407
vn -0.6805 0.1549 -0.7162
vn -0.6313 -0.7152 -0.2998
vn -0.9216 -0.1823 0.3428
vn -0.9523 -0.2301 -0.2005
vn -0.4015 -0.1122 -0.9090
vn -0.9041 -0.2471 -0.3486
vn 0.1938 0.7377 0.6468
vn 0.1240 0.8691 0.4788
vn -0.4143 -0.8851 -0.2117
vn 0.2044 0.6182 -0.7590
vn -0.2555 0.8285 0.4984
vn 0.5870 -0.7980 0.1365
vn 0.1108 0.9391 0.3253
vn 0.3342 0.7282 -0.5984
vn 0.7281 -0.2365 -0.6434
vn 0.2214 0.7941 -0.5660
vn -0.3851 -0.5772 0.7201
vn 0.5775 0.6136 0.5385
vn -0.0335 0.9564 -0.2900
vn -0.0973 -0.6708 -0.7352
vn -0.4193 -0.8862 -0.1973
vn 0.2068 -0.4433 -0.8722
vn -0.2586 0.4493 -0.8551
vn 0.1473 0.4749 -0.8677
vn -0.2788 -0.3511 -0.8939
vn 0.4333 -0.7642 -0.4777
vn 0.6931 -0.5858 -0.4201
vn 0.4625 -0.2218 -0.8584
vn -0.1270 0.1868 0.9741
vn -0.2617 0.0727 0.9624
vn 0.4067 0.6562 0.6356
vn 0.7527 0.4175 0.5091
vn 0.6585 -0.4512 0.6023
vn -0.6471 0.2742 0.7114
vn 0.5662 -0.5882 0.5774
vn 0.3162 0.0115 -0.9486
vn 0.2433 0.0026 -0.9699
vn -0.9768 -0.0701 -0.2023
vn -0.3762 -0.2232 0.8993
vn -0.0745 0.9890 -0.1281
vn 0.0155 0.9854 -0.1693
vn 0.5110 -0.6163 -0.5992
vn 0.7232 -0.3985 -0.5640
vn -0.2841 0.2767 0.9180
vn -0.2037 -0.0221 0.9788
vn 0.9313 0.0744 -0.3567
vn 0.6985 0.4796 -0.5311
vn 0.8396 0.5430 -0.0179
vn 0.2392 -0.9442 -0.2263
vn -0.9684 0.1524 -0.1974
vn -0.8257 -0.1216 -0.5508
vn 0.1043 -0.9937 0.0402
vn 0.6706 -0.6272 -0.3960
vn 0.2230 0.0582 0.9731
vn 0.0431 0.1177 0.9921
vn -0.1736 0.9848 0.0064
vn -0.4448 0.8828 -0.1512
vn -0.1476 0.9890 0.0037
vn 0.2395 -0.3453 0.9074
vn 0.2990 0.5619 0.7713
vn -0.6435 0.1559 0.7494
vn 0.3959 0.4317 0.8105
vn 0.4540 0.4686 0.7578
vn -0.7549 0.4087 -0.5130
vn 0.5938 0.7868 0.1683
vn -0.8423 -0.2883 0.4554
vn -0.8742 0.3754 0.3079
vn 0.2320 -0.9717 -0.0448
vn -0.9289 0.2661 -0.2575
vn -0.0780 0.9838 0.1614
vn -0.3889 -0.3753 0.8414
vn -0.0858 0.6031 0.7931
vn 0.0403 -0.2558 -0.9659
vn 0.3557 -0.3069 -0.8828
vn 0.7117 -0.1452 -0.6873
vn -0.5550 -0.7831 -0.2807
vn 0.6853 0.1155 0.7190
vn -0.9393 -0.0945 -0.3299
vn -0.9683 -0.2347 0.0857
vn 0.9928 0.0398 0.1130
vn -0.6546 -0.5275 0.5414
vn -0.8150 -0.5511 -0.1789
vn -0.7529 0.4003 -0.5225
vn 0.0444 0.5023 0.8635
vn -0.7689 0.1209 -0.6279
vn 0.6607 -0.6322 -0.4048
vn -0.3014 0.3426 -0.8898
vn 0.9873 0.0968 0.1261
vn 0.2110 -0.5792 -0.7874
vn 0.0485 0.6870 0.7250
vn -0.2223 -0.6379 0.7374
vn -0.1702 -0.8797 -0.4440
vn 0.4204 -0.8373 0.3495
vn 0.5460 -0.8272 -0.1329
vn -0.3107 0.6000 0.7372
vn -0.2472 0.3136 0.9168
vn -0.0742 -0.9865 -0.1459
vn -0.8424 0.5389 0.0064
vn -0.4039 0.8560 -0.3226
vn -0.7457 0.6171 -0.2512
vn -0.6426 0.7632 -0.0675
vn 0.1098 0.4523 -0.8851
vn -0.9453 0.3257 -0.0203
vn -0.7030 0.1814 -0.6876
vn 0.8689 0.4614 0.1793
vn 0.8004 0.5994 -0.0119
vn -0.8959 0.1238 -0.4266
vn -0.0260 0.7766 0.6294
vn 0.2243 0.4562 0.8612
vn 0.6881 -0.5897 -0.4228
vn -0.7217 -0.4511 0.5251
vn -0.8365 -0.1137 0.5361
vn -0.3634 0.4969 0.7880
vn -0.2970 0.4953 0.8164
vn 0.2620 -0.9235 -0.2802
vn 0.8872 -0.2470 -0.3897
vn 0.5871 -0.2663 -0.7645
vn -0.2810 -0.9567 0.0757
vn -0.8214 0.0759 -0.5653
vn -0.7783 0.5906 0.2132
vn -0.2108 -0.7439 0.6342
vn -0.4854 0.8042 0.3430
vn -0.8000 0.5367 0.2682
vn 0.8137 -0.4247 -0.3969
vn -0.1713 0.8828 0.4373
vn -0.7605 -0.1756 -0.6251
vn -0.2988 0.3046 -0.9044
vn -0.4118 0.4031 -0.8173
vn 0.8568 0.0918 0.5074
vn 0.3292 -0.4800 -0.8132
vn 0.9026 0.4044 0.1478
vn -0.5838 -0.7729 0.2486
vn -0.7371 0.6694 0.0925
vn -0.5378 0.8013 -0.2620
vn -0.5562 -0.4388 -0.7057
vn -0.1423 -0.3191 -0.9370
vn -0.2857 -0.3697 -0.8841
vn 0.3944 -0.2759 -0.8765
vn -0.2689 0.9605 0.0719
vn -0.0824 0.9966 -0.0016
vn 0.5770 -0.7583 0.3034
vn 0.1446 -0.9876 0.0603
vn 0.4465 0.4660 0.7638
vn 0.4887 0.5168 0.7029
vn -0.3164 -0.6735 -0.6680
vn -0.0296 0.2988 -0.9538
vn -0.0436 -0.4506 -0.8917
vn 0.9614 -0.0564 0.2693
vn -0.8650 0.0563 0.4986
vn -0.6169 0.3973 -0.6794
vn -0.5617 0.6991 -0.4423
vn -0.7475 0.4345 -0.5024
vn -0.0290 0.9541 -0.2981
vn -0.4030 -0.5802 0.7078
vn 0.9946 0.0140 -0.1023
vn 0.9875 -0.1579 0.0038
vn 0.8580 0.2116 0.4681
vn 0.9057 0.1649 0.3905
vn 0.8780 0.3489 0.3277
vn 0.7777 0.4107 0.4759
vn 0.8325 0.4010 0.3823
vn 0.5036 0.7463 -0.4352
vn -0.3523 -0.2207 -0.9095
vn -0.6199 -0.0101 -0.7846
vn 0.7097 0.2842 -0.6446
vn 0.5716 0.3131 -0.7585
vn 0.3123 -0.3050 -0.8997
vn 0.7405 -0.5022 -0.4466
vn -0.1824 -0.7397 -0.6477
vn -0.0623 0.7303 0.6802
vn -0.1836 0.9108 0.3699
vn -0.4626 0.8791 0.1151
vn 0.6369 -0.7581 0.1401
vn 0.9172 0.0328 0.3971
vn 0.3206 -0.9176 -0.2351
vn -0.9639 0.0725 -0.2562
vn 0.1594 -0.5569 -0.8152
vn 0.1778 -0.5713 -0.8012
vn -0.7670 0.5917 -0.2483
vn -0.4466 0.7886 0.4226
vn -0.6403 0.6749 0.3667
vn -0.5817 0.1406 0.8012
vn -0.4731 0.7558 -0.4527
vn 0.2833 0.5982 0.7496
vn -0.1116 0.9930 -0.0382
vn 0.4673 0.8803 0.0815
vn -0.7542 -0.6387 -0.1525
vn 0.0015 0.9985 -0.0548
vn 0.2585 0.8595 0.4410
vn -0.3082 0.1054 -0.9455
vn -0.9300 -0.0533 0.3637
vn -0.5087 0.2524 0.8231
vn -0.5966 0.0962 0.7968
vn 0.6420 -0.7659 0.0342
vn -0.1644 -0.2072 -0.9644
vn -0.3599 -0.2281 -0.9047
vn -0.2589 0.7796 -0.5703
vn -0.2136 0.8711 -0.4423
vn -0.3649 0.3074 -0.8788
vn -0.6954 0.2765 -0.6633
vn 0.6695 0.2058 0.7137
vn -0.4801 -0.5296 -0.6993
vn -0.6274 -0.5553 -0.5460
vn -0.0240 -0.1959 0.9803
vn -0.1204 0.3311 0.9359
vn -0.4872 0.0366 -0.8725
vn 0.4426 -0.8538 0.2743
vn 0.2596 -0.7942 0.5494
vn 0.2404 -0.9689 -0.0588
vn 0.8270 0.2743 0.4907
vn 0.3966 0.8910 0.2210
vn 0.1619 0.3692 0.9152
vn -0.1045 0.9764 0.1888
vn 0.9453 -0.1190 -0.3036
vn 0.9985 0.0377 0.0396
vn -0.4744 0.6582 0.5846
vn -0.2059 -0.2928 -0.9337
vn -0.4918 0.6496 0.5798
vn -0.7537 0.6412 -0.1443
vn -0.9918 0.0336 -0.1234
vn -0.4183 -0.3872 -0.8217
vn -0.5579 -0.4417 -0.7026
vn -0.4095 -0.1926 -0.8917
vn 0.4346 0.8750 0.2132
vn 0.1165 0.2120 0.9703
vn 0.8354 0.3233 0.4445
vn -0.5299 -0.8386 0.1263
vn 0.8723 -0.2187 0.4374
vn 0.0162 0.3038 -0.9526
vn -0.2143 -0.0824 0.9733
vn 0.8973 -0.1620 -0.4105
vn -0.6000 -0.2797 0.7495
vn -0.2068 -0.3835 0.9001
vn 0.9999 0.0030 0.0107
vn 0.3634 0.6328 0.6838
vn -0.5142 0.8253 -0.2336
vn -0.2129 -0.3303 -0.9196
vn -0.8497 0.5257 -0.0408
vn 0.1278 0.2350 -0.9636
vn -0.1276 -0.8838 -0.4501
vn -0.0002 -0.9992 -0.0407
vn 0.2081 -0.0262 -0.9778
vn -0.0088 -0.5632 -0.8263
vn 0.7519 -0.4391 -0.4918
vn 0.3325 0.8920 0.3063
vn -0.4855 -0.8163 -0.3130
vn -0.4573 0.7805 0.4263
vn 0.3090 -0.9282 0.2074
vn 0.8273 -0.0677 -0.5577
vn 0.7998 0.3080 0.5152
vn -0.1274 0.8734 0.4700
vn -0.6581 -0.0190 -0.7527
vn -0.6590 -0.2198 -0.7193
vn 0.3626 0.9168 -0.1676
vn 0.7823 0.1158 0.6120
vn -0.2496 0.4597 -0.8523
vn 0.5758 0.4924 0.6527
vn 0.9669 -0.2523 0.0385
vn 0.8498 -0.1362 0.5092
vn -0.3618 0.1159 -0.9250
vn -0.2028 0.1475 -0.9680
vn -0.5587 0.8258 -0.0776
vn -0.6891 0.5128 0.5121
vn -0.4620 0.8855 0.0500
vn -0.7940 0.1523 -0.5885
vn -0.8561 0.1322 -0.4997
vn -0.1638 0.9366 0.3097
vn 0.1803 0.7809 0.5980
vn -0.5950 -0.7789 0.1982
vn -0.0865 0.5757 0.8131
vn 0.7776 -0.5951 -0.2030
vn -0.9773 -0.2026 -0.0628
vn -0.3093 -0.9509 -0.0105
vn 0.0419 -0.2021 -0.9785
vn 0.6887 -0.1383 -0.7118
vn 0.7710 -0.5158 0.3735
vn -0.4694 -0.3725 -0.8005
vn -0.5829 -0.7938 0.1735
vn 0.0038 -0.9006 -0.4346
vn -0.3173 -0.8502 0.4200
vn 0.6732 0.0418 0.7383
vn 0.3190 0.9150 -0.2469
vn -0.1098 -0.0848 -0.9903
vn -0.0922 0.9132 0.3969
vn 0.9365 -0.3298 -0.1191
vn 0.6101 -0.7831 0.1206
vn -0.1532 0.5259 -0.8366
vn -0.4148 0.7551 -0.5077
vn -0.2125 -0.1025 0.9718
vn 0.6513 -0.4134 -0.6363
vn 0.3391 -0.0024 0.9408
vn -0.7898 0.3529 -0.5018
vn 0.3382 0.9408 0.0235
vn -0.0548 -0.6252 -0.7785
vn 0.3775 -0.1461 -0.9144
vn 0.7370 -0.5424 -0.4032
vn 0.3918 0.6742 0.6261
vn 0.7559 0.6293 -0.1804
vn 0.6758 -0.4512 0.5828
vn 0.0462 0.9859 -0.1606
vn -0.7370 -0.0676 -0.6725
vn 0.1684 0.9834 0.0680
vn -0.1908 0.4016 0.8957
vn 0.3977 -0.1053 -0.9114
vn -0.8907 0.4539 -0.0257
vn 0.5227 -0.8514 0.0426
vn 0.9120 0.4100 0.0162
vn -0.3330 -0.7260 -0.6017
vn -0.7622 0.4733 -0.4416
vn -0.1175 0.2494 0.9612
vn 0.2431 -0.6140 -0.7509
vn -0.9753 0.1963 -0.1013
vn 0.9558 0.0394 0.2912
vn 0.9728 0.0322 0.2294
vn 0.1634 -0.8464 -0.5069
vn -0.1461 0.6217 0.7695
vn 0.0855 0.9637 0.2530
vn -0.1116 0.9859 -0.1249
vn 0.2749 0.7876 0.5514
vn -0.9869 -0.1229 -0.1047
vn -0.6026 -0.5276 -0.5987
vn -0.6627 -0.5538 -0.5041
vn -0.7889 0.1918 -0.5838
vn -0.3361 -0.4164 -0.8448
vn -0.0525 -0.2366 -0.9702
vn -0.9244 -0.3726 0.0822
vn 0.9656 -0.2593 -0.0220
vn 0.5894 -0.6294 -0.5065
vn -0.5322 -0.7386 -0.4137
vn -0.0859 0.9958 0.0313
vn -0.2134 -0.6965 -0.6851
vn 0.2571 -0.7881 -0.5593
vn -0.4590 0.2294 0.8583
vn -0.6552 0.7497 0.0929
vn 0.1631 0.9283 0.3340
vn -0.6305 0.7568 0.1725
vn -0.2378 0.5810 0.7784
vn -0.0035 -0.0668 -0.9978
vn -0.0989 -0.7824 0.6149
vn 0.4041 -0.2186 -0.8882
vn -0.7393 -0.5197 -0.4282
vn -0.6155 -0.5297 -0.5836
vn 0.5408 -0.3777 -0.7516
vn 0.1593 -0.0417 -0.9863
vn -0.3089 -0.1471 -0.9396
vn 0.4698 0.8394 -0.2733
vn 0.3654 -0.3686 -0.8548
vn -0.9090 0.4149 0.0395
vn 0.2287 -0.0307 -0.9730
vn 0.9408 -0.0658 0.3324
vn -0.8154 -0.5190 0.2563
vn -0.9275 -0.0758 -0.3661
vn -0.5497 0.7157 0.4308
vn 0.5547 -0.7684 0.3192
vn -0.2433 -0.3616 -0.9000
vn 0.4374 0.8180 -0.3735
vn -0.0655 -0.6810 0.7293
vn 0.3707 0.3370 0.8655
vn -0.7970 0.1372 0.5882
vn -0.9333 -0.1104 0.3418
vn -0.8487 0.4802 0.2217
vn -0.8930 0.0756 0.4437
vn -0.5208 0.0183 0.8535
vn -0.6793 0.5390 -0.4980
vn -0.3251 -0.7484 -0.5780
vn 0.5251 -0.5318 -0.6644
vn -0.3578 0.4990 -0.7893
vn -0.3666 -0.3564 -0.8594
vn -0.3553 0.1343 -0.9250
vn -0.5533 0.8325 0.0289
vn 0.6691 -0.3779 0.6399
vn -0.9822 -0.1375 0.1281
vn -0.3937 -0.2501 -0.8846
vn 0.7080 0.7062 0.0068
vn 0.7137 -0.6541 0.2507
vn -0.9329 -0.2397 -0.2689
vn -0.4561 0.3882 0.8008
vn -0.3995 0.2402 -0.8847
vn -0.0069 -0.4686 -0.8834
vn -0.6034 0.7568 -0.2512
vn 0.5662 0.4239 -0.7069
vn -0.4037 -0.3044 0.8628
vn -0.8177 0.1573 -0.5538
vn -0.1782 -0.9837 0.0219
vn -0.2175 -0.9073 0.3598
vn -0.3737 -0.0956 -0.9226
vn 0.6060 0.7420 0.2868
vn -0.7527 0.2964 0.5878
vn -0.1660 -0.9830 0.0787
vn -0.4142 0.9040 0.1059
vn -0.6207 0.7408 0.2567
vn -0.9406 0.3394 0.0057
vn 0.0157 0.5120 0.8588
vn -0.7974 0.0235 0.6029
vn 0.7197 0.1287 0.6822
vn 0.2378 0.1021 -0.9659
vn 0.9706 -0.1401 0.1957
vn -0.7924 0.3089 -0.5261
vn 0.5719 -0.3343 -0.7491
vn -0.3262 -0.9357 0.1343
vn -0.5470 -0.8236 0.1502
vn 0.4761 0.8261 0.3015
vn -0.6027 -0.2141 -0.7687
vn 0.4654 -0.8053 0.3672
vn 0.1776 0.7646 -0.6195
vn 0.4982 -0.1805 0.8481
vn 0.8590 -0.4657 0.2124
vn -0.1731 -0.4226 -0.8896
vn 0.0472 -0.5973 -0.8007
vn -0.8324 -0.5357 -0.1422
vn 0.6267 -0.4642 -0.6259
vn -0.7977 -0.4827 0.3616
vn -0.6018 0.5736 0.5558
vn -0.7978 0.1717 0.5780
vn 0.5634 -0.6198 -0.5463
vn -0.4853 -0.3586 -0.7974
vn 0.5760 0.2110 0.7898
vn 0.4857 -0.8426 -0.2327
vn 0.0021 -0.4669 -0.8843
vn 0.3789 0.8734 0.3060
vn -0.1880 0.4612 0.8671
vn -0.0470 0.4849 -0.8733
vn -0.4464 -0.2543 0.8580
vn -0.2878 0.1147 0.9508
vn 0.2735 -0.7364 0.6188
vn 0.5402 -0.2733 0.7959
vn -0.7462 -0.3160 -0.5859
vn 0.8211 0.0655 0.5671
vn -0.9878 0.1309 -0.0846
vn 0.2688 -0.9630 0.0172
vn 0.6132 -0.7685 0.1827
vn 0.2031 0.6550 0.7278
vn 0.7898 -0.5934 -0.1550
vn 0.7817 -0.4298 -0.4519
vn 0.6454 -0.6876 -0.3326
vn -0.7886 0.3614 0.4975
vn -0.6153 0.6166 -0.4912
vn 0.5058 -0.8486 0.1552
vn -0.0705 0.1477 0.9865
vn -0.0719 -0.9103 0.4076
vn -0.6033 0.7901 -0.1084
vn 0.1625 0.2491 -0.9547
vn -0.4296 -0.5497 -0.7164
vn -0.8746 0.0771 -0.4787
vn 0.5381 -0.6143 -0.5772
vn -0.1393 -0.9147 -0.3794
vn -0.6706 0.3445 -0.6570
vn 0.9704 -0.1985 -0.1378
vn 0.8212 -0.5555 0.1309
vn -0.5147 -0.5483 -0.6592
vn 0.5342 -0.3790 -0.7556
vn 0.7223 0.5131 0.4637
vn 0.3123 -0.8999 0.3044
vn 0.9978 -0.0229 -0.0620
vn 0.8038 0.5933 0.0432
vn 0.7004 -0.3813 -0.6033
vn 0.5736 0.5967 -0.5612
vn 0.3946 -0.3819 -0.8357
vn -0.6794 -0.2309 -0.6965
vn -0.7347 -0.1334 -0.6651
vn -0.9474 -0.2943 0.1261
vn 0.4629 0.8728 0.1548
vn -0.1682 0.8915 0.4206
vn -0.1392 0.7822 -0.6072
vn 0.8484 0.2711 0.4546
vn -0.9173 -0.2060 0.3408
vn -0.2617 0.7685 -0.5839
vn 0.8646 0.0064 -0.5023
vn -0.6229 0.5183 -0.5860
vn 0.7373 0.2902 0.6100
vn 0.9249 -0.3197 -0.2059
vn -0.3231 -0.3503 -0.8791
vn -0.3547 -0.3536 -0.8656
vn 0.6224 -0.6209 -0.4766
vn 0.7652 -0.5953 -0.2451
vn 0.8412 -0.4999 -0.2060
vn 0.8404 0.4504 -0.3015
vn -0.6710 -0.7369 -0.0819
vn -0.6873 -0.6503 -0.3235
vn -0.6810 -0.4152 -0.6032
vn 0.0518 -0.2148 0.9753
vn -0.0666 -0.2397 -0.9686
vn -0.0988 0.5529 0.8274
vn -0.6743 0.0719 0.7349
vn -0.2354 -0.9635 -0.1276
vn 0.8209 0.5601 -0.1113
vn 0.0987 0.5514 0.8284
vn -0.0108 -0.2093 0.9778
vn 0.6301 -0.6860 -0.3638
vn -0.5239 0.3348 -0.7832
vn 0.6810 -0.6806 -0.2703
vn 0.0505 0.3555 0.9333
vn -0.5874 0.7872 0.1879
vn 0.2199 -0.6326 -0.7426
vn 0.8550 -0.4718 -0.2152
vn -0.3571 0.9315 -0.0686
vn -0.5818 0.7812 -0.2263
vn 0.7574 -0.3459 0.5537
vn -0.4201 -0.7985 0.4312
vn -0.7103 -0.0604 -0.7013
vn 0.3754 0.1891 0.9074
vn -0.6517 0.5563 0.5155
vn -0.8400 -0.0930 -0.5346
vn 0.4436 0.8044 -0.3952
vn -0.8333 0.4106 0.3701
vn -0.7052 0.5179 -0.4843
vn -0.1502 -0.1653 -0.9747
vn -0.1256 0.8506 -0.5105
vn -0.2606 -0.3398 -0.9037
vn -0.6200 -0.1105 0.7767
vn -0.9787 0.1675 0.1189
vn -0.0304 -0.3307 -0.9432
vn 0.7430 -0.1789 -0.6450
vn -0.6321 -0.7574 -0.1637
vn 0.0610 -0.2406 0.9687
vn -0.1066 -0.7103 -0.6958
vn -0.5977 -0.4659 -0.6525
vn 0.3777 -0.8477 -0.3726
vn -0.2053 0.6565 -0.7259
vn -0.9223 0.1645 -0.3498
vn 0.8411 -0.3228 0.4340
vn 0.8130 0.1361 0.5661
vn 0.3191 0.5075 0.8004
vn -0.2552 0.5940 0.7629
vn -0.6721 -0.5192 -0.5280
vn 0.2824 -0.8831 0.3746
vn -0.6821 -0.6915 -0.2377
vn -0.7863 -0.6156 0.0523
vn 0.8771 0.3534 -0.3252
vn -0.3909 0.4839 0.7829
vn -0.9136 -0.3008 0.2734
vn 0.2212 -0.9709 -0.0920
vn 0.7045 -0.6099 0.3630
vn -0.7178 0.2545 0.6481
vn 0.2238 0.4800 -0.8483
vn 0.2655 -0.6859 -0.6776
vn 0.2569 -0.9592 -0.1176
vn -0.1245 0.3276 0.9366
vn 0.9863 0.0703 -0.1494
vn 0.2253 0.4264 0.8760
vn -0.8272 0.3936 -0.4010
vn 0.5851 0.7628 0.2755
vn -0.1832 -0.7472 -0.6388
vn -0.3071 -0.1527 -0.9393
vn 0.0405 -0.3210 -0.9462
vn -0.0431 0.9844 0.1705
vn -0.4577 -0.3773 -0.8051
vn 0.1616 -0.3835 -0.9093
vn -0.0411 0.1234 -0.9915
vn -0.8388 0.0166 -0.5442
vn 0.7211 -0.0179 -0.6926
vn -0.8251 0.5441 0.1522
vn 0.1775 -0.9734 -0.1452
vn -0.3021 -0.9523 0.0423
vn 0.7064 -0.6809 0.1935
vn -0.1337 0.9734 -0.1859
vn -0.4433 -0.5476 -0.7097
vn -0.8840 0.4422 -0.1515
vn -0.5855 0.2621 -0.7671
vn -0.1259 0.9013 0.4146
vn -0.5709 0.7480 0.3385
vn 0.4990 -0.6717 0.5475
vn -0.2823 0.0078 -0.9593
vn -0.2925 0.3003 -0.9079
vn -0.2998 -0.5240 0.7972
vn -0.2416 0.5522 0.7979
vn -0.3193 -0.3636 0.8751
vn 0.1281 0.7987 -0.5880
vn -0.5303 -0.8455 -0.0634
vn -0.6347 0.7349 -0.2387
vn -0.5797 0.7514 -0.3151
vn -0.3422 0.9249 -0.1660
vn -0.1336 0.0410 0.9902
vn -0.4640 0.8686 -0.1737
vn 0.6990 -0.2478 -0.6709
vn 0.1282 -0.0478 -0.9906
vn -0.2848 0.3883 0.8764
vn -0.6373 -0.7285 -0.2514
vn -0.5284 -0.8030 -0.2756
vn -0.3650 0.2841 0.8866
vn 0.4115 0.3579 0.8382
vn -0.1448 -0.3164 0.9375
vn -0.7283 0.5743 -0.3739
vn -0.0972 -0.7906 -0.6046
vn 0.3404 -0.8505 0.4009
vn 0.3343 0.9249 0.1811
vn 0.0652 0.9863 -0.1515
vn -0.0289 0.9684 -0.2479
vn -0.8971 -0.4267 -0.1148
vn -0.3610 0.9245 -0.1221
vn -0.6528 0.7482 -0.1189
vn -0.1278 -0.4269 0.8952
vn 0.6646 -0.6837 0.3015
vn -0.7969 -0.5970 -0.0927
vn -0.2285 0.0351 -0.9729
vn 0.6059 0.7268 -0.3235
vn -0.3761 0.7341 0.5653
vn -0.4489 0.3951 0.8015
vn 0.0374 -0.0797 -0.9961
vn 0.0717 0.5816 0.8103
vn -0.4784 0.1803 -0.8594
vn 0.1807 0.6677 0.7222
vn -0.5057 -0.6584 0.5574
vn 0.3878 -0.9209 -0.0402
vn 0.4000 -0.8597 0.3175
vn -0.3438 0.6806 0.6469
vn -0.4869 -0.4740 -0.7337
vn -0.0804 -0.1876 0.9789
vn 0.7925 0.2986 0.5318
vn -0.9945 0.1031 -0.0195
vn 0.0980 -0.2723 -0.9572
vn 0.9372 -0.0384 0.3465
vn -0.6822 0.6762 0.2781
vn 0.7381 0.6127 0.2824
vn 0.8585 -0.1880 0.4770
vn -0.8201 -0.5028 0.2732
vn -0.8119 0.3966 0.4284
vn -0.7305 -0.2546 -0.6336
vn -0.9128 -0.2944 -0.2831
vn 0.9807 -0.1311 0.1447
vn -0.5248 0.8493 -0.0572
vn 0.6553 0.6890 -0.3096
vn -0.4040 -0.4154 -0.8150
vn -0.1194 0.5211 0.8451
vn -0.0970 0.9162 0.3888
vn -0.5767 0.4298 0.6948
vn 0.0289 -0.9462 0.3222
vn -0.5278 0.1560 0.8349
vn 0.1153 0.3896 0.9137
vn -0.1631 0.2027 -0.9656
vn 0.4801 0.3923 -0.7846
vn 0.0432 0.0698 -0.9966
vn 0.7989 -0.4312 -0.4193
vn 0.9326 0.2360 0.2732
vn 0.9564 -0.0091 -0.2920
vn -0.7764 0.6014 -0.1883
vn 0.6306 -0.7758 0.0209
vn 0.3017 -0.8760 0.3762
vn 0.3382 -0.6902 -0.6397
vn -0.4808 0.2132 0.8505
vn -0.3598 0.3642 0.8590
vn -0.7991 -0.0348 -0.6002
s 1
usemtl wire_087224198
f 2933//1 1032//2 4665//3
f 3610//4 2218//5 5//6
f 3231//7 4793//8 8//9
f 4546//10 3912//11 10//12
f 22//13 4804//14 2886//15
f 992//16 1318//17 11//18
f 951//19 23//20 24//21
f 67//22 29//23 30//24
f 397//25 1232//26 31//27
f 32//28 4196//29 33//30
f 34//31 1971//32 4514//33
f 1123//34 35//35 525//36
f 36//37 3481//38 37//39
f 513//40 38//41 809//42
f 39//43 40//44 879//45
f 42//46 430//47 2214//48
f 3829//49 26//50 44//51
f 48//52 49//53 2004//54
f 59//55 60//56 61//57
f 433//58 1173//59 65//60
f 803//61 70//62 71//63
f 84//64 85//65 1186//66
f 935//67 4747//68 2253//69
f 115//70 4369//71 88//72
f 91//73 264//74 2359//75
f 2311//76 93//77 94//78
f 1591//79 95//80 1733//81
f 102//82 103//83 2354//84
f 2213//85 110//86 111//87
f 783//88 125//89 1290//90
f 2881//91 241//92 3571//93
f 2769//94 3241//95 763//96
f 136//97 137//98 1097//99
f 139//100 3776//101 140//102
f 145//103 1845//104 1875//105
f 1163//106 163//107 164//108
f 83//109 2052//110 4301//111
f 3047//112 4574//113 550//114
f 168//115 169//116 170//117
f 2897//118 1003//119 180//120
f 183//121 1658//122 619//123
f 318//124 3547//125 2739//126
f 184//127 185//128 2931//129
f 186//130 187//131 188//132
f 191//133 1780//134 3458//135
f 194//136 1702//137 2197//138
f 1599//139 198//140 199//141
f 1042//142 428//143 3354//144
f 1661//145 201//146 2426//147
f 1039//148 2918//149 1989//150
f 3389//151 4233//152 207//153
f 212//154 213//155 214//156
f 1879//157 4817//158 1880//159
f 217//160 218//161 219//162
f 220//163 244//164 3540//165
f 286//166 1234//167 225//168
f 1485//169 3221//170 227//171
f 237//172 2670//173 435//174
f 4660//175 244//164 1993//176
f 245//177 2545//178 246//179
f 1171//180 2953//181 1172//182
f 1375//183 872//184 253//185
f 3678//186 873//187 874//188
f 3536//189 4668//190 256//191
f 935//67 258//192 4747//68
f 261//193 262//194 552//195
f 264//74 91//73 2014//196
f 2019//197 3195//198 267//199
f 4416//200 269//201 1845//104
f 771//202 270//203 271//204
f 272//205 1256//206 273//207
f 279//208 280//209 281//210
f 286//166 287//211 3804//212
f 288//213 289//214 290//215
f 291//216 2207//217 292//218
f 297//219 299//220 298//221
f 315//222 4978//223 2883//224
f 2104//225 4051//226 119//227
f 120//228 1350//229 1534//230
f 323//231 2322//232 324//233
f 24//21 1604//234 951//19
f 326//235 2392//236 657//237
f 1835//238 4635//239 327//240
f 3804//212 287//211 328//241
f 673//242 672//243 1786//244
f 332//245 1343//246 4177//247
f 333//248 1701//249 334//250
f 337//251 343//252 143//253
f 4471//254 143//253 340//255
f 343//252 3978//256 2798//257
f 354//258 3353//259 1919//260
f 358//261 1464//262 359//263
f 4319//264 1827//265 4318//266
f 2535//267 4443//268 2235//269
f 362//270 1285//271 363//272
f 832//273 4315//274 367//275
f 2260//276 1747//277 4151//278
f 1599//139 3543//279 198//140
f 843//280 2314//281 4794//282
f 4155//283 2573//284 92//285
f 383//286 384//287 385//288
f 387//289 390//290 389//291
f 398//292 399//293 672//243
f 841//294 410//295 3412//296
f 1454//297 1433//298 743//299
f 1823//300 1824//301 422//302
f 3216//303 610//304 3213//305
f 2785//306 1688//307 1722//308
f 445//309 446//310 706//311
f 452//312 453//313 3131//314
f 457//315 126//316 127//317
f 2376//318 4761//319 2371//320
f 3576//321 3880//322 4590//323
f 2969//324 3632//325 1652//326
f 468//327 707//328 466//329
f 302//330 472//331 473//332
f 2324//333 302//330 476//334
f 2916//335 420//336 738//337
f 3440//338 479//339 1880//159
f 482//340 483//341 231//342
f 4532//343 484//344 4891//345
f 486//346 487//347 488//348
f 3019//349 490//350 1258//351
f 4544//352 3060//353 2598//354
f 4685//355 497//356 4763//357
f 500//358 628//359 627//360
f 1523//361 501//362 502//363
f 503//364 504//365 505//366
f 506//367 507//368 508//369
f 2129//370 4923//371 512//372
f 3037//373 513//40 514//374
f 2934//375 522//376 523//377
f 526//378 524//379 1366//380
f 1357//381 530//382 531//383
f 532//384 33//30 4196//29
f 1144//385 583//386 2522//387
f 586//388 537//389 4808//390
f 140//102 538//391 2232//392
f 539//393 3595//394 841//294
f 540//395 1221//396 541//397
f 548//398 542//399 2952//400
f 541//397 1221//396 543//401
f 3726//402 545//403 258//192
f 2623//404 3306//405 310//406
f 160//407 4716//408 402//409
f 4724//410 4916//411 564//412
f 2147//413 3539//414 568//415
f 4326//416 4137//417 2508//418
f 571//419 573//420 574//421
f 2694//422 2131//423 581//424
f 583//386 1810//425 2961//426
f 1881//427 587//428 588//429
f 2178//430 3965//431 589//432
f 3652//433 591//434 2046//435
f 207//153 594//436 1398//437
f 600//438 602//439 599//440
f 600//438 601//441 602//439
f 604//442 605//443 3656//444
f 608//445 609//446 1734//447
f 610//304 611//448 2599//449
f 619//123 974//450 1537//451
f 621//452 622//453 623//454
f 472//331 729//455 473//332
f 463//456 4527//457 462//458
f 823//459 630//460 178//461
f 631//462 1207//463 632//464
f 1103//465 636//466 4298//467
f 40//44 669//468 668//469
f 335//470 3776//101 499//471
f 50//472 51//473 1215//474
f 678//475 679//476 680//477
f 682//478 4034//479 278//480
f 1726//481 683//482 4870//483
f 684//484 685//485 686//486
f 1855//487 1305//488 690//489
f 1680//490 691//491 692//492
f 4220//493 2393//494 2673//495
f 701//496 2438//497 702//498
f 703//499 2870//500 3704//501
f 4579//502 705//503 706//311
f 709//504 710//505 3711//506
f 2725//507 2421//508 2722//509
f 359//263 1464//262 712//510
f 729//455 628//359 1424//511
f 586//388 2615//512 2342//513
f 1739//514 749//515 3656//444
f 750//516 753//517 752//518
f 759//519 3958//520 4686//521
f 3534//522 765//523 4863//524
f 772//525 773//526 774//527
f 380//528 775//529 773//526
f 776//530 2314//281 357//531
f 777//532 2016//533 778//534
f 779//535 2881//91 3571//93
f 3818//536 780//537 3676//538
f 2939//539 489//540 265//541
f 788//542 1531//543 1532//544
f 39//43 788//542 669//468
f 1576//545 793//546 3546//547
f 1132//548 2642//549 795//550
f 765//523 801//551 4863//524
f 802//552 803//61 804//553
f 4965//554 136//97 806//555
f 744//556 807//557 2325//558
f 1124//559 4293//560 998//561
f 461//562 1651//563 2883//224
f 514//374 513//40 809//42
f 811//564 812//565 813//566
f 814//567 815//568 816//569
f 3458//135 1780//134 4418//570
f 2426//147 1063//571 842//572
f 183//121 1915//573 3237//574
f 847//575 786//576 2500//577
f 3096//578 503//364 505//366
f 856//579 857//580 858//581
f 865//582 866//583 735//584
f 4810//585 4186//586 3321//587
f 1882//588 879//45 880//589
f 888//590 4029//591 2775//592
f 3746//593 891//594 4020//595
f 384//287 383//286 891//594
f 893//596 326//235 2263//597
f 1332//598 895//599 1298//600
f 899//601 2271//602 1827//265
f 899//601 1340//603 3167//604
f 566//605 906//606 907//607
f 911//608 912//609 913//610
f 916//611 917//612 1827//265
f 3459//613 931//614 1028//615
f 3916//616 3915//617 1432//618
f 3653//619 436//620 4437//621
f 935//67 2253//69 936//622
f 400//623 940//624 941//625
f 3092//626 944//627 4500//628
f 3258//629 2310//630 678//475
f 103//83 1389//631 1999//632
f 947//633 948//634 2071//635
f 2683//636 949//637 950//638
f 4279//639 64//640 952//641
f 298//221 1182//642 2103//643
f 954//644 955//645 1249//646
f 333//248 4641//647 960//648
f 486//346 2096//649 487//347
f 906//606 118//650 907//607
f 970//651 1729//652 2814//653
f 2347//654 978//655 1814//656
f 4201//657 104//658 3692//659
f 192//660 987//661 988//662
f 989//663 482//340 233//664
f 991//665 993//666 994//667
f 1014//668 1015//669 3828//670
f 1016//671 1017//672 3365//673
f 1018//674 4184//675 829//676
f 1019//677 4106//678 1020//679
f 3469//680 1009//681 1022//682
f 3080//683 1023//684 293//685
f 864//686 1032//2 863//687
f 1037//688 4252//689 196//690
f 2932//691 1055//692 1767//693
f 1057//694 288//213 290//215
f 2055//695 216//696 475//697
f 4451//698 3939//699 4303//700
f 2672//701 386//702 3697//703
f 1516//704 1068//705 1927//706
f 1071//707 1072//708 3286//709
f 3704//501 1073//710 294//711
f 1279//712 1280//713 1076//714
f 1140//715 2835//716 1442//717
f 810//718 1836//719 938//720
f 3204//721 844//722 1083//723
f 2556//724 321//725 1088//726
f 3917//727 232//728 474//729
f 3917//727 2240//730 2241//731
f 1095//732 1096//733 4342//734
f 1761//735 1103//465 4626//736
f 2345//737 1053//738 1106//739
f 3057//740 4392//741 3058//742
f 3396//743 1127//744 1125//745
f 1081//746 3453//747 1128//748
f 1131//749 796//750 1130//751
f 2642//549 1132//548 1131//749
f 1138//752 1136//753 1137//754
f 569//755 2721//756 2824//757
f 133//758 556//759 4861//760
f 4751//761 4845//762 2864//763
f 3001//764 1158//765 1159//766
f 442//767 299//220 297//219
f 1162//768 151//769 1163//106
f 1165//770 949//637 1166//771
f 166//772 1359//773 165//774
f 1173//59 6//775 2534//776
f 1174//777 1175//778 2919//779
f 1178//780 1179//781 3970//782
f 1183//783 1185//784 1184//785
f 3481//38 36//37 3570//786
f 795//550 4139//787 2008//788
f 3906//789 182//790 1008//791
f 1200//792 4002//793 1201//794
f 1204//795 702//498 1205//796
f 1392//797 968//798 1204//795
f 3096//578 1208//799 501//362
f 1846//800 3033//801 1212//802
f 1216//803 1217//804 191//133
f 1226//805 4299//806 3952//807
f 2744//808 767//809 1228//810
f 2581//811 1234//167 1969//812
f 2348//813 4640//814 1223//815
f 2832//816 1246//817 1247//818
f 1444//819 1250//820 3193//821
f 1648//822 1258//351 1259//823
f 1264//824 1263//825 4054//826
f 3330//827 4209//828 932//829
f 765//523 1283//830 801//551
f 1290//90 1292//831 1289//832
f 1290//90 1291//833 1292//831
f 458//834 456//835 4552//836
f 3116//837 1299//838 400//623
f 837//839 2623//404 2622//840
f 1620//841 940//624 400//623
f 1318//17 2044//842 11//18
f 4175//843 2457//844 4443//268
f 1329//845 3052//846 4553//847
f 4146//848 1330//849 1331//850
f 1332//598 3888//851 895//599
f 1337//852 899//601 3167//604
f 4076//853 1624//854 3714//855
f 1345//856 4454//857 1297//858
f 3062//859 2403//860 976//861
f 1350//229 1351//862 28//863
f 381//864 315//222 313//865
f 1359//773 1171//180 1172//182
f 2968//866 1367//867 179//868
f 2029//869 1487//870 1368//871
f 1370//872 1066//873 1661//145
f 833//874 4633//875 714//876
f 653//877 785//878 1371//879
f 784//880 1225//881 785//878
f 4108//882 3109//883 1376//884
f 2948//885 1378//886 912//609
f 236//887 4868//888 465//889
f 1385//890 4971//891 897//892
f 2318//893 4086//894 1386//895
f 1388//896 1389//631 102//82
f 361//897 4516//898 1403//899
f 1404//900 2881//91 779//535
f 1405//901 1406//902 1407//903
f 3982//904 3202//905 877//906
f 3877//907 3238//908 1831//909
f 393//910 1412//911 1858//912
f 1418//913 1912//914 3283//915
f 635//916 1239//917 1428//918
f 1433//298 4632//919 743//299
f 181//920 1434//921 745//922
f 1946//923 1435//924 3269//925
f 236//887 2480//926 1437//927
f 417//928 1019//677 447//929
f 840//930 4900//931 3752//932
f 441//933 442//767 175//934
f 1444//819 2180//935 2179//936
f 3684//937 1075//938 3162//939
f 1448//940 4401//941 4218//942
f 481//943 1324//944 2652//945
f 5000//946 2513//947 757//948
f 2643//949 1077//950 805//951
f 1462//952 1463//953 248//954
f 3028//955 1172//182 251//956
f 579//957 580//958 3028//955
f 1071//707 428//143 1475//959
f 1476//960 3734//961 905//962
f 463//456 1477//963 4292//964
f 1481//965 3776//101 139//100
f 2420//966 1484//967 1485//169
f 116//968 547//969 115//70
f 1494//970 1495//971 1919//260
f 781//972 29//23 67//22
f 72//973 194//136 2378//974
f 1505//975 545//403 3726//402
f 2771//976 1512//977 2258//978
f 4589//979 1515//980 3683//981
f 1520//982 1437//927 62//983
f 1717//984 43//985 2292//986
f 2720//987 1719//988 1523//361
f 831//989 2504//990 830//991
f 1527//992 1211//993 1210//994
f 3085//995 4140//996 1521//997
f 1530//998 1531//543 2520//999
f 642//1000 643//1001 1538//1002
f 1539//1003 601//441 600//438
f 213//155 212//154 2057//1004
f 1555//1005 4656//1006 2287//1007
f 9//1008 2335//1009 306//1010
f 4856//1011 1562//1012 1564//1013
f 1560//1014 1561//1015 1562//1012
f 882//1016 1568//1017 3040//1018
f 2310//630 3258//629 1569//1019
f 217//160 1591//79 4872//1020
f 208//1021 544//1022 4159//1023
f 1765//1024 1575//1025 1576//545
f 1325//1026 1578//1027 1067//1028
f 1579//1029 1580//1030 1665//1031
f 1107//1032 2366//1033 1358//1034
f 1672//1035 3025//1036 130//1037
f 1589//1038 994//667 993//666
f 1591//79 1590//1039 3300//1040
f 1594//1041 1835//238 2473//1042
f 1416//1043 716//1044 1773//1045
f 26//50 1603//1046 1602//1047
f 893//596 710//505 326//235
f 1609//1048 1610//1049 1611//1050
f 4270//1051 565//1052 1570//1053
f 1616//1054 1617//1055 3239//1056
f 1621//1057 1622//1058 1623//1059
f 1625//1060 1626//1061 4658//1062
f 4708//1063 1627//1064 1628//1065
f 1630//1066 3326//1067 136//97
f 4337//1068 4267//1069 4191//1070
f 1477//963 1636//1071 4292//964
f 1640//1072 1641//1073 3567//1074
f 2545//178 1645//1075 1646//1076
f 1647//1077 1648//822 1649//1078
f 1651//563 1652//326 755//1079
f 1482//1080 1654//1081 3499//1082
f 1678//1083 4301//111 1679//1084
f 1683//1085 1310//1086 1684//1087
f 2331//1088 4521//1089 1686//1090
f 4362//1091 16//1092 883//1093
f 1500//1094 1499//1095 469//1096
f 1692//1097 1691//1098 3893//1099
f 1693//1100 3027//1101 251//956
f 1639//1102 1695//1103 1638//1104
f 3837//1105 239//1106 1695//1103
f 561//1107 3581//1108 560//1109
f 3519//1110 1697//1111 1698//1112
f 337//251 338//1113 339//1114
f 1702//137 4605//1115 3460//1116
f 1702//137 470//1117 4605//1115
f 1326//1118 1703//1119 1704//1120
f 1707//1121 1708//1122 416//1123
f 1775//1124 380//528 773//526
f 1713//1125 1714//1126 380//528
f 4146//848 1331//850 1715//1127
f 1723//1128 1096//733 1725//1129
f 1724//1130 1723//1128 1725//1129
f 4790//1131 3843//1132 4002//793
f 827//1133 1730//1134 1729//652
f 1736//1135 1737//1136 1738//1137
f 1746//1138 714//876 1747//277
f 1748//1139 146//1140 226//1141
f 146//1140 1008//791 147//1142
f 708//1143 4490//1144 108//1145
f 3320//1146 3321//587 3652//433
f 1755//1147 1199//1148 1322//1149
f 637//1150 2562//1151 1761//735
f 1762//1152 1763//1153 1764//1154
f 2461//1155 1771//1156 1772//1157
f 1775//1124 773//526 772//525
f 1779//1158 917//612 916//611
f 1440//1159 354//258 440//1160
f 1805//1161 4769//1162 925//1163
f 4266//1164 1781//1165 3520//1166
f 1782//1167 1783//1168 1784//1169
f 1209//1170 1787//1171 2379//1172
f 3615//1173 3004//1174 1195//1175
f 1793//1176 920//1177 674//1178
f 694//1179 4581//1180 2077//1181
f 2905//1182 52//1183 1806//1184
f 1816//1185 1817//1186 1818//1187
f 612//1188 616//1189 1819//1190
f 4122//1191 1754//1192 616//1189
f 2415//1193 4452//1194 1820//1195
f 1333//1196 1824//301 1823//300
f 4281//1197 4158//1198 2731//1199
f 817//1200 324//233 1834//1201
f 1369//1202 1835//238 1811//1203
f 4153//1204 4635//239 1835//238
f 4753//1205 1737//1136 1837//1206
f 1838//1207 1840//1208 1839//1209
f 1075//938 1753//1210 123//1211
f 1396//1212 1394//1213 4415//1214
f 1843//1215 1613//1216 1612//1217
f 945//1218 700//1219 1923//1220
f 1320//1221 4369//71 100//1222
f 1844//1223 1845//104 3224//1224
f 3828//670 1015//669 1673//1225
f 4797//1226 4592//1227 4674//1228
f 754//1229 1104//1230 753//517
f 1853//1231 1694//1232 842//572
f 1853//1231 1536//1233 1854//1234
f 1861//1235 1862//1236 3078//1237
f 1866//1238 1867//1239 1868//1240
f 1873//1241 956//1242 914//1243
f 1730//1134 156//1244 1729//652
f 1705//1245 2548//1246 1708//1122
f 1879//157 1880//159 1881//427
f 3337//1247 2414//1248 1883//1249
f 191//133 4021//1250 1582//1251
f 1884//1252 1885//1253 1886//1254
f 1886//1254 579//957 1887//1255
f 442//767 585//1256 584//1257
f 1895//1258 1833//1259 1631//1260
f 1896//1261 1897//1262 1291//833
f 1899//1263 1900//1264 2587//1265
f 2534//776 6//775 1905//1266
f 3540//165 244//164 1403//899
f 1907//1267 4936//1268 1908//1269
f 953//1270 449//1271 4700//1272
f 733//1273 1421//1274 1909//1275
f 1911//1276 2296//1277 3764//1278
f 303//1279 1288//1280 1921//1281
f 3118//1282 1924//1283 1925//1284
f 1928//1285 820//1286 113//1287
f 3627//1288 1219//1289 820//1286
f 1022//682 1749//1290 375//1291
f 1935//1292 593//1293 1936//1294
f 4505//1295 4651//1296 4195//1297
f 48//52 47//1298 1939//1299
f 826//1300 1593//1301 1949//1302
f 1950//1303 1004//1304 1951//1305
f 3494//1306 1974//1307 918//1308
f 1918//1309 1978//1310 1421//1274
f 1918//1309 1979//1311 1978//1310
f 1981//1312 1982//1313 3207//1314
f 1121//1315 3207//1314 1983//1316
f 2896//1317 934//1318 933//1319
f 3403//1320 1989//150 1990//1321
f 1992//1322 1121//1315 1118//1323
f 2547//1324 1993//176 187//131
f 2000//1325 674//1178 2001//1326
f 1268//1327 2004//54 1267//1328
f 799//1329 2006//1330 4504//1331
f 2010//1332 2011//1333 1909//1275
f 197//1334 2013//1335 3285//1336
f 1358//1034 2366//1033 1109//1337
f 1987//1338 879//45 262//194
f 1987//1338 2014//196 879//45
f 1758//1339 2532//1340 1087//1341
f 1663//1342 2020//1343 2019//197
f 2024//1344 2025//1345 555//1346
f 2492//1347 4224//1348 4019//1349
f 1487//870 1488//1350 2030//1351
f 2032//1352 2126//1353 2031//1354
f 359//263 2036//1355 3318//1356
f 1257//1357 2044//842 2045//1358
f 2047//1359 2048//1360 2049//1361
f 2062//1362 4464//1363 2946//1364
f 106//1365 2073//1366 1721//1367
f 2073//1366 2631//1368 2099//1369
f 2078//1370 2144//1371 2143//1372
f 1213//1373 2076//1374 2765//1375
f 1552//1376 2079//1377 3769//1378
f 2082//1379 482//340 989//663
f 663//1380 2083//1381 662//1382
f 1370//872 1661//145 842//572
f 1259//823 2096//649 2095//1383
f 2097//1384 4651//1296 4505//1295
f 4651//1296 1080//1385 4195//1297
f 4900//931 2100//1386 2101//1387
f 1098//1388 2105//1389 2104//225
f 2113//1390 2080//1391 2081//1392
f 215//1393 1219//1289 2116//1394
f 3549//1395 1449//1396 2119//1397
f 2120//1398 665//1399 662//1382
f 665//1399 2123//1400 666//1401
f 2945//1402 666//1401 2123//1400
f 4865//1403 2163//1404 838//1405
f 165//774 2135//1406 448//1407
f 1540//1408 3003//1409 2092//1410
f 2136//1411 3037//373 514//374
f 2218//5 1460//1412 2139//1413
f 2145//1414 1667//1415 1704//1120
f 2148//1416 2147//413 2745//1417
f 2153//1418 2154//1419 294//711
f 3517//1420 2157//1421 2158//1422
f 2160//1423 797//1424 350//1425
f 4622//1426 3640//1427 2161//1428
f 719//1429 2168//1430 720//1431
f 3338//1432 2167//1433 2169//1434
f 4223//1435 2171//1436 2172//1437
f 868//1438 1076//714 867//1439
f 4845//762 2175//1440 2174//1441
f 2290//1442 1892//1443 1307//1444
f 2184//1445 3685//1446 3686//1447
f 597//1448 563//1449 222//1450
f 521//1451 520//1452 3361//1453
f 2609//1454 865//582 2610//1455
f 2191//1456 1618//1457 1797//1458
f 1361//1459 1362//1460 2192//1461
f 346//1462 345//1463 349//1464
f 3727//1465 2896//1317 933//1319
f 2197//138 2088//1466 2198//1467
f 2201//1468 2203//1469 2202//1470
f 2204//1471 24//21 1727//1472
f 97//1473 2216//1474 2570//1475
f 2221//1476 4512//1477 2222//1478
f 2223//1479 2455//1480 2224//1481
f 73//1482 2225//1483 1188//1484
f 3957//1485 952//641 2698//1486
f 2910//1487 3542//1488 922//1489
f 3058//742 896//1490 4084//1491
f 1111//1492 866//583 865//582
f 1912//914 1594//1041 2473//1042
f 1899//1263 4881//1493 1900//1264
f 2238//1494 2029//869 2239//1495
f 2240//730 2017//1496 2241//731
f 3840//1497 2521//1498 2242//1499
f 2245//1500 4952//1501 3555//1502
f 2246//1503 3558//1504 3556//1505
f 4338//1506 3325//1507 3558//1504
f 37//39 4545//1508 4544//352
f 2251//1509 3825//1510 2252//1511
f 4754//1512 1735//1513 2260//276
f 1279//712 1212//802 1280//713
f 2261//1514 3854//1515 2262//1516
f 2261//1514 1294//1517 1614//1518
f 2263//597 3209//1519 2264//1520
f 2271//602 4353//1521 4193//1522
f 2275//1523 2277//1524 2276//1525
f 887//1526 1460//1412 370//1527
f 3496//1528 2281//1529 2280//1530
f 2706//1531 1557//1532 2288//1533
f 2300//1534 642//1000 2299//1535
f 43//985 2293//1536 2292//986
f 2683//636 1744//1537 1741//1538
f 4801//1539 2298//1540 2297//1541
f 265//541 2303//1542 266//1543
f 265//541 1740//1544 2303//1542
f 1999//632 3174//1545 766//1546
f 2311//76 1943//1547 1466//1548
f 2312//1549 2033//1550 2313//1551
f 4824//1552 2317//1553 4832//1554
f 1446//1555 2318//893 2319//1556
f 2322//232 2321//1557 921//1558
f 1615//1559 110//86 1826//1560
f 2333//1561 2334//1562 2332//1563
f 2335//1009 2336//1564 2337//1565
f 1008//791 182//790 147//1142
f 2340//1566 672//243 4699//1567
f 2343//1568 594//436 207//153
f 2276//1525 125//89 2275//1523
f 1106//739 3946//1569 2344//1570
f 2723//1571 2345//737 2726//1572
f 2389//1573 3027//1101 1693//1100
f 2349//1574 1971//32 34//31
f 818//1575 283//1576 4720//1577
f 4110//1578 2350//1579 3796//1580
f 2351//1581 2352//1582 4237//1583
f 3725//1584 379//1585 1758//1339
f 2353//1586 66//1587 67//22
f 2354//84 1388//896 102//82
f 304//1588 2359//75 264//74
f 1986//1589 3158//1590 3157//1591
f 2360//1592 271//204 2361//1593
f 1398//437 929//1594 205//1595
f 2362//1596 1428//918 2363//1597
f 1109//1337 748//1598 2365//1599
f 2369//1600 221//1601 2368//1602
f 2748//1603 2370//1604 1151//1605
f 15//1606 2377//1607 3491//1608
f 351//1609 352//1610 2381//1611
f 1//1612 4177//247 1343//246
f 334//250 2360//1592 2361//1593
f 1250//820 87//1613 3193//821
f 4650//1614 3988//1615 4515//1616
f 501//362 2383//1617 502//363
f 2384//1618 849//1619 1588//1620
f 2356//1621 627//360 628//359
f 109//1622 2392//236 257//1623
f 2393//494 657//237 2392//236
f 917//612 1106//739 4316//1624
f 2299//1535 4801//1539 2300//1534
f 3771//1625 2399//1626 3396//743
f 1015//669 1014//668 4430//1627
f 2407//1628 2408//1629 3065//1630
f 417//928 2409//1631 418//1632
f 417//928 1798//1633 2409//1631
f 980//1634 4048//1635 981//1636
f 2413//1637 2416//1638 4542//1639
f 1032//2 864//686 2417//1640
f 1477//963 3055//1641 2418//1642
f 378//1643 1521//997 4140//996
f 2419//1644 132//1645 368//1646
f 2421//508 2725//507 1483//1647
f 2422//1648 1404//900 3434//1649
f 2424//1650 201//146 1660//1651
f 2435//1652 3649//1653 4510//1654
f 396//1655 998//561 4293//560
f 4260//1656 2047//1359 2435//1652
f 2351//1581 2048//1360 2047//1359
f 1160//1657 2779//1658 2439//1659
f 2443//1660 2442//1661 1025//1662
f 2443//1660 2444//1663 2445//1664
f 576//1665 1933//1666 2446//1667
f 2447//1668 4900//931 2448//1669
f 2447//1668 1438//1670 2449//1671
f 734//1672 2457//844 620//1673
f 1153//1674 1686//1090 2460//1675
f 1153//1674 1772//1157 2459//1676
f 2462//1677 3921//1678 2463//1679
f 2462//1677 407//1680 3921//1678
f 3886//1681 1783//1168 2467//1682
f 2468//1683 4618//1684 1671//1685
f 774//527 1360//1686 776//530
f 2481//1687 2483//1688 1514//1689
f 3535//1690 2329//1691 2328//1692
f 327//240 1871//1693 2536//1694
f 950//638 3961//1695 1294//1517
f 195//1696 1189//1697 154//1698
f 1535//1699 2010//1332 953//1270
f 1776//1700 3229//1701 3596//1702
f 3929//1703 361//897 360//1704
f 2484//1705 1794//1706 162//1707
f 4489//1708 1325//1026 2487//1709
f 4018//1710 2059//1711 2489//1712
f 1487//870 2030//1351 2492//1347
f 458//834 3866//1713 2493//1714
f 534//1715 2498//1716 1602//1047
f 2514//1717 4604//1718 2515//1719
f 1024//1720 2517//1721 3404//1722
f 2520//999 2521//1498 1530//998
f 657//237 2393//494 58//1723
f 2523//1724 3936//1725 60//56
f 1052//1726 4639//1727 2525//1728
f 307//1729 2528//1730 308//1731
f 2529//1732 2530//1733 2988//1734
f 2532//1340 2533//1735 355//1736
f 2015//1737 467//1738 468//327
f 2015//1737 2534//776 467//1738
f 1131//749 1132//548 946//1739
f 223//1740 2536//1694 2115//1741
f 1519//1742 1380//1743 3505//1744
f 2541//1745 3641//1746 4477//1747
f 1416//1043 2543//1748 3895//1749
f 1773//1045 2544//1750 1416//1043
f 1148//1751 2545//178 1147//1752
f 2267//1753 1597//1754 1706//1755
f 1402//1756 256//191 4668//190
f 1402//1756 596//1757 256//191
f 793//546 1538//1002 46//1758
f 2560//1759 3309//1760 1374//1761
f 2908//1762 3721//1763 2567//1764
f 2121//1765 2570//1475 2571//1766
f 2814//653 3129//1767 2524//1768
f 2232//392 2572//1769 2231//1770
f 2232//392 864//686 2572//1769
f 1590//1039 1262//1771 4211//1772
f 3746//593 384//287 891//594
f 2580//1773 259//1774 3075//1775
f 3708//1776 2100//1386 2631//1368
f 1562//1012 2590//1777 1564//1013
f 2592//1778 2593//1779 2591//1780
f 4346//1781 2597//1782 2596//1783
f 2888//1784 2603//1785 509//1786
f 2888//1784 1170//1787 2603//1785
f 2609//1454 2610//1455 4040//1788
f 2612//1789 2883//224 4978//223
f 2616//1790 2613//1791 2827//1792
f 2416//1638 2413//1637 2614//1793
f 1209//1170 2379//1172 404//1794
f 736//1795 2615//512 2412//1796
f 2618//1797 4393//1798 2619//1799
f 2620//1800 4784//1801 2621//1802
f 3143//1803 1927//706 1766//1804
f 2627//1805 1957//1806 822//1807
f 2075//1808 2628//1809 2449//1671
f 105//1810 2631//1368 2100//1386
f 1919//260 440//1160 354//258
f 2634//1811 1079//1812 2635//1813
f 4891//345 1581//1814 1582//1251
f 503//364 2012//1815 854//1816
f 773//526 311//1817 774//527
f 773//526 775//529 311//1817
f 1877//1818 2471//1819 2650//1820
f 2394//1821 1914//1822 1302//1823
f 4676//1824 4377//1825 481//943
f 2653//1826 350//1425 2763//1827
f 2653//1826 2160//1423 350//1425
f 3101//1828 616//1189 1754//1192
f 4450//1829 2655//1830 4887//1831
f 2657//1832 4090//1833 204//1834
f 2658//1835 2659//1836 1898//1837
f 167//1838 2292//986 2293//1536
f 1187//1839 3436//1840 2660//1841
f 2664//1842 2663//1843 2454//1844
f 2444//1663 2443//1660 2663//1843
f 585//1256 2674//1845 2673//495
f 2675//1846 1258//351 835//1847
f 2680//1848 3395//1849 2193//1850
f 2682//1851 2683//636 2684//1852
f 3890//1853 1744//1537 3407//1854
f 2093//1855 2094//1856 1239//917
f 618//1857 317//1858 2700//1859
f 4422//1860 2701//1861 4033//1862
f 4371//1863 2538//1864 4180//1865
f 2702//1866 4180//1865 3176//1867
f 4422//1860 4371//1863 4180//1865
f 4685//355 4545//1508 2704//1868
f 4251//1869 2706//1531 4493//1870
f 3863//1871 4112//1872 2710//1873
f 2715//1874 2717//1875 4152//1876
f 2719//1877 1236//1878 1235//1879
f 576//1665 165//774 1359//773
f 2724//1880 2346//1881 2725//507
f 1285//271 4412//1882 2738//1883
f 2741//1884 217//160 4872//1020
f 2745//1417 907//607 2148//1416
f 1151//1605 2747//1885 2748//1603
f 2750//1886 1972//1887 3666//1888
f 2757//1889 2755//1890 2759//1891
f 2762//1892 3668//1893 4320//1894
f 510//1895 1728//1896 914//1243
f 693//1897 2765//1375 43//985
f 2764//1898 2144//1371 2078//1370
f 4899//1899 4646//1900 480//1901
f 2769//94 2771//976 2770//1902
f 2964//1903 2776//1904 3865//1905
f 3174//1545 1999//632 2070//1906
f 1548//1907 2969//324 1652//326
f 2787//1908 1439//1909 2266//1910
f 4943//1911 341//1912 336//1913
f 343//252 337//251 339//1114
f 341//1912 339//1114 338//1113
f 2791//1914 2793//1915 2792//1916
f 2791//1914 339//1114 2793//1915
f 2795//1917 2796//1918 2790//1919
f 2791//1914 2797//1920 342//1921
f 2798//257 2797//1920 343//252
f 1871//1693 1669//1922 1272//1923
f 2628//1809 598//1924 3510//1925
f 1720//1926 1503//1927 4344//1928
f 4688//1929 3406//1930 4827//1931
f 2802//1932 2217//1933 2220//1934
f 2802//1932 2280//1530 5//6
f 555//1346 4861//760 556//759
f 2102//1935 1184//785 1185//784
f 2808//1936 3339//1937 2809//1938
f 2810//1939 2811//1940 3339//1937
f 1889//1941 488//348 790//1942
f 1009//681 4150//1943 754//1229
f 2816//1944 3865//1905 2776//1904
f 2818//1945 4614//1946 2819//1947
f 2821//1948 2819//1947 4614//1946
f 3785//1949 2826//1950 2827//1792
f 925//1163 2828//1951 4508//1952
f 2828//1951 2827//1792 2826//1950
f 578//1953 2830//1954 579//957
f 465//889 2835//716 1141//1955
f 1920//1956 903//1957 902//1958
f 804//553 2210//1959 1472//1960
f 250//1961 4599//1962 2839//1963
f 2841//1964 2842//1965 2843//1966
f 1292//831 1897//1262 2111//1967
f 2259//1968 2845//1969 2844//1970
f 767//809 958//1971 957//1972
f 2805//1973 966//1974 1542//1975
f 2847//1976 2980//1977 2495//1978
f 2848//1979 3315//1980 1983//1316
f 4800//1981 4774//1982 2851//1983
f 3916//616 3239//1056 2852//1984
f 1432//618 4302//1985 3239//1056
f 4018//1710 2058//1986 2059//1711
f 1486//1987 2058//1986 4018//1710
f 3109//883 2855//1988 1376//884
f 2089//1989 2856//1990 4340//1991
f 999//1992 3161//1993 997//1994
f 2691//1995 2863//1996 3932//1997
f 500//358 1311//1998 1424//511
f 2868//1999 601//441 2869//2000
f 806//555 805//951 601//441
f 594//436 1493//2001 1398//437
f 2817//2002 686//486 1073//710
f 2872//2003 2873//2004 78//2005
f 2518//2006 1024//1720 1751//2007
f 3688//2008 2668//2009 26//50
f 2879//2010 3873//2011 2584//2012
f 1407//903 2881//91 1405//901
f 262//194 878//2013 2883//224
f 3897//2014 1316//2015 3747//2016
f 2891//2017 3662//2018 575//2019
f 2614//1793 2617//2020 2416//1638
f 1745//2021 2893//2022 2250//2023
f 2901//2024 2902//2025 2903//2026
f 1585//2027 3564//2028 1107//1032
f 2905//1182 2906//2029 3786//2030
f 2909//2031 2418//1642 245//177
f 364//2032 765//523 3534//522
f 3774//2033 2917//2034 2918//149
f 4834//2035 4788//2036 1045//2037
f 2925//2038 2926//2039 2924//2040
f 1321//2041 3044//2042 1100//2043
f 2547//1324 2931//129 3378//2044
f 1464//262 2938//2045 1975//2046
f 142//2047 4577//2048 141//2049
f 564//412 828//2050 2524//1768
f 4200//2051 2944//2052 3655//2053
f 2068//2054 1464//262 21//2055
f 2945//1402 2123//1400 4611//2056
f 4911//2057 4541//2058 4372//2059
f 4758//2060 4905//2061 2947//2062
f 995//2063 627//360 2356//1621
f 1794//1706 516//2064 162//1707
f 4273//2065 3581//1108 133//758
f 858//581 308//1731 856//579
f 4964//2066 3298//2067 2960//2068
f 2961//426 440//1160 1919//260
f 1597//1754 2963//2069 2962//2070
f 557//2071 198//140 2967//2072
f 2896//1317 2193//1850 4643//2073
f 3811//2074 1838//1207 1074//2075
f 2297//1541 1217//804 1216//803
f 2201//1468 4779//2076 98//2077
f 531//383 2984//2078 748//1598
f 3603//2079 416//1123 1708//1122
f 312//2080 381//864 313//865
f 856//579 2528//1730 2988//1734
f 2858//2081 3760//2082 2859//2083
f 4069//2084 212//154 682//478
f 3454//2085 2619//1799 758//2086
f 2845//1969 701//496 2990//2087
f 255//2088 254//2089 4870//483
f 1347//2090 3002//2091 1348//2092
f 1155//2093 4228//2094 551//2095
f 3012//2096 3158//1590 1986//1589
f 3014//2097 2206//2098 2738//1883
f 2105//1389 1393//2099 391//2100
f 3017//2101 2742//2102 2744//808
f 1928//1285 1528//2103 588//429
f 699//2104 2674//1845 585//1256
f 834//2105 1038//2106 3019//349
f 3023//2107 4306//2108 4332//2109
f 4253//2110 2327//2111 4045//2112
f 2469//2113 3902//2114 405//2115
f 4064//2116 1828//2117 2770//1902
f 2309//2118 898//2119 3031//2120
f 2309//2118 899//601 898//2119
f 1221//396 4742//2121 1222//2122
f 1221//396 2295//2123 1844//1223
f 3034//2124 2184//1445 749//515
f 2520//999 1531//543 39//43
f 2137//2125 886//2126 888//590
f 3043//2127 3042//2128 2282//2129
f 4175//843 1870//2130 3044//2042
f 2035//2131 3375//2132 434//2133
f 4397//2134 3050//2135 3579//2136
f 4219//2137 4806//2138 3050//2135
f 4555//2139 1518//2140 3054//2141
f 49//53 1267//1328 2004//54
f 3055//1641 4527//457 3056//2142
f 4084//1491 3057//740 3058//742
f 1476//960 392//2143 391//2100
f 3063//2144 2644//2145 2645//2146
f 517//2147 2407//1628 3065//1630
f 443//2148 1712//2149 3066//2150
f 2215//2151 2121//1765 3069//2152
f 1861//1235 3071//2153 1862//1236
f 1861//1235 3043//2127 3071//2153
f 4067//2154 376//2155 3072//2156
f 3080//683 1240//2157 3081//2158
f 3972//2159 3973//2160 3840//1497
f 3088//2161 3089//2162 1743//2163
f 3091//2164 2084//2165 2085//2166
f 1226//805 1789//2167 3644//2168
f 4269//2169 2189//2170 3690//2171
f 1307//1444 1892//1443 658//2172
f 4122//1191 612//1188 3488//2173
f 4122//1191 616//1189 612//1188
f 2012//1815 503//364 3096//578
f 3796//1580 4239//2174 1763//1153
f 1120//2175 1121//1315 2637//2176
f 984//2177 985//2178 3098//2179
f 3617//2180 615//2181 3101//1828
f 3102//2182 612//1188 1819//1190
f 207//153 3103//2183 2343//1568
f 908//2184 4929//2185 3104//2186
f 3112//2187 2400//2188 4820//2189
f 1868//1240 3017//2101 987//661
f 1868//1240 474//729 3017//2101
f 1369//1202 822//1807 649//2190
f 176//2191 1181//2192 2034//2193
f 1535//1699 967//2194 2010//1332
f 960//648 1618//1457 333//248
f 1694//1232 2181//2195 2182//2196
f 1056//2197 940//624 2799//2198
f 3129//1767 3130//2199 1732//2200
f 2911//2201 3132//2202 2092//1410
f 1726//481 3131//314 3132//2202
f 963//2203 2096//649 486//346
f 4670//2204 3860//2205 4269//2169
f 1847//2206 4927//2207 4578//2208
f 989//663 233//664 1867//1239
f 3141//2209 1769//2210 2767//2211
f 4935//2212 3144//2213 3145//2214
f 4935//2212 3081//2158 235//2215
f 847//575 1242//2216 3148//2217
f 2104//225 908//2184 2108//2218
f 2113//1390 406//2219 2080//1391
f 4512//1477 2663//1843 2443//1660
f 2224//1481 2456//2220 2663//1843
f 2379//1172 1787//1171 2380//2221
f 2475//2222 2915//2223 3534//522
f 2530//1733 2529//1732 3155//2224
f 2144//1371 3124//2225 2143//1372
f 3156//2226 731//2227 2142//2228
f 3157//1591 3158//1590 1635//2229
f 1115//2230 2641//2231 4197//2232
f 1353//2233 1567//2234 1566//2235
f 1353//2233 910//2236 1567//2234
f 3159//2237 2751//2238 1106//739
f 466//329 1910//2239 3160//2240
f 2439//1659 2779//1658 4915//2241
f 735//584 866//583 3291//2242
f 2967//2072 198//140 2018//2243
f 2601//2244 1487//870 2491//2245
f 3161//1993 3716//2246 998//561
f 645//2247 1093//2248 647//2249
f 4698//2250 668//469 4421//2251
f 3165//2252 1722//308 1688//307
f 3167//604 2658//1835 2897//118
f 3169//2253 4939//2254 1215//474
f 3172//2255 2355//2256 1286//2257
f 1821//2258 1323//2259 1324//944
f 696//2260 224//2261 1255//2262
f 3179//2263 449//1271 1979//1311
f 2556//724 4963//2264 2005//2265
f 3989//2266 1029//2267 3189//2268
f 3196//2269 2500//577 267//199
f 2489//1712 2490//2270 2488//2271
f 3202//905 1260//2272 3203//2273
f 3202//905 3982//904 1260//2272
f 1242//2216 473//332 3148//2217
f 2446//1667 2135//1406 576//1665
f 1540//1408 2869//2000 1539//1003
f 3192//2274 1029//2267 2718//2275
f 3204//721 843//280 4794//282
f 1067//1028 1516//704 1927//706
f 4228//2094 1155//2093 3466//2276
f 263//2277 1371//879 3288//2278
f 987//661 2678//2279 1866//1238
f 2254//2280 30//24 3217//2281
f 3218//2282 4631//2283 4772//2284
f 2247//2285 1372//2286 3220//2287
f 152//2288 2690//2289 1372//2286
f 1357//381 1902//2290 530//382
f 3230//2291 3231//7 8//9
f 2974//2292 1442//717 3382//2293
f 3481//38 3232//2294 37//39
f 3233//2295 914//1243 3234//2296
f 2324//333 2323//2297 303//1279
f 629//2298 4527//457 463//456
f 1457//2299 4302//1985 1458//2300
f 2469//2113 3240//2301 1457//2299
f 2939//539 265//541 3078//1237
f 1089//2302 2203//1469 98//2077
f 3438//2303 766//1546 1288//1280
f 3250//2304 2870//500 703//499
f 705//503 4579//502 707//328
f 1066//873 1101//2305 3265//2306
f 1066//873 1370//872 1101//2305
f 74//2307 75//2308 4052//2309
f 3259//2310 2191//1456 1797//1458
f 2494//2311 3303//2312 4874//2313
f 652//2314 2600//2315 651//2316
f 4933//2317 3275//2318 4393//1798
f 3274//2319 3230//2291 1689//2320
f 3277//2321 2621//1802 4784//1801
f 4926//2322 3275//2318 4750//2323
f 3849//2324 3280//2325 3281//2326
f 3969//2327 176//2191 3748//2328
f 4258//2329 2214//48 4257//2330
f 255//2088 683//482 1510//2331
f 222//1450 563//1449 892//2332
f 1659//2333 1309//2334 3291//2242
f 669//468 1699//2335 459//2336
f 788//542 2009//2337 821//2338
f 1879//157 2342//513 2615//512
f 4375//2339 171//2340 1859//2341
f 316//2342 3293//2343 1191//2344
f 1934//2345 4487//2346 3294//2347
f 1941//2348 2922//2349 3005//2350
f 2179//936 3299//2351 1443//2352
f 1323//2259 4203//2353 3170//2354
f 1703//1119 3303//2312 2165//2355
f 3647//2356 2337//1565 3070//2357
f 1129//2358 3460//1116 4605//1115
f 3076//2359 3310//2360 844//722
f 2779//1658 1160//1657 3312//2361
f 2761//2362 3314//2363 3315//1980
f 365//2364 322//2365 3317//2366
f 1252//2367 1168//2368 408//2369
f 1252//2367 1251//2370 1168//2368
f 3320//1146 4490//1144 708//1143
f 2701//1861 4491//2371 4033//1862
f 1629//2372 3565//2373 4853//2374
f 3322//2375 2045//1358 2044//842
f 4469//2376 526//378 35//35
f 137//98 3323//2377 1097//99
f 137//98 136//97 4894//2378
f 2169//1434 4420//2379 2170//2380
f 2808//1936 2810//1939 3339//1937
f 2405//2381 1499//1095 1500//1094
f 194//136 470//1117 1702//137
f 1521//997 2192//1461 1791//2382
f 989//663 2678//2279 2082//1379
f 3334//2383 1180//2384 2102//1935
f 3346//2385 2923//2386 1767//693
f 4933//2317 4750//2323 3275//2318
f 3353//259 354//258 493//2387
f 319//2388 584//1257 1046//2389
f 1883//1249 4637//2390 1780//134
f 4005//2391 2228//2392 2227//2393
f 134//2394 1279//712 868//1438
f 134//2394 3852//2395 1279//712
f 2232//392 1033//2396 864//686
f 2204//1471 63//2397 3368//2398
f 1271//2399 2596//1783 2597//1782
f 4370//2400 3370//2401 3136//2402
f 3506//2403 4370//2400 3136//2402
f 1924//1283 3118//1282 1150//2404
f 965//2405 1253//2406 810//718
f 956//1242 1181//2192 176//2191
f 1183//783 1181//2192 956//1242
f 3389//151 1398//437 1399//2407
f 2882//2408 3393//2409 4044//2410
f 3394//2411 3712//2412 3395//1849
f 1808//2413 173//2414 3397//2415
f 1600//2416 1363//2417 775//529
f 2940//2418 495//2419 595//2420
f 2442//1661 2443//1660 2445//1664
f 2023//2421 1135//2422 4127//2423
f 1989//150 2650//1820 3117//2424
f 3807//2425 3020//2426 4523//2427
f 4827//1931 4976//2428 3244//2429
f 4710//2430 3089//2162 3088//2161
f 642//1000 3408//2431 4802//2432
f 2363//1597 1428//918 1243//2433
f 1638//1104 1640//1072 3409//2434
f 4025//2435 2234//2436 1384//2437
f 896//1490 2728//2438 2234//2436
f 2671//2439 1270//2440 386//702
f 3152//2441 3416//2442 3253//2443
f 1331//850 1917//2444 1716//2445
f 3419//2446 3418//2447 1458//2300
f 3420//2448 2060//2449 1193//2450
f 4303//700 2336//1564 2942//2451
f 62//983 4620//2452 1379//2453
f 3421//2454 340//255 3422//2455
f 3005//2350 3026//2456 3105//2457
f 3424//2458 2002//2459 4928//2460
f 1942//2461 1943//1547 4666//2462
f 2506//2463 214//156 794//2464
f 2929//2465 161//2466 2928//2467
f 4484//2468 900//2469 246//179
f 1344//2470 1343//246 3426//2471
f 4435//2472 38//41 664//2473
f 4805//2474 3200//2475 1696//2476
f 790//1942 192//660 988//662
f 1376//884 3431//2477 3308//2478
f 3431//2477 1376//884 4135//2479
f 3468//2480 3818//536 3435//2481
f 1904//2482 478//2483 3439//2484
f 1885//1253 4057//2485 2891//2017
f 3441//2486 3440//338 1880//159
f 1028//615 2962//2070 2963//2069
f 785//878 3288//2278 1371//879
f 3443//2487 3737//2488 3444//2489
f 128//2490 757//948 4082//2491
f 3445//2492 4082//2491 4912//2493
f 4436//2494 4681//2495 128//2490
f 3737//2488 3445//2492 4912//2493
f 2433//2496 4596//2497 3376//2498
f 366//2499 832//273 365//2364
f 1214//2500 1859//2341 2550//2501
f 794//2464 3045//2502 2783//2503
f 450//2504 2027//2505 1314//2506
f 1215//474 1806//1184 50//472
f 3457//2507 2906//2029 2905//1182
f 1431//2508 2867//2509 931//614
f 3461//2510 2274//2511 2273//2512
f 4648//2513 3461//2510 3464//2514
f 4705//2515 641//2516 3465//2517
f 2212//2518 921//1558 2251//1509
f 394//2519 1413//2520 2486//2521
f 2254//2280 3467//2522 1452//2523
f 3324//2524 1274//2525 3473//2526
f 3376//2498 3476//2527 4459//2528
f 3478//2529 3479//2530 1910//2239
f 3480//2531 3481//38 3570//786
f 1963//2532 3416//2442 1406//902
f 2281//1529 3496//1528 3497//2533
f 559//2534 1391//2535 1390//2536
f 3509//2537 3313//2538 3841//2539
f 2407//1628 2256//2540 3511//2541
f 562//2542 2545//178 3512//2543
f 2346//1881 2726//1572 711//2544
f 3317//2366 3513//2545 2540//2546
f 3317//2366 322//2365 3513//2545
f 2264//1520 3209//1519 2677//2547
f 3516//2548 4065//2549 4972//2550
f 3521//2551 3520//1166 1781//1165
f 3522//2552 3523//2553 233//664
f 1561//1015 2853//2554 4857//2555
f 1308//2556 1111//1492 734//1672
f 3527//2557 1613//1216 1843//1215
f 3529//2558 4431//2559 1513//2560
f 860//2561 3533//2562 3535//1690
f 107//2563 2075//1808 2449//1671
f 942//2564 1411//2565 2932//691
f 3065//1630 2408//1629 2850//2566
f 4469//2376 1938//2567 524//379
f 1644//2568 1462//952 1938//2567
f 1732//2200 3936//1725 1731//2569
f 1440//1159 59//55 61//57
f 3403//1320 1707//1121 1877//1818
f 3884//2570 436//620 3653//619
f 568//415 3539//414 142//2047
f 267//199 1663//1342 2019//197
f 1955//2571 497//356 114//2572
f 2249//2573 3541//2574 4755//2575
f 498//2576 951//19 1926//2577
f 1879//157 2615//512 736//1795
f 1211//993 502//363 2383//1617
f 3935//2578 3544//2579 3545//2580
f 3547//125 994//667 1589//1038
f 3137//2581 3136//2402 3548//2582
f 2108//2218 2110//2583 2109//2584
f 574//421 2239//1495 1368//871
f 574//421 4455//2585 2239//1495
f 1474//2586 937//2587 2464//2588
f 1265//2589 2816//1944 3557//2590
f 3392//2591 3559//2592 3391//2593
f 3560//2594 4848//2595 3562//2596
f 3561//2597 4974//2598 3562//2596
f 475//697 216//696 2951//2599
f 3440//338 422//302 475//697
f 581//424 730//2600 174//2601
f 2485//2602 3568//2603 1365//2604
f 2132//2605 2936//2606 3568//2603
f 2133//2607 927//2608 2550//2501
f 3570//786 1190//2609 3480//2531
f 2672//701 3571//93 2671//2439
f 3573//2610 4131//2611 3301//2612
f 1146//2613 538//391 140//102
f 3913//2614 3577//2615 4028//2616
f 3578//2617 3879//2618 3913//2614
f 4891//345 1582//1251 2636//2619
f 1914//1822 3580//2620 41//2621
f 814//567 1895//1258 3355//2622
f 3581//1108 4805//2474 1696//2476
f 3470//2623 3471//2624 4511//2625
f 4511//2625 3586//2626 3587//2627
f 3593//2628 3369//2629 4045//2112
f 17//2630 1894//2631 18//2632
f 4436//2494 3446//2633 3600//2634
f 338//1113 3107//2635 1619//2636
f 4128//2637 2297//1541 2298//1540
f 2531//2638 2529//1732 2528//1730
f 631//462 632//464 630//460
f 3282//2639 825//2640 1207//463
f 2904//2641 2902//2025 2901//2024
f 2284//2642 3605//2643 3585//2644
f 1323//2259 1821//2258 3302//2645
f 3608//2646 590//2647 3609//2648
f 91//73 4589//979 2871//2649
f 1459//2650 3610//4 42//46
f 4772//2284 4631//2283 4513//2651
f 715//2652 716//1044 3612//2653
f 2358//2654 3613//2655 1425//2656
f 3615//1173 3616//2657 2502//2658
f 50//472 1806//1184 4999//2659
f 1428//918 1429//2660 1430//2661
f 2089//1989 634//2662 4339//2663
f 1722//308 3352//2664 2785//306
f 3627//1288 479//339 215//1393
f 3627//1288 587//428 479//339
f 2619//1799 1281//2665 758//2086
f 3629//2666 1536//1233 3628//2667
f 4064//2116 3630//2668 1828//2117
f 1599//139 976//861 3632//325
f 1668//2669 4229//2670 2715//1874
f 1884//1252 1886//1254 1887//1255
f 4845//762 2174//1441 3634//2671
f 1347//2090 2412//1796 3002//2091
f 1347//2090 2411//2672 2412//1796
f 3501//2673 3994//2674 839//2675
f 300//2676 301//2677 934//1318
f 3639//2678 4438//2679 1613//1216
f 4860//2680 1716//2445 1917//2444
f 2635//1813 1079//1812 4376//2681
f 1130//751 84//64 1186//66
f 1130//751 679//476 84//64
f 2410//2682 2070//1906 2071//635
f 1228//810 767//809 2070//1906
f 1790//2683 3644//2168 1789//2167
f 187//131 4475//2684 2547//1324
f 1315//2685 1312//2686 1313//2687
f 2042//2688 306//1010 2043//2689
f 673//242 3650//2690 3651//2691
f 2568//2692 4593//2693 4225//2694
f 4490//1144 3652//433 3553//2695
f 3654//2696 2571//1766 3653//619
f 1391//2535 530//382 1586//2697
f 1391//2535 3656//444 530//382
f 2693//2698 3660//2699 582//2700
f 3987//2701 1251//2370 4233//152
f 1552//1376 3662//2018 3373//2702
f 1552//1376 3903//2703 575//2019
f 777//532 1360//1686 1362//1460
f 1997//2704 947//633 2071//635
f 1388//896 2993//2705 947//633
f 4156//2706 1275//2707 3666//1888
f 2683//636 1166//771 949//637
f 3672//2708 1216//803 191//133
f 3435//2481 3818//536 3676//538
f 1947//2709 223//1740 224//2261
f 2247//2285 1314//2506 3677//2710
f 813//566 4152//1876 2717//1875
f 2694//422 3683//981 2695//2711
f 613//2712 3684//937 81//2713
f 731//2227 695//2714 1718//2715
f 3692//659 3218//2282 4772//2284
f 1319//2716 700//1219 1320//1221
f 13//2717 444//2718 3695//2719
f 1677//2720 1676//2721 844//722
f 386//702 80//2722 383//286
f 2391//2723 2383//1617 1208//799
f 4531//2724 3698//2725 3700//2726
f 4531//2724 96//2727 3698//2725
f 3699//2728 3700//2726 3698//2725
f 2154//1419 3704//501 294//711
f 3092//626 3194//2729 419//2730
f 2614//1793 3707//2731 2617//2020
f 2458//2732 1772//1157 1153//1674
f 3709//2733 3121//2734 1996//2735
f 2795//1917 341//1912 4988//2736
f 3712//2412 3394//2411 727//2737
f 4100//2738 3713//2739 3714//855
f 744//556 3715//2740 807//557
f 936//622 1452//2523 3718//2741
f 2295//2123 540//395 3183//2742
f 3031//2120 3721//1763 2309//2118
f 3722//2743 3031//2120 898//2119
f 837//839 3306//405 2623//404
f 3322//2375 210//2744 208//1021
f 2200//2745 2857//2746 3723//2747
f 3221//170 4702//2748 3723//2747
f 106//1365 107//2563 2074//2749
f 1079//1812 567//2750 4376//2681
f 2813//2751 2127//2752 3732//2753
f 2813//2751 2126//1353 2127//2752
f 583//386 1402//1756 58//1723
f 1144//385 1145//2754 1402//1756
f 3508//2755 3361//1453 520//1452
f 657//237 2263//597 326//235
f 39//43 1808//2413 1807//2756
f 3753//2757 3752//932 2447//1668
f 3754//2758 707//328 468//327
f 3754//2758 4406//2759 705//503
f 3754//2758 467//1738 4406//2759
f 4475//2684 187//131 186//130
f 858//581 857//580 4964//2066
f 911//608 967//2194 1535//1699
f 3220//2287 1372//2286 913//610
f 2539//2760 426//2761 4837//2762
f 3759//2763 1901//2764 1784//1169
f 4885//2765 2122//2766 1965//2767
f 4170//2768 2068//2054 1974//1307
f 1320//1221 700//1219 945//1218
f 1015//669 4430//1627 2406//2769
f 1015//669 1674//2770 1673//1225
f 2486//2521 4489//1708 2487//1709
f 3269//925 2913//2771 1946//923
f 3761//2772 2766//2773 3346//2385
f 205//1595 930//2774 3762//2775
f 678//475 3260//2776 3258//629
f 3763//2777 2139//1413 1460//1412
f 1461//2778 3763//2777 1460//1412
f 4427//2779 2134//2780 2553//2781
f 1543//2782 3992//2783 1541//2784
f 3766//2785 2708//2786 4938//2787
f 1865//2788 2386//2789 1725//1129
f 3769//1378 3735//2790 4213//2791
f 1040//2792 2918//149 1039//148
f 3374//2793 2668//2009 2119//1397
f 1568//1017 53//2794 1127//744
f 2007//2795 1721//1367 2199//2796
f 968//798 1319//2716 969//2797
f 1952//2798 700//1219 1319//2716
f 3781//2799 3782//2800 4127//2423
f 1760//2801 3783//2802 2533//1735
f 1596//2803 1342//2804 1595//2805
f 3787//2806 3292//2807 4478//2808
f 3788//2809 3789//2810 1029//2267
f 3792//2811 4915//2241 3848//2812
f 3794//2813 352//1610 68//2814
f 778//534 3795//2815 3247//2816
f 2736//2817 3796//1580 3797//2818
f 3802//2819 3801//2820 4820//2189
f 1801//2821 931//614 2866//2822
f 3691//2823 3089//2162 3090//2824
f 3805//2825 4079//2826 4078//2827
f 3805//2825 3807//2425 4079//2826
f 1074//2075 3812//2828 3811//2074
f 2519//2829 434//2133 2857//2746
f 4691//2830 3813//2831 2780//2832
f 3814//2833 3105//2457 1559//2834
f 4061//2835 3816//2836 3817//2837
f 3817//2837 3816//2836 112//2838
f 431//2839 179//868 178//461
f 3818//536 3819//2840 3061//2841
f 1602//1047 2005//2265 4963//2264
f 1603//1046 932//829 4209//828
f 1603//1046 1090//2842 2005//2265
f 2085//2166 2084//2165 3821//2843
f 3824//2844 3046//2845 2318//893
f 2516//2846 3826//2847 3230//2291
f 1846//800 3828//670 1673//1225
f 681//2848 3829//49 1134//2849
f 3367//2850 1174//777 326//235
f 2871//2649 1808//2413 879//45
f 2957//2851 1202//2852 1203//2853
f 1797//1458 4716//408 959//2854
f 819//2855 979//2856 3724//2857
f 819//2855 1219//1289 979//2856
f 4555//2139 3054//2141 4864//2858
f 1831//909 1830//2859 3809//2860
f 2658//1835 1898//1837 1003//119
f 4395//2861 4396//2862 3837//1105
f 2010//1332 449//1271 953//1270
f 3355//2622 815//568 814//567
f 2211//2863 485//2864 815//568
f 510//1895 3843//1132 3844//2865
f 3630//2668 2257//2866 3631//2867
f 895//599 3888//851 4799//2868
f 253//185 2559//2869 1375//183
f 2742//2102 767//809 2744//808
f 3851//2870 3828//670 3852//2395
f 1319//2716 3380//2871 3379//2872
f 2040//2873 1974//1307 2038//2874
f 1820//1195 4637//2390 1883//1249
f 2240//730 1538//1002 2017//1496
f 3375//2132 2307//2875 227//171
f 3968//2876 3861//2877 3138//2878
f 310//406 2920//2879 4440//2880
f 3477//2881 3474//2882 2432//2883
f 454//2884 3867//2885 2372//2886
f 2862//2887 3868//2888 4922//2889
f 4392//741 1156//2890 4391//2891
f 1086//2892 2016//533 1087//1341
f 2704//1868 3232//2294 2248//2893
f 1950//1303 3874//2894 1049//2895
f 1950//1303 4691//2830 3874//2894
f 1293//2896 650//2897 110//86
f 1293//2896 4218//942 650//2897
f 3880//322 3883//2898 3881//2899
f 3576//321 3882//2900 3880//322
f 3576//321 3881//2899 3882//2900
f 4856//1011 3885//2901 1560//1014
f 3882//2900 4969//2902 3883//2898
f 2468//1683 2467//1682 4618//1684
f 433//58 3154//2903 3887//2904
f 126//316 457//315 3888//851
f 2149//2905 2505//2906 2654//2907
f 1078//2908 3955//2909 3980//2910
f 1800//2911 3955//2909 1078//2908
f 2108//2218 908//2184 3104//2186
f 4252//689 195//1696 196//690
f 4252//689 1692//1097 1189//1697
f 525//36 431//2839 2207//217
f 72//973 469//1096 1499//1095
f 2735//2912 3456//2913 4721//2914
f 1654//1081 3900//2915 3498//2916
f 673//242 1786//244 3650//2690
f 23//20 2591//1780 3185//2917
f 3470//2623 3584//2918 4352//2919
f 810//718 1253//2406 1272//1923
f 1645//1075 2545//178 245//177
f 642//1000 2240//730 3917//727
f 709//504 3368//2398 3918//2920
f 1778//2921 4500//628 3920//2922
f 3921//1678 3284//2923 1840//1208
f 768//2924 958//1971 767//809
f 2923//2386 2767//2211 2925//2038
f 294//711 2152//2925 2155//2926
f 2516//2846 2515//1719 3827//2927
f 723//2928 2941//2929 2942//2451
f 3806//2930 3805//2825 4078//2827
f 3929//1703 360//1704 3551//2931
f 4612//2932 361//897 3929//1703
f 3930//2933 2031//1354 2126//1353
f 3349//2934 1399//2407 692//492
f 3759//2763 1900//1264 4881//1493
f 3550//2935 3932//1997 3933//2936
f 1936//1294 3835//2937 3187//2938
f 2285//2939 2904//2641 2901//2024
f 2524//1768 3936//1725 2523//1724
f 2524//1768 3129//1767 3936//1725
f 2883//224 755//1079 315//222
f 3937//2940 3938//2941 3939//699
f 2697//2942 372//2943 4423//2944
f 3941//2945 3447//2946 3448//2947
f 1794//1706 404//1794 983//2948
f 3944//2949 3945//2950 3517//1420
f 4208//2951 3943//2952 3517//1420
f 1395//2953 1397//2954 1396//1212
f 1078//2908 1240//2157 1429//2660
f 1822//2955 1333//1196 1823//300
f 1822//2955 3528//2956 1333//1196
f 1128//748 4195//1297 1081//746
f 802//552 104//658 4201//657
f 3947//2957 4016//2958 4555//2139
f 3947//2957 3036//2959 3834//2960
f 1506//2961 1953//2962 457//315
f 3950//2963 3949//2964 1073//710
f 4071//2965 3014//2097 2738//1883
f 3952//807 2206//2098 3014//2097
f 3890//1853 1741//1538 1744//1537
f 3890//1853 2243//2966 1741//1538
f 4499//2967 4515//1616 1443//2352
f 949//637 2434//2968 2433//2496
f 1306//2969 3009//2970 2237//2971
f 3222//2972 3956//2973 3223//2974
f 3956//2973 3169//2253 3223//2974
f 3957//1485 373//2975 952//641
f 3958//520 1082//2976 4686//521
f 3960//2977 3087//2978 3959//2979
f 4377//1825 4778//2980 481//943
f 4377//1825 3961//1695 4778//2980
f 4377//1825 3962//2981 3961//1695
f 983//2948 142//2047 516//2064
f 2943//2982 4577//2048 142//2047
f 4744//2983 4740//2984 3965//431
f 3079//2985 1934//2345 3294//2347
f 3968//2876 4278//2986 112//2838
f 279//208 3673//2987 3970//782
f 279//208 281//210 800//2988
f 4653//2989 3607//2990 3910//2991
f 503//364 855//2992 2638//2993
f 1621//1057 3095//2994 1622//1058
f 3972//2159 1382//2995 3973//2160
f 2300//1534 492//2996 4687//2997
f 1135//2422 3308//2478 4261//2998
f 3975//2999 3974//3000 4540//3001
f 837//839 560//1109 79//3002
f 3798//3003 2185//3004 3981//3005
f 1332//598 2279//3006 3888//851
f 2043//2689 972//3007 2042//2688
f 2043//2689 3647//2356 972//3007
f 3389//151 3987//2701 4233//152
f 3065//1630 1849//3008 687//3009
f 4592//1227 4797//1226 1848//3010
f 2934//375 3512//2543 2933//1
f 2150//3011 2149//2905 1754//1192
f 416//1123 405//2115 3902//2114
f 3999//3012 554//3013 2367//3014
f 4822//3015 3999//3012 2367//3014
f 4003//3016 3969//2327 3748//2328
f 654//3017 4004//3018 651//2316
f 3488//2173 923//3019 4122//1191
f 49//53 3055//1641 3056//2142
f 247//3020 4006//3021 3055//1641
f 4966//3022 2256//2540 4010//3023
f 505//366 151//769 1162//768
f 3106//3024 1092//3025 1699//2335
f 647//2249 461//562 645//2247
f 3016//3026 2302//3027 874//188
f 4017//3028 3168//3029 4290//3030
f 4018//1710 4019//1349 2854//3031
f 4018//1710 2488//2271 4019//1349
f 641//2516 3797//2818 3465//2517
f 786//576 3148//2217 3703//3032
f 27//3033 504//365 3971//3034
f 483//341 1582//1251 4021//1250
f 483//341 2636//2619 1582//1251
f 483//341 1584//3035 2636//2619
f 1823//300 4022//3036 1822//2955
f 1823//300 422//302 4022//3036
f 2728//2438 2727//3037 2730//3038
f 2451//3039 1818//1187 1817//1186
f 3853//3040 520//1452 4941//3041
f 228//3042 3926//3043 4983//3044
f 3287//3045 4030//3046 4029//591
f 4371//1863 4032//3047 3664//3048
f 1250//820 1444//819 2179//936
f 4034//479 54//3049 1544//3050
f 1517//3051 867//1439 1076//714
f 2774//3052 513//40 3037//373
f 2774//3052 1793//1176 513//40
f 3076//2359 356//3053 3311//3054
f 4036//3055 4037//3056 4038//3057
f 1609//1048 2097//1384 4505//1295
f 397//25 4042//3058 3030//3059
f 1583//3060 4219//2137 4218//942
f 1765//1024 1770//3061 1766//1804
f 1745//2021 520//1452 3853//3040
f 4754//1512 1734//447 1735//1513
f 988//662 3017//2101 4048//1635
f 4502//3062 2164//3063 4050//3064
f 4502//3062 2134//2780 2164//3063
f 4865//1403 838//1405 4050//3064
f 1976//3065 1977//3066 3494//1306
f 348//3067 344//3068 347//3069
f 1100//2043 1064//3070 1065//3071
f 922//1489 679//476 678//475
f 1483//1647 3817//2837 2420//966
f 3161//1993 3715//2740 3716//2246
f 4053//3072 2417//1640 1034//3073
f 1021//3074 3469//680 1022//682
f 3657//3075 4054//826 4055//3076
f 577//3077 1401//3078 2446//1667
f 577//3077 1558//3079 1401//3078
f 1005//3080 3374//2793 55//3081
f 3695//2719 4056//3082 14//3083
f 4930//3084 4058//3085 3505//1744
f 1380//1743 2806//3086 131//3087
f 19//3088 3747//2016 2954//3089
f 2716//3090 2715//1874 287//211
f 2370//1604 1153//1674 1152//3091
f 4062//3092 1131//749 946//1739
f 4619//3093 254//2089 507//368
f 4619//3093 3597//3094 254//2089
f 4753//1205 1837//1206 4063//3095
f 4069//2084 682//478 278//480
f 4791//3096 2205//3097 3014//2097
f 3321//587 4073//3098 3652//433
f 4949//3099 4074//3100 1628//1065
f 4076//853 3714//855 4949//3099
f 3589//3101 2167//1433 4420//2379
f 3684//937 3164//3102 81//2713
f 4077//3103 4099//3104 121//3105
f 4970//3106 3405//3107 3807//2425
f 603//3108 1237//3109 2303//1542
f 2004//54 4080//3110 48//52
f 2465//3111 1783//1168 3886//1681
f 4088//3112 1069//3113 155//3114
f 4092//3115 3502//3116 3501//2673
f 362//270 4812//3117 1284//3118
f 1948//3119 3800//3120 4072//3121
f 3714//855 3430//3122 4100//2738
f 499//471 1481//965 4101//3123
f 741//3124 195//1696 154//1698
f 1944//3125 3005//2350 3814//2833
f 1166//771 2683//636 1741//1538
f 485//2864 491//3126 815//568
f 1614//1518 3254//3127 3854//1515
f 4452//1194 4118//3128 1820//1195
f 4118//3128 4452//1194 4119//3129
f 307//1729 2518//2006 1751//2007
f 206//3130 205//1595 2478//3131
f 415//3132 3923//3133 1439//1909
f 2349//1574 818//1575 3611//3134
f 4971//891 3825//1510 897//892
f 1927//706 3889//3135 1766//1804
f 4127//2423 3151//3136 2023//2421
f 3406//1930 4688//1929 2660//1841
f 1217//804 4128//2637 231//342
f 2209//3137 2555//3138 648//3139
f 4133//3140 4131//2611 4129//3141
f 2267//1753 1929//3142 1597//1754
f 2726//1572 2346//1881 2724//1880
f 2255//3143 378//1643 4140//996
f 4141//3144 2618//1797 2619//1799
f 1700//3145 4701//3146 1548//1907
f 406//2219 2113//1390 4875//3147
f 4004//3018 1310//1086 651//2316
f 653//877 655//3148 1684//1087
f 308//1731 3452//3149 307//1729
f 4143//3150 4144//3151 4959//3152
f 4145//3153 3241//95 4146//848
f 147//1142 182//790 1198//3154
f 3955//2909 4147//3155 4600//3156
f 341//1912 2792//1916 339//1114
f 790//1942 1890//3157 1889//1941
f 790//1942 988//662 4048//1635
f 1116//3158 1113//3159 3184//3160
f 4046//3161 3875//3162 229//3163
f 812//565 4635//239 4153//1204
f 4070//3164 4977//3165 966//1974
f 4154//3166 4069//2084 4070//3164
f 1929//3142 2268//3167 4557//3168
f 1929//3142 1930//3169 2268//3167
f 3718//2741 779//535 3571//93
f 3718//2741 1452//2523 779//535
f 4158//1198 4157//3170 2730//3038
f 2662//3171 4160//3172 3864//3173
f 648//3139 69//3174 2209//3137
f 395//3175 4163//3176 4214//3177
f 871//3178 870//3179 251//956
f 4164//3180 670//3181 2302//3027
f 871//3178 251//956 4164//3180
f 1546//3182 966//1974 2190//3183
f 282//3184 1179//781 4621//3185
f 1259//823 490//350 3125//3186
f 2854//3031 1486//1987 4018//1710
f 2955//3187 2//3188 2382//3189
f 1021//3074 3946//1569 1779//1158
f 1021//3074 2344//1570 3946//1569
f 1192//3190 834//2105 3019//349
f 3542//1488 1195//1175 2874//3191
f 2710//1873 4561//3192 4938//2787
f 4112//1872 4458//3193 4561//3192
f 4652//3194 3909//3195 1511//3196
f 2857//2746 434//2133 3723//2747
f 2631//1368 105//1810 2099//1369
f 200//3197 378//1643 1266//3198
f 4169//3199 1576//545 1575//1025
f 1898//1837 322//2365 367//275
f 355//1736 356//3053 3076//2359
f 4170//2768 1974//1307 2040//2873
f 918//1308 1974//1307 21//2055
f 4172//3200 1918//1309 1421//1274
f 408//2369 2343//1568 1252//2367
f 595//2420 594//436 2343//1568
f 401//3201 3116//837 1451//3202
f 1370//872 833//874 714//876
f 1370//872 842//572 713//3203
f 1604//234 4173//3204 1605//3205
f 372//2943 4453//3206 138//3207
f 3688//2008 3687//3208 2499//3209
f 290//215 697//3210 696//2260
f 1136//753 3108//3211 1394//1213
f 1921//1281 1984//3212 1635//2229
f 3996//3213 3090//2824 3997//3214
f 1827//265 1959//3215 899//601
f 20//3216 1958//3217 1959//3215
f 695//2714 2765//1375 693//1897
f 4179//3218 4180//1865 4602//3219
f 1772//1157 2458//2732 2461//1155
f 127//317 126//316 2754//3220
f 3788//2809 4978//223 1122//3221
f 2608//3222 3179//2263 2607//3223
f 2608//3222 953//1270 3179//2263
f 419//2730 3229//1701 1776//1700
f 1302//1823 4672//3224 2394//1821
f 4947//3225 1712//2149 4188//3226
f 443//2148 4188//3226 1712//2149
f 695//2714 3156//2226 2764//1898
f 4190//3227 603//3108 1739//514
f 78//2005 2873//2004 368//1646
f 2399//1626 4815//3228 4075//3229
f 532//384 4196//29 4197//2232
f 3880//322 3879//2618 4735//3230
f 2970//3231 1075//938 123//1211
f 861//3232 1125//745 53//2794
f 2595//3233 2592//1778 2591//1780
f 525//36 35//35 526//378
f 2233//3234 2982//3235 2727//3037
f 4575//3236 3480//2531 4199//3237
f 4575//3236 3482//3238 3480//2531
f 2911//2201 1726//481 3132//2202
f 427//3239 2884//3240 2551//3241
f 1209//1170 1162//768 1787//1171
f 3721//1763 2308//3242 2309//2118
f 4631//2283 2927//3243 4513//2651
f 181//920 745//922 2927//3243
f 251//956 870//3179 1693//1100
f 2018//2243 198//140 3543//279
f 4216//3244 4207//3245 4273//2065
f 4216//3244 132//1645 4207//3245
f 3444//2489 3737//2488 3886//1681
f 2796//1918 2795//1917 4919//3246
f 4067//2154 4068//3247 711//2544
f 4067//2154 3122//3248 4068//3247
f 2041//3249 1590//1039 4211//1772
f 2261//1514 691//491 1680//490
f 1681//3250 2053//3251 691//491
f 4268//3252 4533//3253 3619//3254
f 3318//1356 2035//2131 2037//3255
f 849//1619 852//3256 850//3257
f 4212//3258 2408//1629 1013//3259
f 751//3260 752//518 1318//17
f 998//561 4214//3177 997//1994
f 2681//3261 3397//2415 2482//3262
f 4218//942 2781//3263 650//2897
f 4218//942 4219//2137 2781//3263
f 1791//2382 2192//1461 1381//3264
f 1641//1073 4221//3265 2081//1392
f 3532//3266 154//1698 2598//354
f 3827//2927 2515//1719 3896//3267
f 3302//2645 4202//3268 4203//2353
f 2168//1430 2173//3269 4222//3270
f 2168//1430 2172//1437 2173//3269
f 4222//3270 720//1431 2168//1430
f 2166//3271 4222//3270 4223//1435
f 2615//512 586//388 4808//390
f 1431//2508 3459//613 3768//3272
f 1962//3273 1764//1154 3252//3274
f 2619//1799 1689//2320 412//3275
f 2648//3276 146//1140 147//1142
f 8//9 4793//8 1781//1165
f 4227//3277 4228//2094 3207//1314
f 741//3124 1105//3278 195//1696
f 4232//3279 4233//152 3103//2183
f 968//798 1952//2798 1319//2716
f 968//798 1392//797 1952//2798
f 4235//3280 4236//3281 25//3282
f 4234//3283 4236//3281 4235//3280
f 764//3284 2328//1692 2329//1691
f 4928//2460 2003//3285 2801//3286
f 2352//1582 4238//3287 4239//2174
f 4242//3288 4241//3289 2289//3290
f 4245//3291 4241//3289 4242//3288
f 2013//1335 1358//1034 1109//1337
f 943//3292 3678//186 874//188
f 3919//3293 496//3294 3755//3295
f 2705//3296 4493//1870 4248//3297
f 3369//2629 2072//3298 4253//2110
f 4951//3299 3325//1507 1630//1066
f 3003//1409 1540//1408 599//440
f 1261//3300 2442//1661 2445//1664
f 3264//3301 3263//3302 3853//3040
f 3669//3303 3413//3304 3228//3305
f 385//288 4258//2329 4257//2330
f 1500//1094 1691//1098 2405//2381
f 2395//3306 98//2077 4779//2076
f 2543//1748 1416//1043 2544//1750
f 4192//3307 4262//3308 4985//3309
f 435//174 667//3310 1271//2399
f 4263//3311 2895//3312 4360//3313
f 671//3314 1781//1165 4266//1164
f 1957//1806 2627//1805 4343//3315
f 3024//3316 2149//2905 2654//2907
f 4299//806 1226//805 3644//2168
f 3117//2424 2650//1820 1988//3317
f 4961//3318 2005//2265 1090//2842
f 3691//2823 1743//2163 3089//2162
f 1954//3319 753//517 750//516
f 4272//3320 2921//3321 1300//3322
f 4274//3323 4272//3320 4277//3324
f 3066//2150 3166//3325 3912//11
f 957//1972 529//3326 3174//1545
f 3573//2610 4129//3141 4131//2611
f 3725//1584 2016//533 1361//1459
f 1679//1084 2731//1199 3342//3327
f 4280//3328 4281//1197 2731//1199
f 3411//3329 3550//2935 2231//1770
f 1910//2239 274//3330 1573//3331
f 42//46 3610//4 5//6
f 4899//1899 4283//3332 3757//3333
f 1875//105 850//3257 852//3256
f 4517//3334 1794//1706 4284//3335
f 4285//3336 3396//743 1125//745
f 2006//1330 799//1329 1721//1367
f 633//3337 768//2924 1580//1030
f 659//3338 1413//2520 3141//2209
f 659//3338 4291//3339 1413//2520
f 3114//3340 509//1786 1364//3341
f 1544//3050 1543//2782 2477//3342
f 1636//1071 151//769 3437//3343
f 3930//2933 390//290 387//289
f 1843//1215 1612//1217 3974//3000
f 153//3344 4886//3345 1842//3346
f 1156//2890 4294//3347 3466//2276
f 1647//1077 1740//1544 489//540
f 1647//1077 3982//904 1740//1544
f 1455//3348 689//3349 688//3350
f 3944//2949 2158//1422 3472//3351
f 765//523 364//2032 4812//3117
f 212//154 2506//2463 1061//3352
f 4939//2254 1670//3353 3672//2708
f 661//3354 660//3355 4299//806
f 232//728 4300//3356 768//2924
f 3438//2303 2354//84 103//83
f 4073//3098 1625//1060 4658//1062
f 3556//1505 3557//2590 4304//3357
f 2567//1764 4//3358 2875//3359
f 4305//3360 3569//3361 3499//1082
f 41//2621 4306//2108 3248//3362
f 241//92 1407//903 237//172
f 241//92 2881//91 1407//903
f 390//290 3730//3363 4308//3364
f 1070//3365 3646//3366 4246//3367
f 1069//3113 4088//3112 3646//3366
f 2785//306 4309//3368 3319//3369
f 1695//1103 4310//3370 2625//3371
f 396//1655 2436//3372 4163//3176
f 396//1655 4293//560 2436//3372
f 1700//3145 1653//3373 646//3374
f 1106//739 2751//2238 2345//737
f 896//1490 4023//3375 4024//3376
f 424//3377 660//3355 661//3354
f 2041//3249 4211//1772 726//3378
f 2117//3379 598//1924 1027//3380
f 3160//2240 1910//2239 1573//3331
f 2634//1811 1922//3381 1923//1220
f 719//1429 4456//3382 3381//3383
f 3347//3384 3870//3385 4027//3386
f 2429//3387 381//864 4205//3388
f 1008//791 1009//681 3906//789
f 1747//277 714//876 4151//278
f 80//2722 891//594 383//286
f 80//2722 4020//595 891//594
f 3205//3389 3555//1502 3605//2643
f 3111//3390 3771//1625 1595//2805
f 1414//3391 1887//1255 579//957
f 3209//1519 3537//3392 892//2332
f 3937//2940 4423//2944 4326//416
f 3120//3393 1853//1231 1854//1234
f 3120//3393 1694//1232 1853//1231
f 510//1895 4130//3394 4132//3395
f 4673//3396 4894//2378 4895//3397
f 4329//3398 4330//3399 4328//3400
f 4331//3401 2411//2672 1347//2090
f 2251//1509 920//1177 1793//1176
f 923//3019 4968//3402 3149//3403
f 4575//3236 2841//1964 4335//3404
f 213//155 2056//3405 4336//3406
f 213//155 2057//1004 2056//3405
f 2758//3407 4374//3408 4680//3409
f 3812//2828 3299//2351 3135//3410
f 4339//2663 3544//2579 4771//3411
f 3813//2831 4691//2830 1950//1303
f 514//374 4411//3412 3907//3413
f 1934//2345 3080//683 293//685
f 3139//3414 4042//3058 1094//3415
f 3139//3414 4342//734 2087//3416
f 2496//3417 4752//3418 2669//3419
f 2381//1611 3021//3420 4187//3421
f 2381//1611 352//1610 3021//3420
f 4344//1928 2114//3422 3184//3160
f 1907//1267 143//253 797//1424
f 951//19 498//2576 23//20
f 1105//3278 4438//2679 4195//1297
f 3505//1744 1380//1743 4930//3084
f 848//3423 473//332 1242//2216
f 1756//3424 2689//3425 1759//3426
f 679//476 124//3427 84//64
f 679//476 1130//751 680//477
f 4026//3428 3289//3429 3538//3430
f 33//30 4037//3056 3838//3431
f 1882//588 878//2013 262//194
f 2120//1398 2083//1381 2570//1475
f 705//503 707//328 3754//2758
f 4350//3432 4351//3433 3341//3434
f 4350//3432 4437//621 436//620
f 566//605 907//607 2745//1417
f 3042//2128 2450//3435 260//3436
f 1961//3437 521//1451 2900//3438
f 1232//26 1725//1129 1095//732
f 130//1037 3025//1036 508//369
f 2630//3439 4314//3440 1028//615
f 4342//734 1094//3415 31//27
f 4342//734 3139//3414 1094//3415
f 4226//3441 4353//1521 2274//2511
f 3241//95 4145//3153 4355//3442
f 3266//3443 737//3444 4356//3445
f 4060//3446 3816//2836 4061//2835
f 1204//795 1205//796 391//2100
f 1683//1085 652//2314 1423//3447
f 4015//3448 4360//3313 4695//3449
f 1216//803 3913//2614 4028//2616
f 2221//1476 2222//1478 430//47
f 4502//3062 838//1405 331//3450
f 2951//2599 225//168 1234//167
f 1727//1472 3382//2293 2204//1471
f 4620//2452 507//368 4876//3451
f 255//2088 507//368 254//2089
f 823//459 2714//3452 824//3453
f 4665//3 2397//3454 522//376
f 3719//3455 962//3456 1127//744
f 2679//3457 2026//3458 3855//3459
f 1719//988 501//362 1523//361
f 792//3460 1675//3461 168//115
f 1660//1651 201//146 1661//145
f 2154//1419 2153//1418 3236//3462
f 2494//2311 529//3326 957//1972
f 2518//2006 4121//3463 4369//71
f 2065//3464 2036//1355 2067//3465
f 3153//3466 432//3467 2661//3468
f 947//633 558//3469 559//2534
f 3017//2101 981//1636 4048//1635
f 3017//2101 2743//3470 981//1636
f 128//2490 1637//3471 757//948
f 931//614 2867//2509 2866//2822
f 658//2172 1892//1443 4375//2339
f 3479//2530 3478//2529 2045//1358
f 4379//3472 3621//3473 4380//3474
f 4381//3475 4316//1624 4466//3476
f 4381//3475 4317//3477 4316//1624
f 4383//3478 4385//3479 4384//3480
f 4389//3481 4733//3482 4388//3483
f 2128//3484 4733//3482 4389//3481
f 1203//2853 1400//3485 1598//3486
f 1203//2853 890//3487 1400//3485
f 2375//3488 2890//3489 2374//3490
f 915//3491 914//1243 1728//1896
f 3740//3492 4393//1798 4920//3493
f 4394//3494 3740//3492 3350//3495
f 2601//2244 454//2884 1487//870
f 2601//2244 455//3496 454//2884
f 4395//2861 3838//3431 4396//2862
f 32//28 3838//3431 4395//2861
f 1502//3497 2364//3498 2294//3499
f 886//2126 2141//3500 888//590
f 886//2126 371//3501 2141//3500
f 2526//3502 4179//3218 4602//3219
f 4401//941 2973//3503 1583//3060
f 4081//3504 4080//3110 2004//54
f 4990//3505 4404//3506 2061//3507
f 4990//3505 2825//3508 4404//3506
f 4990//3505 4405//3509 2825//3508
f 2490//2270 2491//2245 3333//3510
f 2490//2270 2489//1712 2491//2245
f 798//3511 4406//2759 4185//3512
f 1287//3513 476//334 4190//3227
f 1218//3514 978//655 2347//654
f 3379//2872 2259//1968 2844//1970
f 3246//3515 2315//3516 3245//3517
f 778//534 2315//3516 4714//3518
f 2738//1883 4411//3412 4071//2965
f 2738//1883 4412//1882 4411//3412
f 4413//3519 924//3520 3358//3521
f 738//337 1796//3522 2916//335
f 57//3523 239//1106 240//3524
f 4422//1860 4033//1862 4371//1863
f 1557//1532 2286//3525 2569//3526
f 2279//3006 2059//1711 2058//1986
f 621//452 2181//2195 622//453
f 2988//1734 2475//2222 860//2561
f 2765//1375 2764//1898 2078//1370
f 1646//1076 1463//953 2545//178
f 2568//2692 2289//3290 4244//3527
f 2288//1533 4244//3527 2706//1531
f 858//581 2960//2068 3084//3528
f 1665//1031 1580//1030 1516//704
f 3436//1840 2106//3529 4756//3530
f 1933//1666 2655//1830 4910//3531
f 3391//2593 4177//247 4426//3532
f 3391//2593 4427//2779 4177//247
f 4005//2391 2985//3533 2229//3534
f 3363//3535 3364//3536 2985//3533
f 223//1740 1948//3119 2537//3537
f 4430//1627 1672//1035 2406//2769
f 35//35 4432//3538 3891//3539
f 2997//3540 86//3541 2998//3542
f 2997//3540 2899//3543 3193//821
f 3180//3544 2005//2265 1091//3545
f 720//1431 4434//3546 2157//1421
f 4435//2472 4071//2965 4411//3412
f 3598//3547 4436//2494 3599//3548
f 4259//3549 4681//2495 4436//2494
f 2493//1714 2602//3550 458//834
f 452//312 1018//674 166//772
f 3159//2237 2344//1570 375//1291
f 3446//2633 3444//2489 3600//2634
f 3317//2366 366//2499 365//2364
f 1757//3551 1266//3198 1449//1396
f 4439//3552 4440//2880 1441//3553
f 3259//2310 335//470 2191//1456
f 1222//2122 2653//1826 1220//3554
f 2403//860 755//1079 1652//326
f 4666//2462 1941//2348 1944//3125
f 1969//812 1234//167 3804//212
f 3843//1132 510//1895 3969//2327
f 4445//3555 4448//3556 4442//3557
f 4442//3557 3255//3558 4447//3559
f 4446//3560 4447//3559 3255//3558
f 4446//3560 4448//3556 4447//3559
f 726//3378 1466//1548 3343//3561
f 1175//778 1176//3562 708//1143
f 1175//778 3918//2920 1176//3562
f 3492//3563 2053//3251 2737//3564
f 1061//3352 3023//2107 4332//2109
f 4411//3412 809//42 4435//2472
f 4084//1491 4086//894 4085//3565
f 2827//1792 4404//3506 2825//3508
f 328//241 2715//1874 4152//1876
f 231//342 233//664 482//340
f 3692//659 4772//2284 4201//657
f 2415//1193 2414//1248 4452//1194
f 4981//3566 1302//1823 2452//3567
f 4410//3568 4309//3368 2785//306
f 4194//3569 1850//3570 2269//3571
f 4455//2585 2511//3572 4558//3573
f 387//289 2031//1354 3930//2933
f 387//289 261//193 2031//1354
f 2275//1523 321//725 1091//3545
f 732//3574 2690//2289 1420//3575
f 2899//3543 1444//819 3193//821
f 4426//3532 2398//3576 3391//2593
f 3062//859 976//861 199//141
f 2957//2851 3372//3577 4521//1089
f 4846//3578 3328//3579 1968//3580
f 1016//671 1338//3581 1017//672
f 1016//671 2732//3582 1338//3581
f 3231//7 3230//2291 3826//2847
f 4006//3021 1646//1076 1645//1075
f 2756//3583 52//1183 2755//1890
f 4463//3584 4911//2057 4372//2059
f 4463//3584 4464//1363 4911//2057
f 4466//3476 4316//1624 1053//738
f 3340//3585 4168//3586 2808//1936
f 4469//2376 3892//3587 4470//3588
f 4469//2376 35//35 3892//3587
f 182//790 3906//789 1954//3319
f 419//2730 1141//1955 4709//3589
f 3693//3590 3166//3325 4866//3591
f 4984//3592 2484//1705 1211//993
f 2873//2004 3451//3593 3450//3594
f 4477//1747 3641//1746 2635//1813
f 2540//2546 4126//3595 3383//3596
f 2052//110 1679//1084 4301//111
f 660//3355 3952//807 4299//806
f 3005//2350 2922//2349 725//3597
f 2450//3435 1861//1235 3077//3598
f 3360//3599 521//1451 3361//1453
f 1590//1039 219//162 1262//1771
f 159//3600 2943//2982 1150//2404
f 3909//3195 2407//1628 518//3601
f 1326//1118 4093//3602 276//3603
f 1504//3604 370//1527 1459//2650
f 4829//3605 4655//3606 2075//1808
f 415//3132 2918//149 2917//2034
f 413//3607 1603//1046 4265//3608
f 2359//75 304//1588 3158//1590
f 1148//1751 4484//2468 246//179
f 2390//3609 4630//3610 2389//1573
f 4647//3611 1089//2302 3836//3612
f 1306//2969 3022//3613 3995//3614
f 2068//2054 712//510 1464//262
f 2068//2054 359//263 712//510
f 4486//3615 546//3616 547//969
f 553//3617 552//195 262//194
f 477//3618 3835//2937 4487//2346
f 762//3619 4478//2808 3292//2807
f 3616//2657 3615//1173 2860//3620
f 4321//3621 2409//1631 451//3622
f 4321//3621 418//1632 2409//1631
f 1365//2604 4489//1708 2485//2602
f 1629//2372 4491//2371 2702//1866
f 3320//1146 4491//2371 1629//2372
f 92//285 2573//284 3054//2141
f 1120//2175 1119//3623 1157//3624
f 3341//3434 4495//3625 4350//3432
f 1084//3626 1677//2720 1086//2892
f 1434//921 3442//3627 425//3628
f 2055//695 1057//694 225//168
f 4460//3629 1229//3630 2//3188
f 3421//2454 3422//2455 2796//1918
f 1443//2352 1774//3631 4499//2967
f 1443//2352 3299//2351 1251//2370
f 3030//3059 3914//3632 397//25
f 229//3163 366//2499 3317//2366
f 3516//2548 4208//2951 4065//2549
f 369//3633 3//3634 898//2119
f 1173//59 533//3635 7//3636
f 4327//3637 2170//2380 2171//1436
f 807//557 3715//2740 3161//1993
f 4438//2679 4505//1295 4195//1297
f 4835//3638 1080//1385 4651//1296
f 1551//3639 3682//3640 4839//3641
f 3489//3642 1406//902 2208//3643
f 3043//2127 2282//2129 3191//3644
f 4509//3645 3162//939 1075//938
f 1454//297 1235//1879 2581//811
f 3380//2871 3295//3646 3298//2067
f 540//395 1112//3647 3183//2742
f 4784//1801 2620//1800 4362//1091
f 3497//2533 2221//1476 2281//1529
f 2224//1481 4512//1477 3497//2533
f 1971//32 4513//2651 4514//33
f 3293//2343 4139//787 3751//3648
f 4515//1616 1399//2407 3449//3649
f 1051//3650 4056//3082 75//2308
f 1622//1058 4291//3339 1623//1059
f 4516//898 2768//3651 782//3652
f 5000//946 2238//1494 3934//3653
f 4259//3549 4436//2494 3598//3547
f 565//1052 3098//2179 985//2178
f 1922//3381 116//968 945//1218
f 1922//3381 2696//3654 116//968
f 2087//3416 3633//3655 759//519
f 3533//2562 2329//1691 3535//1690
f 2241//731 232//728 3917//727
f 363//272 1285//271 2206//2098
f 132//1645 4216//3244 133//758
f 3417//3656 2895//3312 1847//2206
f 3082//3657 2378//974 2377//1607
f 3847//3658 4364//3659 4768//3660
f 1478//3661 3340//3585 2808//1936
f 4523//2427 834//2105 1192//3190
f 4102//3662 3100//3663 4101//3123
f 3933//2936 3932//1997 2863//1996
f 4526//3664 2156//3665 1058//3666
f 2153//1418 294//711 2155//2926
f 4107//3667 3954//3668 1800//2911
f 2128//3484 4692//3669 4429//3670
f 3850//3671 4528//3672 4662//3673
f 4528//3672 1856//3674 2877//3675
f 4528//3672 664//2473 1856//3674
f 2165//2355 2588//3676 1666//3677
f 2832//816 2080//1391 96//2727
f 2788//3678 4474//3679 3692//659
f 861//3232 53//2794 52//1183
f 170//117 941//625 168//115
f 4533//3253 1194//3680 3618//3681
f 2838//3682 780//537 3061//2841
f 530//382 3656//444 605//443
f 2690//2289 2011//1333 967//2194
f 1412//911 1622//1058 3095//2994
f 2197//138 280//209 2377//1607
f 1857//3683 4528//3672 2877//3675
f 1107//1032 2744//808 4567//3684
f 2428//3685 1737//1136 4753//1205
f 211//3686 3023//2107 370//1527
f 4190//3227 3656//444 1391//2535
f 4537//3687 2368//1602 221//1601
f 1296//3688 2661//3468 2662//3171
f 3671//3689 4877//3690 1554//3691
f 1690//3692 904//3693 424//3377
f 2914//3694 3155//2224 1946//923
f 4540//3001 2437//3695 4361//3696
f 3521//2551 1781//1165 4793//8
f 1481//965 3933//2936 4102//3662
f 139//100 3550//2935 3933//2936
f 574//421 572//3697 571//419
f 1206//3698 3312//2361 2441//3699
f 4071//2965 4791//3096 3014//2097
f 4071//2965 4435//2472 3850//3671
f 1453//3700 1454//297 743//299
f 448//1407 453//313 166//772
f 2364//3498 1844//1223 2295//2123
f 497//356 4545//1508 4763//357
f 1588//1620 2859//2083 1796//3522
f 1588//1620 851//3701 2859//2083
f 2890//3489 2375//3488 2889//3702
f 654//3017 2600//2315 784//880
f 654//3017 784//880 785//878
f 2644//2145 4204//3703 2645//2146
f 3310//2360 3076//2359 3311//3054
f 3803//3704 4450//1829 4548//3705
f 479//339 3440//338 1995//3706
f 4498//3707 2735//2912 2994//3708
f 95//80 1425//2656 3614//3709
f 2845//1969 2259//1968 701//496
f 1212//802 1809//3710 1077//950
f 1212//802 3033//801 1809//3710
f 1566//2235 2638//2993 855//2992
f 2638//2993 1350//229 28//863
f 2644//2145 2566//3711 518//3601
f 2644//2145 3857//3712 2566//3711
f 3923//3133 840//930 3752//932
f 2253//69 2541//1745 1903//3713
f 2353//1586 2253//69 1903//3713
f 3319//3369 2037//3255 2519//2829
f 3319//3369 3318//1356 2037//3255
f 882//1016 862//3714 881//3715
f 1559//2834 306//1010 3356//3716
f 2974//2292 2977//3717 1442//717
f 3050//2135 4532//343 3579//2136
f 3799//3718 1160//1657 826//1300
f 500//358 784//880 1311//1998
f 1987//1338 1225//881 784//880
f 4682//3719 3841//2539 3313//2538
f 3677//2710 1420//3575 2247//2285
f 1529//3720 1953//2962 862//3714
f 3717//3721 3716//2246 3715//2740
f 1148//1751 246//179 2545//178
f 3433//3722 3073//3723 3432//3724
f 3116//837 456//835 1298//600
f 3116//837 4552//836 456//835
f 720//1431 4222//3270 2166//3271
f 4223//1435 2168//1430 2166//3271
f 4434//3546 720//1431 2166//3271
f 922//1489 975//3725 4307//3726
f 664//2473 4001//3727 1856//3674
f 664//2473 38//41 4001//3727
f 644//3728 3227//3729 1530//998
f 2598//354 154//1698 1188//1484
f 2955//3187 2189//2170 2//3188
f 2955//3187 2553//2781 2189//2170
f 962//3456 1550//3730 3992//2783
f 4070//3164 4483//3731 4154//3166
f 3232//2294 309//3732 2248//2893
f 3481//38 3482//3238 4535//3733
f 4750//2323 4394//3494 4926//2322
f 2886//15 2398//3576 22//13
f 706//311 4847//3734 76//3735
f 3156//2226 695//2714 731//2227
f 1563//3736 4365//3737 1564//1013
f 4565//3738 4335//3404 2841//1964
f 2023//2421 2839//1963 4703//3739
f 2999//3740 2803//3741 2805//1973
f 85//65 4568//3742 1186//66
f 4570//3743 4249//3744 4250//3745
f 4249//3744 4493//1870 4494//3746
f 4574//113 4030//3046 550//114
f 2842//1965 2841//1964 4575//3236
f 1555//1005 3638//3747 1558//3079
f 1555//1005 4251//1869 3638//3747
f 3262//3748 4576//3749 1233//3750
f 3217//2281 3818//536 3468//2480
f 794//2464 214//156 4336//3406
f 1998//3751 1997//2704 2071//635
f 2557//3752 2556//724 1088//726
f 4580//3753 60//56 1011//3754
f 4946//3755 1302//1823 3425//3756
f 4485//3757 4733//3482 1832//3758
f 3002//2091 863//687 1348//2092
f 4565//3738 1958//3217 4889//3759
f 3187//2938 3185//2917 4428//3760
f 3187//2938 3186//3761 3185//2917
f 1280//713 2643//949 129//3762
f 541//397 2640//3763 548//398
f 154//1698 1189//1697 1188//1484
f 917//612 1779//1158 3946//1569
f 4388//3483 2125//3764 2777//3765
f 4388//3483 4387//3766 2125//3764
f 310//406 3306//405 2050//3767
f 4803//3768 443//2148 56//3769
f 4591//3770 1524//3771 2504//990
f 975//3725 2874//3191 1524//3771
f 1110//3772 875//3773 876//3774
f 2286//3525 2287//1007 1554//3691
f 1002//3775 188//132 1000//3776
f 4597//3777 3213//305 4598//3778
f 1147//1752 2545//178 523//377
f 3674//3779 800//2988 3538//3430
f 3980//2910 3955//2909 1655//3780
f 1399//2407 4515//1616 3988//1615
f 3849//2324 3281//2326 2226//3781
f 2584//2012 3873//2011 819//2855
f 691//491 3349//2934 692//492
f 4329//3398 1335//3782 4330//3399
f 4608//3783 1037//688 4606//3784
f 3526//3785 2760//3786 3059//3787
f 1598//3486 1400//3485 3612//2653
f 4629//3788 3544//2579 3626//3789
f 1407//903 3416//2442 3152//2441
f 430//47 2281//1529 2221//1476
f 4612//2932 4007//3790 3897//2014
f 4614//1946 4615//3791 3255//3558
f 2703//3792 3375//2132 227//171
f 4068//3247 2725//507 2346//1881
f 4068//3247 3815//3793 2725//507
f 3834//2960 4841//3794 4617//3795
f 1791//2382 3085//995 1521//997
f 4620//2452 62//983 4619//3093
f 1952//2798 1392//797 118//650
f 4503//3796 4278//2986 4621//3185
f 1063//571 2426//147 1062//3797
f 3734//961 463//456 4292//964
f 1161//3798 1210//994 2391//2723
f 4623//3799 2577//3800 2578//3801
f 1501//3802 1503//1927 1720//1926
f 744//556 4626//736 3717//3721
f 4344//1928 1502//3497 2294//3499
f 1929//3142 2267//1753 415//3132
f 1929//3142 415//3132 2787//1908
f 4627//3803 2691//1995 4266//1164
f 3278//3804 3279//3805 3277//2321
f 4306//2108 2580//1773 3248//3362
f 4621//3185 1179//781 1178//780
f 3733//3806 2558//3807 1088//726
f 4135//2479 4629//3788 3431//2477
f 1642//3808 1638//1104 3409//2434
f 1642//3808 1639//1102 1638//1104
f 3499//1082 3500//3809 1482//1080
f 4476//3810 2208//3643 2423//3811
f 2284//2642 3206//3812 3605//2643
f 866//583 1111//1492 1308//2556
f 4617//3795 4016//2958 3834//2960
f 2606//3813 3140//3814 760//3815
f 3009//2970 4878//3816 2237//2971
f 853//3817 1752//3818 2585//3819
f 853//3817 771//202 1752//3818
f 1924//1283 4116//3820 1574//3821
f 4273//2065 4274//3323 4276//3822
f 2280//1530 42//46 5//6
f 3058//742 4392//741 4391//2891
f 2262//1516 2054//3823 1681//3250
f 4635//239 1669//1922 1871//1693
f 27//3033 1973//3824 504//365
f 2031//1354 3643//3825 2032//1352
f 3367//2850 3918//2920 1174//777
f 1315//2685 2027//2505 450//2504
f 4263//3311 4360//3313 4361//3696
f 4639//1727 4206//3826 2419//1644
f 3827//2927 68//2814 352//1610
f 3827//2927 4041//3827 68//2814
f 2913//2771 1945//3828 2914//3694
f 2665//3829 3518//3830 1945//3828
f 1023//684 2976//3831 2975//3832
f 4437//621 2395//3306 4844//3833
f 2784//3834 375//1291 2344//1570
f 516//2064 1794//1706 983//2948
f 4072//3121 1949//1302 4603//3835
f 869//3836 1224//3837 4640//814
f 3280//2325 64//640 3554//3838
f 2826//1950 4508//1952 2828//1951
f 3352//2664 105//1810 2785//306
f 1059//3839 1005//3080 682//478
f 1514//1689 2483//1688 3683//981
f 4164//3180 2953//181 670//3181
f 4846//3578 3504//3840 2992//3841
f 1349//3842 2314//281 843//280
f 495//2419 2940//2418 2008//788
f 3801//2820 3770//3843 4642//3844
f 1847//2206 4643//2073 4927//2207
f 1847//2206 2895//3312 4643//2073
f 3531//3845 155//3114 3532//3266
f 126//316 2753//3846 4374//3408
f 126//316 2759//1891 2754//3220
f 1688//307 2199//2796 3165//2252
f 2476//3847 706//311 446//310
f 480//1901 4645//3848 3365//673
f 101//3849 2282//2129 3042//2128
f 919//3850 325//3851 4647//3611
f 2551//3241 2884//3240 3286//709
f 276//3603 1703//1119 1326//1118
f 3927//3852 1335//3782 4329//3398
f 921//1558 761//3853 2322//232
f 3013//3854 582//2700 3660//2699
f 2649//3855 1835//238 1369//1202
f 4198//3856 2729//3857 1678//1083
f 1200//792 3301//2612 3572//3858
f 2466//3859 2513//947 4986//3860
f 128//2490 4082//2491 4436//2494
f 3822//3861 1872//3862 3823//3863
f 532//384 4290//3030 4038//3057
f 636//466 1764//1154 1763//1153
f 4426//3532 4777//3864 2398//3576
f 3843//1132 3969//2327 4002//793
f 344//3068 345//1463 3978//256
f 1828//2117 4652//3194 4678//3865
f 640//3866 3210//3867 2208//3643
f 3584//2918 3588//3868 4653//2989
f 4653//2989 3583//3869 3607//2990
f 3112//2187 677//3870 4654//3871
f 3298//2067 1268//1327 3380//2871
f 861//3232 52//1183 1143//3872
f 3739//3873 1554//3691 4656//1006
f 2680//1848 3418//2447 3419//2446
f 1873//1241 1002//3775 1001//3874
f 4657//3875 4962//3876 1246//817
f 4657//3875 238//3877 4962//3876
f 584//1257 585//1256 2673//495
f 4660//175 1993//176 242//3878
f 4379//3472 4661//3879 4386//3880
f 3961//1695 950//638 949//637
f 3228//3305 3413//3304 417//928
f 4172//3200 733//1273 732//3574
f 2324//333 303//1279 302//330
f 3060//353 4544//352 3503//3881
f 316//2342 3524//3882 3293//2343
f 3463//3883 4354//3884 4226//3441
f 533//3635 1173//59 433//58
f 1809//3710 3032//3885 130//1037
f 580//958 579//957 1886//1254
f 3970//782 3673//2987 4357//3886
f 3629//2666 1854//1234 1536//1233
f 3629//2666 623//454 1854//1234
f 4671//3887 3456//2913 2735//2912
f 1189//1697 195//1696 4252//689
f 3784//3888 2497//3889 4897//3890
f 4064//2116 2257//2866 3630//2668
f 3655//2053 446//310 4200//2051
f 2934//375 2933//1 4665//3
f 2451//3039 2452//3567 1818//1187
f 143//253 144//3891 337//251
f 2708//2786 1848//3010 4797//1226
f 2389//1573 1243//2433 3027//1101
f 2418//1642 4006//3021 1645//1075
f 2418//1642 3055//1641 4006//3021
f 1225//881 261//193 785//878
f 2451//3039 2991//3892 3658//3893
f 4675//3894 1561//1015 4856//1011
f 3384//3895 161//2466 1148//1751
f 4676//1824 1448//940 4377//1825
f 4378//3896 4377//1825 3963//3897
f 2896//1317 4643//2073 4644//3898
f 76//3735 4847//3734 1730//1134
f 1051//3650 1710//3899 1709//3900
f 1511//3196 518//3601 2566//3711
f 4680//3409 4681//2495 50//472
f 125//89 2276//1525 325//3851
f 1233//3750 4576//3749 4843//3901
f 883//1093 4859//3902 4828//3903
f 2402//3904 313//865 315//222
f 4382//3905 3219//3906 1964//3907
f 2454//1844 2453//3908 2665//3829
f 2576//3909 4551//3910 4813//3911
f 2410//2682 1228//810 2070//1906
f 3552//3912 3652//433 2046//435
f 4687//2997 1782//1167 643//1001
f 3296//3913 4182//3914 4181//3915
f 4688//1929 3755//3295 85//65
f 2923//2386 3346//2385 2767//2211
f 122//3916 1133//3917 2940//2418
f 2629//3918 2075//1808 2630//3439
f 3871//3919 2620//1800 3454//2085
f 3871//3919 4362//1091 2620//1800
f 2334//1562 3986//3920 2332//1563
f 3957//1485 2698//1486 3986//3920
f 3957//1485 2334//1562 373//2975
f 4526//3664 2153//1418 2155//2926
f 3391//2593 3559//2592 3390//3921
f 3550//2935 3412//296 3932//1997
f 2778//3922 3168//3029 1610//1049
f 1432//618 3915//617 406//2219
f 4400//3923 2816//1944 1265//2589
f 334//250 1701//249 2360//1592
f 4691//2830 2780//2832 1257//1357
f 1322//1149 1199//1148 1198//3154
f 1471//3924 3347//3384 4027//3386
f 467//1738 4185//3512 4406//2759
f 2022//3925 586//388 2341//3926
f 3642//3927 4822//3015 4692//3669
f 1287//3513 926//3928 607//3929
f 2292//986 4799//2868 377//3930
f 2292//986 895//599 4799//2868
f 171//2340 1213//1373 1859//2341
f 2661//3468 1296//3688 3153//3466
f 2982//3235 4419//3931 4158//1198
f 4161//3932 1570//1053 565//1052
f 4596//2497 3475//3933 3476//2527
f 3077//3598 266//1543 2303//1542
f 3077//3598 3078//1237 266//1543
f 3778//3934 2532//1340 355//1736
f 4036//3055 3838//3431 4037//3056
f 2692//3935 2246//1503 3556//1505
f 2134//2780 3390//3921 2162//3936
f 2130//3937 1318//17 4923//371
f 2130//3937 2044//842 1318//17
f 410//295 4699//1567 671//3314
f 101//3849 4978//223 3788//2809
f 101//3849 2612//1789 4978//223
f 4700//1272 449//1271 3179//2263
f 1291//833 1833//1259 1895//1258
f 3791//3938 374//3939 2941//2929
f 2961//426 2522//387 583//386
f 4263//3311 4264//3940 2895//3312
f 4701//3146 460//3941 2969//324
f 178//461 179//868 2472//3942
f 1975//2046 918//1308 1464//262
f 3859//3943 2820//3944 3950//2963
f 3965//431 4740//2984 4543//3945
f 4543//3945 3182//3946 724//3947
f 4258//2329 259//1774 211//3686
f 1396//1212 1135//2422 1394//1213
f 1077//950 602//439 805//951
f 257//1623 1174//777 2919//779
f 1001//3874 1000//3776 2948//885
f 4709//3589 1141//1955 3500//3809
f 168//115 940//624 1056//2197
f 4566//3948 4501//3949 4104//3950
f 3964//3951 4543//3945 4740//2984
f 2678//2279 1427//3952 324//233
f 730//2600 3124//2225 2142//2228
f 2085//2166 624//3953 1931//3954
f 1753//1210 3684//937 613//2712
f 1322//1149 2457//844 4175//843
f 1322//1149 182//790 2457//844
f 21//2055 1464//262 918//1308
f 4178//3955 3176//1867 4179//3218
f 549//3956 540//395 541//397
f 4747//68 4901//3957 3641//1746
f 3246//3515 3245//3517 778//534
f 3246//3515 778//534 4714//3518
f 762//3619 1518//2140 4478//2808
f 2161//1428 1517//3051 1518//2140
f 407//1680 3284//2923 3921//1678
f 1288//1280 303//1279 2323//2297
f 16//1092 4835//3638 4506//3958
f 4715//3959 4887//1831 4334//3960
f 2662//3171 4729//3961 4160//3172
f 640//3866 3837//1105 2582//3962
f 39//43 669//468 40//44
f 3047//112 2774//3052 4574//113
f 1889//1941 1890//3157 428//143
f 1982//1313 4294//3347 4392//741
f 577//3077 1891//3963 1558//3079
f 2474//3964 327//240 1593//1301
f 3811//2074 3134//3965 2972//3966
f 3812//2828 3135//3410 3134//3965
f 4721//2914 3456//2913 2733//3967
f 353//3968 4187//3421 3021//3420
f 69//3174 801//551 1472//1960
f 4007//3790 1048//3969 2046//435
f 1569//1019 122//3916 3150//3970
f 4503//3796 1178//780 1177//3971
f 3102//2182 3617//2180 3616//2657
f 3141//2209 3143//1803 1770//3061
f 3827//2927 352//1610 351//1609
f 4278//2986 2829//3972 3487//3973
f 4278//2986 4634//3974 112//2838
f 2047//1359 2049//1361 25//3282
f 927//2608 1214//2500 2550//2501
f 2204//1471 3711//506 24//21
f 2152//2925 1073//710 3949//2964
f 2238//1494 4558//3573 1899//1263
f 3309//1760 4913//3975 3431//2477
f 2250//2023 4755//2575 4215//3976
f 220//163 3098//2179 4270//1051
f 3540//165 1906//3977 3098//2179
f 2033//1550 176//2191 2034//2193
f 1758//1339 1757//3551 1756//3424
f 1454//297 1970//3978 1433//298
f 3532//3266 2598//354 3060//353
f 2647//3979 209//3980 210//2744
f 4961//3318 1091//3545 2005//2265
f 4526//3664 1058//3666 90//3981
f 2907//3982 2875//3359 94//78
f 1074//2075 1839//1209 409//3983
f 4644//3898 2437//3695 1988//3317
f 2041//3249 3356//3716 2042//2688
f 1229//3630 4731//3984 2//3188
f 2699//3985 3110//3986 2094//1856
f 876//3774 2551//3241 1110//3772
f 1668//2669 1272//1923 4229//2670
f 1668//2669 810//718 1272//1923
f 1246//817 2736//2817 3038//3987
f 2548//1246 1990//1321 1706//1755
f 3604//3988 2901//2024 2903//2026
f 3604//3988 2903//2026 4751//761
f 1636//1071 1477//963 464//3989
f 2198//1467 2088//1466 2086//3990
f 2088//1466 3633//3655 2086//3990
f 4886//3345 153//3344 4246//3367
f 1062//3797 2426//147 3237//574
f 2051//3991 4735//3230 3879//2618
f 1083//723 3790//3992 843//280
f 1083//723 3789//2810 3790//3992
f 4784//1801 3350//3495 3277//2321
f 843//280 381//864 1713//1125
f 4270//1051 3098//2179 565//1052
f 3895//1749 2460//1675 1686//1090
f 3895//1749 2543//1748 2460//1675
f 3074//3993 1025//1662 2930//3994
f 3817//2837 112//2838 1484//967
f 1660//1651 1658//122 183//121
f 1660//1651 3777//3995 1658//122
f 2261//1514 1681//3250 691//491
f 2178//430 2177//3996 4745//3997
f 4581//1180 2133//2607 2550//2501
f 2274//2511 4353//1521 2271//602
f 1671//1685 4618//1684 4259//3549
f 1671//1685 3598//3547 3599//3548
f 2878//3998 3836//3612 1089//2302
f 4110//1578 4746//3999 4237//1583
f 3696//4000 175//934 1011//3754
f 3377//4001 3961//1695 3376//2498
f 1528//2103 4699//1567 841//294
f 1377//4002 3998//4003 954//644
f 1683//1085 1684//1087 1424//511
f 2840//4004 2841//1964 2843//1966
f 3529//2558 3528//2956 1822//2955
f 970//651 827//1133 1729//652
f 4403//4005 2605//4006 2606//3813
f 1165//770 3022//3613 1306//2969
f 1689//2320 411//4007 412//3275
f 1585//2027 1107//1032 4567//3684
f 2154//1419 3236//3462 3235//4008
f 3282//2639 1207//463 631//462
f 1074//2075 409//3983 3812//2828
f 335//470 4471//254 336//1913
f 335//470 4101//3123 4471//254
f 2498//1716 2499//3209 3687//3208
f 3688//2008 2498//1716 4748//4009
f 3446//2633 4082//2491 3445//2492
f 496//3294 1422//4010 4568//3742
f 4034//479 682//478 1005//3080
f 3199//4011 1696//2476 3200//2475
f 556//759 133//758 1696//2476
f 2521//1498 644//3728 1530//998
f 3968//2876 3816//2836 4359//4012
f 1488//1350 1487//870 3636//4013
f 2259//1968 3056//2142 4527//457
f 4527//457 629//2298 2259//1968
f 3983//4014 571//419 3984//4015
f 4749//4016 3560//2594 3559//2592
f 3874//2894 1051//3650 1049//2895
f 4371//1863 4033//1862 4032//3047
f 2683//636 1490//4017 1191//2344
f 2683//636 1294//1517 1490//4017
f 544//1022 274//3330 4159//1023
f 3479//2530 4159//1023 274//3330
f 596//1757 2187//4018 256//191
f 597//1448 222//1450 2187//4018
f 3892//3587 1347//2090 4470//3588
f 3892//3587 1346//4019 1347//2090
f 1289//832 3420//2448 1193//2450
f 570//4020 1203//2853 1202//2852
f 570//4020 1202//2852 1151//1605
f 2988//1734 860//2561 859//4021
f 1523//361 2687//4022 2720//987
f 4171//4023 4045//2112 2327//2111
f 2222//1478 4512//1477 2443//1660
f 554//3013 1327//4024 2367//3014
f 2404//4025 755//1079 2403//860
f 2987//4026 4757//4027 2986//4028
f 2313//1551 1045//2037 3551//2931
f 2218//5 2217//1933 2802//1932
f 2865//4029 948//634 559//2534
f 2304//4030 3520//1166 353//3968
f 899//601 2309//2118 1572//4031
f 4987//4032 2269//3571 4792//4033
f 2218//5 3610//4 1460//1412
f 1964//3907 2582//3962 3833//4034
f 1507//4035 599//440 1509//4036
f 1507//4035 1509//4036 1508//4037
f 3119//4038 4669//4039 2937//4040
f 3119//4038 2937//4040 1797//1458
f 2131//423 2936//2606 2132//2605
f 2131//423 2694//422 2936//2606
f 4020//595 2597//1782 3985//4041
f 2251//1509 921//1558 920//1177
f 4545//1508 4685//355 4763//357
f 3646//3366 1040//2792 3645//4042
f 774//527 776//530 1349//3842
f 4202//3268 3302//2645 484//344
f 1691//1098 3991//4043 3893//1099
f 2651//4044 2973//3503 4401//941
f 2651//4044 2882//2408 2973//3503
f 1907//1267 144//3891 143//253
f 792//3460 2924//2040 1662//4045
f 4766//4046 3693//3590 4325//4047
f 4429//3670 3238//908 1410//4048
f 4105//4049 1522//4050 117//4051
f 3689//4052 2109//2584 2110//2583
f 1620//841 400//623 1299//838
f 4786//4053 2416//1638 4118//3128
f 1//1612 1343//246 2713//4054
f 1753//1210 1754//1192 4122//1191
f 4385//3479 2244//4055 1650//4056
f 2894//4057 1290//90 125//89
f 1290//90 1289//832 783//88
f 4772//2284 1971//32 3611//3134
f 4772//2284 4513//2651 1971//32
f 4011//4058 324//233 2322//232
f 3970//782 4357//3886 1177//3971
f 242//3878 360//1704 361//897
f 4090//1833 2657//1832 4481//4059
f 4252//689 1037//688 470//1117
f 3700//2726 3699//2728 4402//4060
f 8//9 671//3314 411//4007
f 2989//4061 3871//3919 3454//2085
f 1618//1457 3119//4038 1797//1458
f 4774//1982 4728//4062 2849//4063
f 4212//3258 4728//4062 2850//2566
f 4699//1567 410//295 841//294
f 3720//4064 3267//4065 3365//673
f 488//348 485//2864 790//1942
f 3697//703 385//288 3433//3722
f 76//3735 1730//1134 1241//4066
f 3512//2543 2934//375 562//2542
f 2087//3416 3140//3814 3139//3414
f 3588//3868 3607//2990 3583//3869
f 2799//2198 2800//4067 1623//1059
f 300//2676 1457//2299 301//2677
f 3917//727 3408//2431 642//1000
f 170//117 169//116 890//3487
f 1226//805 662//1382 1789//2167
f 1226//805 663//1380 662//1382
f 3462//4068 3464//2514 2273//2512
f 3220//2287 913//610 4039//4069
f 3399//4070 745//922 742//4071
f 4710//2430 3090//2824 3089//2162
f 1778//2921 2023//2421 3151//3136
f 1926//2577 638//4072 4279//639
f 1479//4073 871//3178 2301//4074
f 2375//3488 2374//3490 2373//4075
f 3983//4014 2375//3488 2373//4075
f 835//1847 489//540 2939//539
f 2379//1172 2380//2221 676//4076
f 933//1319 301//2677 3727//1465
f 3127//4077 2985//3533 4782//4078
f 2481//1687 2681//3261 2482//3262
f 4640//814 2390//3609 869//3836
f 3533//2562 2472//3942 2329//1691
f 1602//1047 3989//2266 534//1715
f 3705//4079 4783//4080 2686//4081
f 3705//4079 2613//1791 3707//2731
f 4623//3799 1961//3437 2900//3438
f 1736//1135 937//2587 939//4082
f 1738//1137 964//4083 937//2587
f 3967//4084 218//161 894//4085
f 2256//2540 1512//977 4945//4086
f 524//379 1938//2567 1939//1299
f 4118//3128 4119//3129 4786//4053
f 4506//3958 4835//3638 4651//1296
f 4806//2138 1583//3060 4043//4087
f 728//4088 3394//2411 3395//1849
f 1871//1693 1272//1923 2536//1694
f 1399//2407 206//3130 692//492
f 25//3282 3049//4089 3649//1653
f 25//3282 1281//2665 3049//4089
f 4787//4090 2796//1918 3422//2455
f 1248//4091 3823//3863 1377//4002
f 2812//4092 2125//3764 4287//4093
f 3551//2931 108//1145 3553//2695
f 606//4094 3438//2303 2323//2297
f 2656//4095 2657//1832 204//1834
f 4311//4096 1405//901 1404//900
f 923//3019 4005//2391 2229//3534
f 923//3019 2228//2392 4005//2391
f 2925//2038 2767//2211 1768//4097
f 757//948 756//4098 3635//4099
f 2803//3741 4031//4100 2846//4101
f 2555//3138 2210//1959 71//63
f 2555//3138 2209//3137 2210//1959
f 3850//3671 4791//3096 4071//2965
f 2419//1644 3450//3594 3451//3593
f 1129//2358 3453//747 3460//1116
f 3769//1378 2079//1377 3735//2790
f 971//4102 1470//4103 445//309
f 971//4102 3304//4104 1470//4103
f 4312//4105 1627//1064 4708//1063
f 4097//4106 3822//3861 3823//3863
f 3334//2383 4094//4107 2807//4108
f 4081//3504 3424//2458 47//1298
f 1089//2302 4647//3611 1301//4109
f 2432//2883 3475//3933 4596//2497
f 4224//1348 2492//1347 2030//1351
f 4979//4110 293//685 4712//4111
f 3547//125 1589//1038 713//3203
f 1160//1657 1947//2709 697//3210
f 9//1008 2872//2003 90//3981
f 3669//3303 3228//3305 4320//1894
f 3160//2240 1573//3331 1173//59
f 2866//2822 1708//1122 2549//4112
f 872//184 3015//4113 3016//3026
f 1196//4114 1954//3319 750//516
f 1394//1213 4563//4115 250//1961
f 4932//4116 2502//2658 1524//3771
f 4796//4117 2502//2658 4932//4116
f 45//4118 1984//3212 1921//1281
f 180//120 2898//4119 2897//118
f 180//120 1336//4120 2898//4119
f 1881//427 588//429 3595//394
f 548//398 549//3956 541//397
f 2225//1483 3570//786 36//37
f 509//1786 3115//4121 4697//4122
f 1327//4024 2612//1789 101//3849
f 4045//2112 4921//4123 3593//2628
f 4045//2112 1745//2021 4921//4123
f 4152//1876 813//566 2649//3855
f 2671//2439 435//174 1270//2440
f 65//60 1573//3331 274//3330
f 3413//3304 1019//677 417//928
f 3539//414 4105//4049 117//4051
f 1502//3497 1503//1927 421//4124
f 4774//1982 4800//1981 4728//4062
f 4733//3482 4485//3757 4388//3483
f 3523//2553 2298//1540 4801//1539
f 2496//3417 2981//4125 536//4126
f 1224//3837 3339//1937 1223//815
f 2085//2166 4586//4127 3091//2164
f 1613//1216 1610//1049 1609//1048
f 183//121 3237//574 2424//1650
f 4150//1943 3926//3043 1850//3570
f 2058//1986 1486//1987 3256//4128
f 4043//4087 4955//4129 1940//4130
f 2175//1440 4845//762 2902//2025
f 2902//2025 4807//4131 2175//1440
f 3201//4132 512//372 4408//4133
f 4809//4134 3705//4079 2685//4135
f 68//2814 739//4136 740//4137
f 3274//2319 3350//3495 2516//2846
f 3015//4113 635//916 2362//1596
f 3400//4138 807//557 688//3350
f 1120//2175 1157//3624 4227//3277
f 4083//4139 2465//3111 3886//1681
f 1893//4140 4812//3117 4165//4141
f 1284//3118 4812//3117 1893//4140
f 2296//1277 631//462 630//460
f 1987//1338 784//880 500//358
f 756//4098 2279//3006 2058//1986
f 2969//324 1548//1907 4701//3146
f 2044//842 1257//1357 2780//2832
f 3296//3913 1331//850 4465//4142
f 4816//4143 4896//4144 4058//3085
f 3975//2999 1843//1215 3974//3000
f 727//2737 406//2219 4875//3147
f 218//161 217//160 894//4085
f 2719//1877 1235//1879 2611//4145
f 1807//2756 731//2227 2520//999
f 330//4146 2553//2781 4502//3062
f 1114//4147 1117//4148 1115//2230
f 547//969 545//403 1505//975
f 1354//4149 2834//4150 1522//4050
f 4093//3602 928//4151 276//3603
f 4093//3602 1667//1415 928//4151
f 3300//1040 1425//2656 1591//79
f 3315//1980 3841//2539 4682//3719
f 3315//1980 3059//3787 3841//2539
f 2731//1199 4419//3931 2233//3234
f 4689//4152 3509//2537 3841//2539
f 4133//3140 185//128 4132//3395
f 630//460 431//2839 178//461
f 2178//430 4744//2983 3965//431
f 4446//3560 4442//3557 4448//3556
f 4614//1946 3255//3558 4442//3557
f 4819//4153 4614//1946 4613//4154
f 3802//2819 2400//2188 2401//4155
f 2866//2822 3603//2079 1708//1122
f 4432//3538 1513//2560 4431//2559
f 2884//3240 1071//707 3286//709
f 1525//4156 3736//4157 830//991
f 284//4158 178//461 2472//3942
f 2586//4159 849//1619 2384//1618
f 4446//3560 3255//3558 2821//1948
f 3857//3712 3063//2144 3064//4160
f 3553//2695 3652//433 3552//3912
f 3544//2579 4340//1991 4771//3411
f 4080//3110 47//1298 48//52
f 65//60 544//1022 3154//2903
f 4062//3092 3260//2776 680//477
f 2073//1366 106//1365 2074//2749
f 3898//4161 2770//1902 1828//2117
f 1617//1055 1616//1054 1231//4162
f 463//456 2438//497 629//2298
f 2694//422 2695//2711 3660//2699
f 817//1200 323//231 324//233
f 1705//1245 1707//1121 3403//1320
f 2616//1790 2827//1792 2828//1951
f 244//164 438//4163 1315//2685
f 1788//4164 4667//4165 3167//604
f 41//2621 3580//2620 3829//49
f 4077//3103 3162//939 4099//3104
f 3351//4166 4013//4167 3407//1854
f 1404//900 3467//2522 3217//2281
f 1404//900 1452//2523 3467//2522
f 2216//1474 3341//3434 2570//1475
f 2791//1914 343//252 339//1114
f 1317//4168 1316//2015 4007//3790
f 2654//2907 4268//3252 3024//3316
f 323//231 817//1200 1631//1260
f 1562//1012 4213//2791 2595//3233
f 779//535 1452//2523 1404//900
f 1682//4169 3493//4170 3492//3563
f 2158//1422 2152//2925 3472//3351
f 3631//2867 2257//2866 2407//1628
f 3786//2030 2827//1792 2825//3508
f 1563//3736 296//4171 4564//4172
f 2734//4173 2733//3967 3456//2913
f 3961//1695 3962//2981 1294//1517
f 2285//2939 2901//2024 3604//3988
f 4141//3144 2621//1802 3279//3805
f 572//3697 454//2884 571//419
f 1448//940 1614//1518 3962//2981
f 4829//3605 3289//3429 4655//3606
f 4830//4174 4831//4175 4462//4176
f 1549//4177 4719//4178 4718//4179
f 4491//2371 3320//1146 708//1143
f 236//887 419//2730 1776//1700
f 4262//3308 4780//4180 3484//4181
f 1813//4182 3078//1237 1862//1236
f 3436//1840 4013//4167 4012//4183
f 336//1913 4471//254 340//255
f 985//2178 217//160 565//1052
f 3045//2502 2761//2362 158//4184
f 3045//2502 3314//2363 2761//2362
f 3821//2843 3173//4185 624//3953
f 67//22 30//24 2353//1586
f 2666//4186 429//4187 2444//1663
f 3577//2615 4367//4188 4028//2616
f 1662//4045 2924//2040 2926//2039
f 2932//691 1056//2197 942//2564
f 1425//2656 3613//2655 3614//3709
f 418//1632 4909//4189 4322//4190
f 169//116 1400//3485 890//3487
f 169//116 1675//3461 1400//3485
f 1175//778 108//1145 4834//2035
f 1943//1547 3679//4191 4666//2462
f 3297//4192 4465//4142 2161//1428
f 3297//4192 3296//3913 4465//4142
f 1155//2093 551//2095 1156//2890
f 3555//1502 4952//1501 590//2647
f 758//2086 3779//4193 2989//4061
f 1782//1167 4519//4194 643//1001
f 4352//2919 3584//2918 4653//2989
f 374//3939 2590//1777 373//2975
f 2508//418 2509//4195 3938//2941
f 3185//2917 2591//1780 2593//1779
f 4791//3096 3951//4196 663//1380
f 4067//2154 375//1291 376//2155
f 2098//4197 4835//3638 2183//4198
f 1412//911 4291//3339 1622//1058
f 3888//851 1953//2962 4799//2868
f 2286//3525 4593//2693 4444//4199
f 3182//3946 723//2928 724//3947
f 3103//2183 4233//152 1252//2367
f 2544//1750 1771//1156 2461//1155
f 1771//1156 1773//1045 2986//4028
f 1102//4200 3044//2042 1870//2130
f 4051//226 1354//4149 4105//4049
f 2803//3741 2999//3740 1007//4201
f 575//2019 4334//3960 576//1665
f 575//2019 3903//2703 4334//3960
f 2079//1377 2594//4202 3735//2790
f 1743//2163 3243//4203 3088//2161
f 1743//2163 3242//4204 3243//4203
f 1242//2216 2367//3014 848//3423
f 1242//2216 4822//3015 2367//3014
f 795//550 2186//4205 4773//4206
f 4491//2371 4852//4207 2702//1866
f 4491//2371 2701//1861 4852//4207
f 3623//4208 3507//4209 3506//2403
f 3624//4210 4098//4211 3507//4209
f 4122//1191 123//1211 1753//1210
f 613//2712 3251//4212 2150//3011
f 3162//939 4077//3103 3684//937
f 3994//2674 4373//4213 3993//4214
f 17//2630 18//2632 2280//1530
f 1787//1171 1163//106 2380//2221
f 4061//2835 3817//2837 1483//1647
f 2791//1914 2789//4215 340//255
f 2791//1914 341//1912 2795//1917
f 3400//4138 689//3349 742//4071
f 2876//4216 4155//283 1972//1887
f 4084//1491 896//1490 4024//3376
f 1104//1230 4407//4217 752//518
f 1358//1034 2013//1335 197//1334
f 4478//2808 1518//2140 3053//4218
f 3263//3302 1745//2021 3853//3040
f 4839//3641 4857//2555 4694//4219
f 1103//465 2562//1151 636//466
f 4927//2207 4643//2073 2193//1850
f 4374//3408 2757//1889 126//316
f 474//729 2742//2102 3017//2101
f 4841//3794 3036//2959 4842//4220
f 4843//3901 4617//3795 4841//3794
f 3281//2326 3280//2325 846//4221
f 3142//4222 2630//3439 2075//1808
f 4681//2495 4762//4223 51//473
f 5000//946 3635//4099 2029//869
f 1270//2440 435//174 1271//2399
f 2535//267 4040//1788 1869//4224
f 2535//267 2609//1454 4040//1788
f 2077//1181 1213//1373 2765//1375
f 2077//1181 4581//1180 1213//1373
f 256//191 2187//4018 222//1450
f 2019//197 2020//1343 3931//4225
f 1222//2122 2160//1423 2653//1826
f 32//28 2838//3682 3061//2841
f 1654//1081 1482//1080 3900//2915
f 502//363 1211//993 2484//1705
f 829//676 3414//4226 4321//3621
f 4846//3578 1817//1186 3328//3579
f 3012//2096 3683//981 1515//980
f 1424//511 1311//1998 2600//2315
f 727//2737 3394//2411 406//2219
f 1649//1078 791//4227 1042//142
f 1917//2444 3640//1427 4860//2680
f 1917//2444 867//1439 3640//1427
f 4639//1727 2419//1644 3451//3593
f 2944//2052 4200//2051 2824//757
f 3314//2363 1118//1323 1121//1315
f 2761//2362 4683//4228 3313//2538
f 3313//2538 4683//4228 4682//3719
f 2806//3086 1379//2453 177//4229
f 177//4229 555//1346 556//759
f 1676//2721 1084//3626 3133//4230
f 3678//186 1799//4231 2561//4232
f 604//442 747//4233 746//4234
f 211//3686 259//1774 3023//2107
f 709//504 3711//506 3368//2398
f 1790//2683 1761//735 2326//4235
f 4439//3552 2843//1966 310//406
f 2201//1468 98//2077 2203//1469
f 1058//3666 2338//4236 90//3981
f 2861//4237 2862//2887 3488//2173
f 48//52 1939//1299 3830//4238
f 2057//1004 4547//4239 4849//4240
f 2710//1873 4938//2787 2708//2786
f 2959//4241 2374//3490 2376//318
f 3376//2498 3961//1695 2433//2496
f 2406//2769 3033//801 1674//2770
f 3198//4242 2500//577 2501//4243
f 1434//921 2935//4244 745//922
f 4182//3914 2161//1428 1829//4245
f 4182//3914 3297//4192 2161//1428
f 4182//3914 3296//3913 3297//4192
f 3575//4246 3880//322 3881//2899
f 3880//322 3882//2900 3883//2898
f 1050//4247 1004//1304 1049//2895
f 969//2797 2845//1969 968//798
f 3449//3649 1443//2352 4515//1616
f 2998//3542 86//3541 3349//2934
f 3940//4248 3941//2945 3448//2947
f 3549//1395 1756//3424 1449//1396
f 3549//1395 2689//3425 1756//3424
f 1874//4249 55//3081 2633//4250
f 4355//3442 3261//4251 3241//95
f 3190//4252 2282//2129 101//3849
f 2307//2875 2039//4253 227//171
f 3273//4254 3437//3343 505//366
f 3273//4254 150//4255 3437//3343
f 1795//4256 850//3257 269//201
f 816//569 2111//1967 1897//1262
f 984//2177 3098//2179 1906//3977
f 3942//4257 3943//2952 3945//2950
f 1537//451 620//1673 621//452
f 270//203 771//202 853//3817
f 3050//2135 1940//4130 3171//4258
f 1187//1839 2660//1841 3147//4259
f 3008//4260 3007//4261 3995//3614
f 4272//3320 4273//2065 4276//3822
f 2566//3711 3064//4160 1364//3341
f 4409//4262 671//3314 4266//1164
f 1242//2216 1831//909 3238//908
f 3030//3059 3029//4263 3914//3632
f 1026//4264 430//47 2222//1478
f 451//3622 1018//674 829//676
f 4247//4265 1612//1217 4438//2679
f 4247//4265 153//3344 1612//1217
f 2555//3138 649//2190 1656//4266
f 4304//3357 4385//3479 1497//4267
f 903//1957 804//553 1472//1960
f 903//1957 802//552 804//553
f 1992//1322 3853//3040 4941//3041
f 4044//2410 2973//3503 2882//2408
f 2073//1366 2099//1369 3165//2252
f 1388//896 1997//2704 1389//631
f 1546//3182 1541//2784 966//1974
f 2264//1520 893//596 2263//597
f 1807//2756 789//4268 731//2227
f 884//4269 4460//3629 3860//2205
f 799//1329 106//1365 1721//1367
f 2922//2349 2921//3321 4272//3320
f 371//3501 887//1526 370//1527
f 441//933 1440//1159 439//4270
f 615//2181 1819//1190 616//1189
f 98//2077 4495//3625 2216//1474
f 2161//1428 4465//4142 4622//1426
f 564//412 1733//81 828//2050
f 4861//760 3235//4008 132//1645
f 3002//2091 4808//390 537//389
f 1983//1316 3744//4271 2848//1979
f 1983//1316 3207//1314 3744//4271
f 508//369 255//2088 1510//2331
f 508//369 507//368 255//2088
f 2144//1371 3156//2226 3124//2225
f 1455//3348 1453//3700 689//3349
f 392//2143 2105//1389 391//2100
f 3766//2785 2707//4272 2708//2786
f 2561//4232 1799//4231 1798//1633
f 1186//66 2642//549 1130//751
f 4467//4273 3615//1173 1195//1175
f 3523//2553 4726//4274 233//664
f 2832//816 3796//1580 3402//4275
f 2042//2688 77//4276 2041//3249
f 2042//2688 972//3007 77//4276
f 4646//1900 4645//3848 480//1901
f 3891//3539 4431//2559 1346//4019
f 2571//1766 3884//2570 3653//619
f 4442//3557 4447//3559 4449//4277
f 3519//1110 1698//1112 3227//3729
f 4237//1583 2350//1579 4110//1578
f 3696//4000 441//933 175//934
f 1715//1127 4181//3915 4182//3914
f 3867//2885 3866//1713 4761//319
f 709//504 326//235 710//505
f 1334//4278 4866//3591 3166//3325
f 4866//3591 3694//4279 3693//3590
f 4232//3279 207//153 4233//152
f 4867//4280 2030//1351 1488//1350
f 3634//2671 1263//825 2864//763
f 2964//1903 2818//1945 2776//1904
f 4602//3219 3199//4011 3200//2475
f 2129//370 512//372 4160//3172
f 4300//3356 1580//1030 768//2924
f 215//1393 3121//2734 3709//2733
f 1215//474 3457//2507 1806//1184
f 3457//2507 1215//474 3458//135
f 4869//4281 2851//1983 2876//4216
f 897//892 2251//1509 1793//1176
f 1196//4114 750//516 992//16
f 661//3354 4299//806 425//3628
f 214//156 2506//2463 212//154
f 493//2387 3130//2199 3129//1767
f 139//100 3933//2936 1481//965
f 2710//1873 4112//1872 4561//3192
f 3752//932 4900//931 2447//1668
f 2777//3765 4389//3481 4388//3483
f 3201//4132 3211//4282 3212//4283
f 3201//4132 3066//2150 3211//4282
f 2641//2231 2114//3422 1112//3647
f 3473//2526 3666//1888 1275//2707
f 4872//1020 4916//411 1570//1053
f 690//489 414//4284 1455//3348
f 752//518 4407//4217 4408//4133
f 241//92 2671//2439 3571//93
f 3280//2325 2369//1600 2368//1602
f 1352//4285 1355//4286 1522//4050
f 4636//4287 4769//1162 4418//570
f 1116//3158 1114//4147 781//972
f 1116//3158 1117//4148 1114//4147
f 4863//524 3533//2562 3534//522
f 2591//1780 89//4288 4944//4289
f 498//2576 2591//1780 23//20
f 4408//4133 1318//17 752//518
f 3232//2294 4535//3733 309//3732
f 1686//1090 2330//4290 2331//1088
f 1686//1090 2746//4291 2330//4290
f 1814//656 2719//1877 2611//4145
f 1814//656 1236//1878 2719//1877
f 4833//4292 16//1092 4362//1091
f 4861//760 555//1346 3235//4008
f 128//2490 2753//3846 1637//3471
f 2526//3502 4602//3219 3200//2475
f 153//3344 4247//4265 4246//3367
f 2964//1903 4614//1946 2818//1945
f 2328//1692 2801//3286 2564//4293
f 2695//2711 3012//2096 3013//3854
f 1947//2709 224//2261 697//3210
f 4075//3229 2401//4155 4727//4294
f 177//4229 509//1786 2603//1785
f 177//4229 4876//3451 509//1786
f 370//1527 1504//3604 211//3686
f 378//1643 2255//3143 2632//4295
f 3001//764 3671//3689 1158//765
f 1554//3691 4877//3690 4225//2694
f 3164//3102 3684//937 121//3105
f 3503//3881 4545//1508 4373//4213
f 2434//2968 4878//3816 3477//2881
f 3782//2800 3781//2799 4913//3975
f 2511//3572 3759//2763 4881//1493
f 4746//3999 2048//1360 2351//1581
f 2144//1371 2764//1898 3156//2226
f 345//1463 348//3067 349//1464
f 3340//3585 3016//3026 3015//4113
f 2640//3763 4347//4296 3793//4297
f 3564//2028 3563//4298 1107//1032
f 44//51 1059//3839 1134//2849
f 2635//1813 4883//4299 2634//1811
f 205//1595 1399//2407 1398//437
f 4603//3835 1949//1302 1593//1301
f 2549//4112 2548//1246 1706//1755
f 2587//1265 1784//1169 1783//1168
f 4282//4300 4414//4301 1992//1322
f 721//4302 2157//1421 2159//4303
f 2395//3306 1913//4304 4844//3833
f 2395//3306 4779//2076 2396//4305
f 1722//308 2099//1369 105//1810
f 2587//1265 2465//3111 4986//3860
f 4986//3860 4785//4306 2587//1265
f 3649//1653 2047//1359 25//3282
f 949//637 1165//770 2237//2971
f 561//1107 4804//14 4805//2474
f 4839//3641 3448//2947 1551//3639
f 113//1287 820//1286 3873//2011
f 4590//323 2467//1682 1783//1168
f 2500//577 3197//4307 2501//4243
f 4707//4308 1903//3713 4477//1747
f 2074//2749 2449//1671 1438//1670
f 4317//3477 4381//3475 4889//3759
f 4324//4309 3634//2671 2174//1441
f 379//1585 2192//1461 1521//997
f 379//1585 3725//1584 1361//1459
f 2192//1461 379//1585 1361//1459
f 2203//1469 1816//1185 1818//1187
f 1654//1081 3498//2916 4104//3950
f 1777//4310 3092//626 1778//2921
f 2631//1368 2073//1366 3708//1776
f 2128//3484 1832//3758 4733//3482
f 1153//1674 2460//1675 2458//2732
f 215//1393 479//339 1995//3706
f 2467//1682 3444//2489 3886//1681
f 2467//1682 3600//2634 3444//2489
f 1937//4311 4651//1296 2097//1384
f 4416//200 2364//3498 1502//3497
f 4416//200 1845//104 2364//3498
f 1203//2853 1598//3486 716//1044
f 469//1096 330//4146 331//3450
f 3604//3988 4751//761 3206//3812
f 878//2013 645//2247 461//562
f 880//589 645//2247 878//2013
f 2256//2540 2407//1628 2257//2866
f 4194//3569 3463//3883 1850//3570
f 4616//4312 4358//4313 4129//3141
f 3294//2347 1936//1294 593//1293
f 3920//2922 2839//1963 2023//2421
f 3349//2934 3449//3649 1399//2407
f 4634//3974 1484//967 112//2838
f 4894//2378 3326//1067 1278//4314
f 4895//3397 1276//4315 4673//3396
f 4895//3397 1278//4314 1277//4316
f 1276//4315 4895//3397 1277//4316
f 1768//4097 1769//2210 1765//1024
f 2668//2009 1005//3080 44//51
f 3503//3881 4544//352 4545//1508
f 265//541 266//1543 3078//1237
f 1628//1065 1627//1064 4076//853
f 157//4317 3287//3045 794//2464
f 4766//4046 10//12 3693//3590
f 3258//629 946//1739 1132//548
f 3258//629 3260//2776 946//1739
f 278//480 4034//479 2477//3342
f 4206//3826 132//1645 2419//1644
f 81//2713 3719//3455 190//4318
f 3511//2541 4212//3258 1013//3259
f 2574//4319 2849//4063 4212//3258
f 2091//4320 1371//879 263//2277
f 2091//4320 2090//4321 1371//879
f 4626//736 2326//4235 1761//735
f 4626//736 2935//4244 2326//4235
f 4643//2073 4264//3940 4644//3898
f 4643//2073 2895//3312 4264//3940
f 3233//2295 1873//1241 914//1243
f 3233//2295 1002//3775 1873//1241
f 75//2308 74//2307 1051//3650
f 2698//1486 952//641 64//640
f 3803//3704 1159//766 1158//765
f 2766//2773 3761//2772 659//3338
f 4612//2932 3929//1703 1048//3969
f 3927//3852 4329//3398 180//120
f 3484//4181 4267//1069 4337//1068
f 3531//3845 4091//4322 155//3114
f 833//874 1370//872 713//3203
f 3839//4323 916//611 4983//3044
f 3839//4323 2815//4324 916//611
f 220//163 3540//165 3098//2179
f 4162//4325 2565//4326 3898//4161
f 394//2519 1325//1026 1067//1028
f 511//4327 3681//4328 3864//3173
f 1495//971 1494//970 7//3636
f 4399//4329 4026//3428 800//2988
f 1769//2210 1770//3061 1765//1024
f 4801//1539 4726//4274 3523//2553
f 4898//4330 1802//4331 1596//2803
f 4898//4330 1803//4332 1802//4331
f 4021//1250 191//133 1217//804
f 2679//3457 220//163 4270//1051
f 3318//1356 3319//3369 1955//2571
f 3356//3716 306//1010 2042//2688
f 3971//3034 2638//2993 28//863
f 3971//3034 503//364 2638//2993
f 4124//4333 3861//2877 4879//4334
f 3167//604 4667//4165 1337//852
f 3185//2917 3186//3761 4712//4111
f 425//3628 3644//2168 1434//921
f 425//3628 4299//806 3644//2168
f 1427//3952 1834//1201 324//233
f 236//887 3137//2581 3548//2582
f 2106//3529 1187//1839 3146//4335
f 846//4221 4536//4336 4781//4337
f 1236//1878 2581//811 1235//1879
f 915//3491 185//128 3234//2296
f 2089//1989 2093//1855 634//2662
f 2089//1989 2699//3985 2093//1855
f 4141//3144 2619//1799 3454//2085
f 149//4338 170//117 148//4339
f 3257//4340 74//2307 4052//2309
f 1876//4341 1875//105 769//4342
f 391//2100 1393//2099 1204//795
f 787//4343 1664//4344 387//289
f 3097//4345 1119//3623 1120//2175
f 2213//85 1384//2437 110//86
f 3903//2703 1552//1376 1551//3639
f 402//409 1925//1284 1924//1283
f 2925//2038 2924//2040 2923//2386
f 1294//1517 2683//636 950//638
f 2471//1819 300//2676 2650//1820
f 525//36 2207//217 1123//34
f 1154//4346 4519//4194 1782//1167
f 3375//2132 2065//3464 2067//3465
f 4398//4347 700//1219 566//605
f 1955//2571 114//2572 358//261
f 638//4072 3554//3838 64//640
f 1586//2697 530//382 1902//2290
f 3973//2160 1382//2995 1792//4348
f 4888//4349 1526//4350 3146//4335
f 2342//513 2341//3926 586//388
f 1374//1761 2559//2869 2560//1759
f 1374//1761 1375//183 2559//2869
f 1955//2571 3319//3369 4309//3368
f 4580//3753 1314//2506 2028//4351
f 1245//4352 2390//3609 2348//813
f 1245//4352 4630//3610 2390//3609
f 2627//1805 824//3453 2714//3452
f 290//215 696//2260 1738//1137
f 4459//2528 3008//4260 3925//4353
f 1650//4056 4904//4354 3621//3473
f 4668//190 2646//4355 1402//1756
f 3796//1580 2736//2817 3402//4275
f 1716//2445 4465//4142 1331//850
f 3491//1608 1179//781 282//3184
f 1526//4350 84//64 124//3427
f 2120//1398 2123//1400 665//1399
f 2440//4356 1160//1657 697//3210
f 3526//3785 4689//4152 2760//3786
f 4205//3388 381//864 312//2080
f 3093//4357 4104//3950 4488//4358
f 3903//2703 1551//3639 3448//2947
f 2156//3665 4526//3664 2155//2926
f 307//1729 3452//3149 2518//2006
f 2659//1836 322//2365 1898//1837
f 4560//4359 4113//4360 4114//4361
f 4560//4359 4115//4362 4113//4360
f 1727//1472 23//20 293//685
f 4335//3404 3482//3238 4575//3236
f 1682//4169 2737//3564 4301//111
f 481//943 2652//945 4676//1824
f 1527//992 1161//3798 4906//4363
f 690//489 2611//4145 414//4284
f 2037//3255 2035//2131 2519//2829
f 1446//1555 4086//894 2318//893
f 279//208 3491//1608 2377//1607
f 33//30 532//384 4037//3056
f 4832//1554 2977//3717 4341//4364
f 2917//2034 4482//4365 3625//4366
f 4251//1869 4571//4367 3638//3747
f 4251//1869 4249//3744 4571//4367
f 4251//1869 1555//1005 2287//1007
f 436//620 3884//2570 4351//3433
f 4970//3106 3807//2425 4523//2427
f 4970//3106 3928//4368 4078//2827
f 359//263 2067//3465 2036//1355
f 1377//4002 954//644 1249//646
f 2506//2463 371//3501 1061//3352
f 2506//2463 3287//3045 371//3501
f 900//2469 2909//2031 245//177
f 1994//4369 360//1704 242//3878
f 2101//1387 2448//1669 4900//931
f 1771//1156 2986//4028 1415//4370
f 2382//3189 2954//3089 3747//2016
f 2869//2000 1540//1408 2135//1406
f 1812//4371 824//3453 2627//1805
f 1055//692 2932//691 1411//2565
f 4434//3546 4826//4372 4825//4373
f 4778//2980 3377//4001 1932//4374
f 1640//1072 1638//1104 2625//3371
f 2290//1442 3116//837 1298//600
f 2760//3786 4689//4152 4818//4375
f 1307//1444 1621//1057 3094//4376
f 608//445 2599//449 609//446
f 1426//4377 1241//4066 827//1133
f 2914//3694 1946//923 2913//2771
f 1313//2687 188//132 187//131
f 237//172 3152//2441 2670//173
f 3783//2802 2688//4378 3310//2360
f 1357//381 3563//4298 3564//2028
f 2366//1033 3563//4298 1357//381
f 1778//2921 3092//626 4500//628
f 1392//797 1098//1388 118//650
f 2729//3857 2728//2438 4391//2891
f 2729//3857 2727//3037 2728//2438
f 3529//2558 1513//2560 3528//2956
f 3732//2753 3731//4379 2813//2751
f 2440//4356 292//218 1207//463
f 4322//4190 4320//1894 3228//3305
f 4322//4190 4909//4189 4320//1894
f 577//3077 4910//3531 2510//4380
f 1237//3109 471//4381 3344//4382
f 3344//4382 3077//3598 1237//3109
f 1282//4383 671//3314 4699//1567
f 3968//2876 112//2838 3816//2836
f 4007//3790 2046//435 3426//2471
f 4288//4384 1643//4385 1419//4386
f 3272//4387 2527//4388 1024//1720
f 4230//4389 4160//3172 512//372
f 167//1838 3208//4390 895//599
f 605//443 2984//2078 531//383
f 605//443 604//442 2984//2078
f 4078//2827 4079//2826 3405//3107
f 4908//4391 4595//4392 4594//4393
f 2513//947 4082//2491 757//948
f 3962//2981 4377//1825 4378//3896
f 12//4394 3813//2831 4958//4395
f 12//4394 2780//2832 3813//2831
f 272//205 273//207 2823//4396
f 4248//3297 4493//1870 2706//1531
f 3471//2624 4248//3297 2706//1531
f 938//720 965//2405 810//718
f 938//720 1474//2586 3348//4397
f 572//3697 1487//870 454//2884
f 2230//4398 2639//4399 3542//1488
f 2090//4321 653//877 1371//879
f 2962//2070 931//614 1706//1755
f 3640//1427 867//1439 1517//3051
f 135//4400 4582//4401 1891//3963
f 4383//3478 687//3009 1849//3008
f 4562//4402 1841//4403 1135//2422
f 2095//1383 2096//649 963//2203
f 7//3636 533//3635 1495//971
f 2676//4404 3805//2825 4624//4405
f 4419//3931 2731//1199 4609//4406
f 2578//3801 3429//4407 4623//3799
f 3681//4328 1345//856 1297//858
f 3681//4328 4137//417 1345//856
f 2831//4408 1641//1073 2081//1392
f 1728//1896 510//1895 4132//3395
f 3611//3134 1971//32 2349//1574
f 3611//3134 3820//4409 4772//2284
f 3077//3598 2303//1542 1237//3109
f 2938//2045 2345//737 2723//1571
f 1991//4410 1992//1322 1118//1323
f 2368//1602 4536//4336 846//4221
f 1932//4374 4830//4174 4461//4411
f 4461//4411 2085//2166 1931//3954
f 2506//2463 794//2464 3287//3045
f 3243//4203 3242//4204 2084//2165
f 3123//4412 2431//4413 2143//1372
f 1687//4414 2069//4415 3738//4416
f 409//3983 1839//1209 1167//4417
f 2134//2780 4427//2779 3390//3921
f 1037//688 3453//747 1129//2358
f 3325//1507 4337//1068 4191//1070
f 4002//793 3969//2327 4003//3016
f 897//892 3825//1510 2251//1509
f 4853//2374 3565//2373 4914//4418
f 4914//4418 4529//4419 4853//2374
f 3566//4420 4717//4421 4529//4419
f 2070//1906 1998//3751 2071//635
f 2070//1906 1999//632 1998//3751
f 2779//1658 3848//2812 4915//2241
f 2815//4324 1779//1158 916//611
f 717//4422 3889//3135 1068//705
f 2876//4216 1972//1887 4869//4281
f 1288//1280 45//4118 1921//1281
f 1288//1280 766//1546 45//4118
f 3143//1803 3141//2209 1413//2520
f 548//398 4197//2232 2641//2231
f 4456//3382 4457//4423 4825//4373
f 4736//4424 1014//668 3701//4425
f 2961//426 1810//425 440//1160
f 3346//2385 1767//693 3761//2772
f 2854//3031 4867//4280 4917//4426
f 1285//271 808//4427 4412//1882
f 1285//271 1284//3118 808//4427
f 298//221 2103//643 2608//3222
f 2643//949 1280//713 1077//950
f 2064//4428 4911//2057 4809//4134
f 2376//318 2371//320 2956//4429
f 55//3081 1543//2782 1544//3050
f 367//275 365//2364 832//273
f 1003//119 4315//274 1004//1304
f 458//834 2602//3550 2489//1712
f 4161//3932 565//1052 217//160
f 3003//1409 2911//2201 2092//1410
f 4864//2858 3054//2141 2573//284
f 917//612 3946//1569 1106//739
f 3118//1282 1925//1284 4669//4039
f 3417//3656 2624//4430 1695//1103
f 1881//427 2341//3926 2342//513
f 3268//4431 4125//4432 3267//4065
f 3740//3492 4473//4433 3350//3495
f 1913//4304 3653//619 4437//621
f 44//51 26//50 2668//2009
f 2595//3233 3735//2790 2592//1778
f 2595//3233 4213//2791 3735//2790
f 2928//2467 161//2466 160//407
f 2213//85 2252//1511 1383//4434
f 3379//2872 2844//1970 1319//2716
f 3502//3116 3637//4435 3501//2673
f 2650//1820 934//1318 1988//3317
f 2082//1379 2782//4436 1584//3035
f 3972//2159 1791//2382 1382//2995
f 2566//3711 1364//3341 1012//4437
f 4857//2555 2589//4438 4694//4219
f 4955//4129 3170//2354 4203//2353
f 4955//4129 3171//4258 1940//4130
f 4558//3573 2966//4439 4455//2585
f 3884//2570 3341//3434 4351//3433
f 1620//841 1299//838 3094//4376
f 595//2420 2343//1568 408//2369
f 2198//1467 2086//3990 1096//733
f 4522//4440 4768//3660 763//96
f 2478//3131 3762//2775 2479//4441
f 2027//2505 3855//3459 2026//3458
f 1100//2043 1101//2305 1321//2041
f 2725//507 3815//3793 1483//1647
f 1466//1548 1262//1771 93//77
f 2193//1850 4610//4442 2680//1848
f 293//685 477//3618 1934//2345
f 4468//4443 3868//2888 2861//4237
f 729//455 3148//2217 473//332
f 2053//3251 3349//2934 691//491
f 3721//1763 3335//4444 2308//3242
f 2671//2439 386//702 2672//701
f 399//293 4163//3176 1786//244
f 399//293 4214//3177 4163//3176
f 2249//2573 2250//2023 1007//4201
f 512//372 4923//371 4408//4133
f 53//2794 1568//1017 1506//2961
f 1568//1017 882//1016 881//3715
f 435//174 2670//173 637//1150
f 3713//2739 1344//2470 4074//3100
f 1661//145 1309//2334 1660//1651
f 1661//145 836//4445 1309//2334
f 4204//3703 517//2147 3065//1630
f 1883//1249 2415//1193 1820//1195
f 540//395 2295//2123 1221//396
f 558//3469 607//3929 926//3928
f 2943//2982 142//2047 983//2948
f 142//2047 3539//414 515//4446
f 1017//672 1338//3581 1456//4447
f 3742//4448 4303//700 2942//2451
f 2834//4150 910//2236 1353//2233
f 4043//4087 1940//4130 4806//2138
f 2014//196 91//73 2871//2649
f 3299//2351 3812//2828 409//3983
f 4720//1577 70//62 3820//4409
f 2105//1389 4929//2185 908//2184
f 1494//970 1919//260 3353//259
f 3137//2581 1520//982 4524//4449
f 2112//4450 491//3126 2060//2449
f 1602//1047 1603//1046 2005//2265
f 3233//2295 188//132 1002//3775
f 1686//1090 2370//1604 2746//4291
f 1686//1090 1153//1674 2370//1604
f 3274//2319 1689//2320 4926//2322
f 1689//2320 3275//2318 4926//2322
f 2688//4378 3784//3888 3661//4451
f 4722//4452 3294//2347 4487//2346
f 2050//3767 3306//405 837//839
f 3966//4453 3287//3045 4029//591
f 1662//4045 1400//3485 1675//3461
f 1662//4045 3612//2653 1400//3485
f 616//1189 3101//1828 615//2181
f 4927//2207 3712//2412 727//2737
f 764//3284 4928//2460 2328//1692
f 2777//3765 2125//3764 2126//1353
f 2125//3764 2127//2752 2126//1353
f 4108//882 3308//2478 1397//2954
f 1970//3978 1454//297 2581//811
f 3032//3885 2406//2769 1672//1035
f 3007//4261 3008//4260 3009//2970
f 4837//2762 4126//3595 3268//4431
f 2315//3516 3246//3515 4714//3518
f 110//86 2781//3263 111//87
f 3104//2186 4929//2185 1534//230
f 66//1587 478//2483 1113//3159
f 4896//4144 4816//4143 1149//4454
f 4816//4143 131//3087 1149//4454
f 554//3013 3642//3927 3643//3825
f 4072//3121 2537//3537 1948//3119
f 4072//3121 4603//3835 2537//3537
f 892//2332 3537//3392 3594//4455
f 1635//2229 1984//3212 1985//4456
f 1720//1926 1113//3159 1501//3802
f 1720//1926 3184//3160 1113//3159
f 4901//3957 1922//3381 3641//1746
f 2788//3678 3692//659 104//658
f 1089//2302 1816//1185 2203//1469
f 865//582 4492//4457 2610//1455
f 1712//2149 4947//3225 1334//4278
f 455//3496 2602//3550 2493//1714
f 3182//3946 1549//4177 723//2928
f 3182//3946 4719//4178 1549//4177
f 2773//4458 1985//4456 529//3326
f 2773//4458 3126//4459 1985//4456
f 2044//842 2130//3937 2647//3979
f 2990//2087 968//798 2845//1969
f 970//651 2814//653 828//2050
f 970//651 828//2050 827//1133
f 3107//2635 144//3891 769//4342
f 306//1010 2337//1565 3647//2356
f 3937//2940 4326//416 3938//2941
f 1451//3202 3116//837 400//623
f 4619//3093 2480//926 3597//3094
f 3020//2426 3805//2825 1193//2450
f 437//4460 4724//410 564//412
f 2306//4461 1305//488 1855//487
f 3017//2101 2744//808 2743//3470
f 3146//4335 3147//4259 4688//1929
f 1099//4462 3064//4160 4498//3707
f 531//383 530//382 605//443
f 4590//323 1782//1167 4687//2997
f 3182//3946 296//4171 1563//3736
f 4676//1824 4401//941 1448//940
f 114//2572 4931//4463 3398//4464
f 1475//959 2291//4465 1071//707
f 4297//4466 3457//2507 3458//135
f 1173//59 1573//3331 65//60
f 4910//3531 4450//1829 3803//3704
f 1200//792 3572//3858 4556//4467
f 3181//4468 3595//394 588//429
f 763//96 4768//3660 4520//4469
f 4490//1144 3553//2695 108//1145
f 1689//2320 3230//2291 8//9
f 3293//2343 3524//3882 1491//4470
f 1239//917 1397//2954 1429//2660
f 57//3523 4695//3449 4360//3313
f 4661//3879 2817//2002 4386//3880
f 2347//654 3724//2857 979//2856
f 377//3930 1953//2962 1529//3720
f 2059//1711 456//835 458//834
f 2711//4471 3430//3122 592//4472
f 3814//2833 3005//2350 3105//2457
f 2637//2176 3428//4473 3097//4345
f 2360//1592 770//4474 271//204
f 2372//2886 571//419 454//2884
f 2372//2886 3984//4015 571//419
f 4749//4016 3392//2591 2398//3576
f 1494//970 494//4475 6//775
f 1951//1305 3813//2831 1950//1303
f 585//1256 441//933 4217//4476
f 585//1256 442//767 441//933
f 1024//1720 3404//1722 2442//1661
f 3393//2409 1324//944 1323//2259
f 1446//1555 3059//3787 4085//3565
f 4772//2284 982//4477 4201//657
f 1894//2631 17//2630 2219//4478
f 2275//1523 125//89 321//725
f 2469//2113 1431//2508 3240//2301
f 3895//1749 889//4479 1416//1043
f 3895//1749 4521//1089 889//4479
f 3706//4480 3705//4079 4809//4134
f 4427//2779 4811//4481 4177//247
f 2295//2123 3183//2742 2294//3499
f 1077//950 1809//3710 602//439
f 2682//1851 2684//1852 1422//4010
f 3931//4225 388//4482 2019//197
f 2390//3609 2389//1573 869//3836
f 1994//4369 242//3878 243//4483
f 2996//4484 1910//2239 466//329
f 1038//2106 834//2105 3020//2426
f 3427//4485 3114//3340 4994//4486
f 2850//2566 4728//4062 4800//1981
f 4534//4487 4889//3759 4381//3475
f 1618//1457 1619//2636 333//248
f 1082//2976 1035//4488 4686//521
f 2909//2031 1477//963 2418//1642
f 2909//2031 464//3989 1477//963
f 1075//938 2970//3231 2971//4489
f 899//601 1441//3553 898//2119
f 899//601 1959//3215 1441//3553
f 532//384 4197//2232 548//398
f 1841//4403 4563//4115 1394//1213
f 2785//306 2519//2829 1688//307
f 1000//3776 1313//2687 1312//2686
f 1000//3776 188//132 1313//2687
f 3900//2915 1138//752 3498//2916
f 2542//4490 1248//4091 1180//2384
f 4846//3578 2992//3841 2991//3892
f 3650//2690 1786//244 4163//3176
f 3845//4491 2771//976 2258//978
f 871//3178 869//3836 870//3179
f 871//3178 1479//4073 2809//1938
f 1164//4492 3244//2429 4976//2428
f 1904//2482 3439//2484 420//336
f 2268//3167 1028//615 2963//2069
f 4938//2787 4780//4180 3767//4493
f 4198//3856 1679//1084 3342//3327
f 3398//4464 4931//4463 1053//738
f 1966//4494 3331//4495 3329//4496
f 831//989 3455//4497 2946//1364
f 189//4498 831//989 2946//1364
f 975//3725 4591//3770 831//989
f 764//3284 179//868 1367//867
f 3163//4499 4099//3104 3162//939
f 3163//4499 3360//3599 3362//4500
f 4765//4501 3774//2033 1040//2792
f 4764//4502 4481//4059 3774//2033
f 380//528 1775//1124 1713//1125
f 69//3174 284//4158 2472//3942
f 69//3174 648//3139 284//4158
f 2026//3458 1570//1053 4724//410
f 3380//2871 1268//1327 1267//1328
f 808//4427 3907//3413 4412//1882
f 3887//2904 432//3467 3153//3466
f 3145//2214 2316//4503 3514//4504
f 2807//4108 3822//3861 4097//4106
f 2277//1524 1091//3545 1888//4505
f 2137//2125 2775//592 3037//373
f 888//590 2775//592 2137//2125
f 2284//2642 2285//2939 3206//3812
f 1295//4506 4781//4337 4536//4336
f 2564//4293 3535//1690 2328//1692
f 2564//4293 856//579 3535//1690
f 4983//3044 3926//3043 3839//4323
f 2824//757 4546//10 2836//4507
f 4969//2902 3881//2899 3883//2898
f 574//421 1368//871 572//3697
f 2045//1358 3478//2529 1257//1357
f 2998//3542 2053//3251 3492//3563
f 2998//3542 3349//2934 2053//3251
f 79//3002 1300//3322 2050//3767
f 1177//3971 2146//4508 4504//1331
f 3075//1775 384//287 2580//1773
f 3647//2356 3070//2357 3304//4104
f 2084//2165 2106//3529 625//4509
f 2107//4510 3959//2979 4573//4511
f 3368//2398 4000//4512 3918//2920
f 3459//613 2386//2789 3768//3272
f 1659//2333 1308//2556 973//4513
f 1295//4506 845//4514 3067//4515
f 1802//4331 1342//2804 1596//2803
f 990//4516 1792//4348 3632//325
f 2804//4517 1445//4518 2124//4519
f 4987//4032 4983//3044 916//611
f 85//65 4569//4520 4568//3742
f 683//482 1726//481 1510//2331
f 1025//1662 1026//4264 2443//1660
f 2647//3979 210//2744 3322//2375
f 4575//3236 2622//840 2623//404
f 2968//866 1366//380 1367//867
f 2132//2605 927//2608 2133//2607
f 426//2761 3756//4521 3758//4522
f 4214//3177 396//1655 395//3175
f 4214//3177 998//561 396//1655
f 3335//4444 1017//672 1456//4447
f 4419//3931 4609//4406 4158//1198
f 2288//1533 2568//2692 4244//3527
f 2533//1735 3310//2360 3311//3054
f 4650//1614 4515//1616 4499//2967
f 476//334 603//3108 4190//3227
f 471//4381 1237//3109 603//3108
f 1076//714 129//3762 1878//4523
f 3168//3029 1611//1050 1610//1049
f 3168//3029 4017//3028 1611//1050
f 4904//4354 3485//4524 4295//4525
f 775//529 2018//2243 3543//279
f 3970//782 3491//1608 279//208
f 2080//1391 2832//816 2831//4408
f 1572//4031 1339//4526 1340//603
f 4372//2059 1821//2258 1324//944
f 4164//3180 2302//3027 2301//4074
f 2902//2025 4845//762 2903//2026
f 3090//2824 3996//3213 3087//2978
f 4230//4389 512//372 3212//4283
f 2496//3417 1031//4527 4752//3418
f 1137//754 3498//2916 1138//752
f 1142//4528 1804//4529 1126//4530
f 786//576 847//575 3148//2217
f 3776//101 3775//4531 1146//2613
f 341//1912 4943//1911 2794//4532
f 3795//2815 778//534 2016//533
f 2590//1777 1562//1012 4944//4289
f 4137//417 4326//416 4423//2944
f 1682//4169 1157//3624 3493//4170
f 1419//4386 1420//3575 3677//2710
f 108//1145 4788//2036 4834//2035
f 1830//2859 1831//909 3729//4533
f 4567//3684 1227//4534 559//2534
f 1990//1321 2918//149 2267//1753
f 4261//2998 3781//2799 4127//2423
f 623//454 3629//2666 3628//2667
f 4//3358 3680//4535 1465//4536
f 2387//4537 4314//3440 4026//3428
f 2387//4537 1028//615 4314//3440
f 1430//2661 3027//1101 1243//2433
f 3027//1101 3028//955 251//956
f 1167//4417 407//1680 2462//1677
f 3284//2923 407//1680 1167//4417
f 3489//3642 3210//3867 3219//3906
f 3763//2777 2140//4538 2138//4539
f 1877//1818 2650//1820 3403//1320
f 3177//4540 4073//3098 3321//587
f 456//835 1332//598 1298//600
f 106//1365 2385//4541 4829//3605
f 903//1957 1472//1960 801//551
f 2087//3416 4342//734 2086//3990
f 4373//4213 4545//1508 497//356
f 834//2105 4523//2427 3020//2426
f 4687//2997 3576//321 4590//323
f 511//4327 4160//3172 4231//4542
f 663//1380 1226//805 2205//3097
f 3486//4543 3736//4157 3251//4212
f 3929//1703 3551//2931 3552//3912
f 3208//4390 167//1838 3728//4544
f 635//916 1428//918 2362//1596
f 4304//3357 4677//4545 4262//3308
f 606//4094 1286//2257 3438//2303
f 4751//761 2964//1903 3206//3812
f 4751//761 2965//4546 2964//1903
f 847//575 1831//909 1242//2216
f 2873//2004 2872//2003 2525//1728
f 1187//1839 2106//3529 3436//1840
f 1571//4547 872//184 3016//3026
f 1614//1518 3854//1515 2261//1514
f 3854//1515 2054//3823 2262//1516
f 320//4548 1088//726 321//725
f 1436//4549 3533//2562 860//2561
f 1436//4549 3534//522 3533//2562
f 814//567 816//569 1897//1262
f 1774//3631 1251//2370 3987//2701
f 4007//3790 4612//2932 1048//3969
f 2711//4471 1343//246 2712//4550
f 3158//1590 3012//2096 2359//75
f 3521//2551 4187//3421 353//3968
f 4637//2390 4418//570 1780//134
f 4830//4174 1932//4374 4831//4175
f 4015//3448 3527//2557 3975//2999
f 1135//2422 2023//2421 4703//3739
f 1554//3691 2287//1007 4656//1006
f 1554//3691 4593//2693 2286//3525
f 3066//2150 1712//2149 1711//4551
f 2161//1428 1518//2140 762//3619
f 392//2143 1351//862 120//228
f 392//2143 1476//960 905//962
f 673//242 3651//2691 1282//4383
f 278//480 2477//3342 1545//4552
f 3225//4553 3226//4554 2160//1423
f 4289//4555 2006//1330 1721//1367
f 2402//3904 314//4556 313//865
f 1351//862 905//962 1973//3824
f 4340//1991 2856//1990 4771//3411
f 3791//3938 2941//2929 723//2928
f 3792//2811 1206//3698 825//2640
f 3760//2082 269//201 4416//200
f 2539//2760 4646//1900 3756//4521
f 1498//4557 4204//3703 4189//4558
f 4088//3112 4089//4559 4090//1833
f 4088//3112 4091//4322 4089//4559
f 1046//2389 1047//4560 3904//4561
f 3114//3340 3064//4160 1099//4462
f 2132//2605 2430//4562 2431//4413
f 1941//2348 369//3633 898//2119
f 1941//2348 898//2119 2920//2879
f 2920//2879 898//2119 4440//2880
f 2272//4563 3462//4068 2273//2512
f 4555//2139 4813//3911 3947//2957
f 954//644 3998//4003 1851//4564
f 410//295 2691//1995 3932//1997
f 1325//1026 928//4151 1667//1415
f 3750//4565 3748//2328 3749//4566
f 4701//3146 1700//3145 3519//1110
f 4865//1403 2164//3063 2162//3936
f 4592//1227 2850//2566 4674//1228
f 3831//4567 4941//3041 4282//4300
f 2963//2069 1597//1754 4557//3168
f 332//245 3426//2471 1343//246
f 332//245 4007//3790 3426//2471
f 2247//2285 152//2288 1372//2286
f 560//1109 3581//1108 79//3002
f 2916//335 1904//2482 420//336
f 2192//1461 2885//4568 1381//3264
f 3091//2164 4950//4569 4893//4570
f 3091//2164 3872//4571 4950//4569
f 1776//1700 3596//1702 2480//926
f 2817//2002 2870//500 1170//1787
f 1126//4530 4285//3336 1125//745
f 666//1401 667//3310 435//174
f 2702//1866 2701//1861 4422//1860
f 3284//2923 1839//1209 1840//1208
f 3920//2922 1137//754 1136//753
f 3295//3646 3084//3528 2960//2068
f 1276//4315 3862//4572 3863//1871
f 539//393 841//294 3412//296
f 2052//110 1615//1559 1826//1560
f 2468//1683 3600//2634 2467//1682
f 1123//34 2207//217 291//216
f 192//660 2678//2279 987//661
f 3595//394 2341//3926 1881//427
f 845//4514 3153//3466 4286//4573
f 845//4514 3887//2904 3153//3466
f 446//310 3655//2053 273//207
f 936//622 3718//2741 935//67
f 2509//4195 2721//756 1408//4574
f 4175//843 1755//1147 1322//1149
f 1888//4505 1863//4575 2277//1524
f 1888//4505 4209//828 1863//4575
f 2001//1326 38//41 2000//1325
f 4732//4576 2616//1790 2828//1951
f 2040//2873 227//171 2039//4253
f 4331//3401 1346//4019 4431//2559
f 1404//900 3217//2281 3468//2480
f 1824//301 475//697 422//302
f 285//4577 283//1576 3804//212
f 3452//3149 3084//3528 3295//3646
f 999//1992 2306//4461 3161//1993
f 999//1992 2837//4578 2306//4461
f 2939//539 783//88 835//1847
f 1303//4579 1967//4580 1301//4109
f 1303//4579 1966//4494 1967//4580
f 2842//1965 4575//3236 2623//404
f 4843//3901 4934//4581 3053//4218
f 88//72 1320//1221 945//1218
f 2310//630 4968//3402 3710//4582
f 1974//1307 1977//3066 2038//2874
f 3380//2871 3056//2142 3379//2872
f 4952//1501 4951//3299 1630//1066
f 494//4475 493//2387 1905//1266
f 1173//59 7//3636 6//775
f 3977//4583 560//1109 837//839
f 1223//815 2811//1940 2348//813
f 3318//1356 1955//2571 358//261
f 1516//704 1578//1027 1665//1031
f 2248//2893 4466//3476 1054//4584
f 4954//4585 1899//1263 4558//3573
f 4272//3320 4274//3323 1052//1726
f 1382//2995 1791//2382 1601//4586
f 2606//3813 2605//4006 3140//3814
f 3815//3793 4068//3247 4424//4587
f 154//1698 155//3114 741//3124
f 658//2172 3095//2994 1307//1444
f 3878//4588 3879//2618 3578//2617
f 666//1401 637//1150 665//1399
f 821//2338 1699//2335 669//468
f 3893//1099 1189//1697 1692//1097
f 4368//4589 3575//4246 4367//4188
f 1386//895 4997//4590 4903//4591
f 3290//4592 3291//2242 866//583
f 1718//2715 695//2714 693//1897
f 4565//3738 2840//4004 1958//3217
f 744//556 2325//558 4626//736
f 2670//173 2562//1151 637//1150
f 2274//2511 4648//2513 3842//4593
f 2274//2511 3461//2510 4648//2513
f 4715//3959 3447//2946 3941//2945
f 3755//3295 4569//4520 85//65
f 2527//4388 2529//1732 2531//2638
f 2872//2003 1052//1726 2525//1728
f 2150//3011 3736//4157 1525//4156
f 74//2307 3927//3852 1050//4247
f 74//2307 3257//4340 3927//3852
f 2915//2223 2914//3694 364//2032
f 1250//820 1443//2352 3449//3649
f 2628//1809 2630//3439 598//1924
f 415//3132 3625//4366 3923//3133
f 415//3132 2917//2034 3625//4366
f 4759//4594 4809//4134 4911//2057
f 4293//560 2352//1582 2436//3372
f 3918//2920 4000//4512 1176//3562
f 1820//1195 4118//3128 4413//3519
f 2199//2796 2519//2829 2857//2746
f 3461//2510 2273//2512 3464//2514
f 2750//1886 4869//4281 1972//1887
f 1759//3426 2689//3425 4752//3418
f 463//456 3734//961 2438//497
f 1699//2335 1697//1111 646//3374
f 4597//3777 3216//303 3213//305
f 1193//2450 3805//2825 2676//4404
f 2740//4595 318//124 2739//126
f 442//767 297//219 175//934
f 2102//1935 2103//643 1184//785
f 2995//4596 2733//3967 2994//3708
f 2995//4596 4721//2914 2733//3967
f 557//2071 2283//4597 198//140
f 3018//4598 1810//425 583//386
f 2244//4055 4385//3479 4304//3357
f 2057//1004 4849//4240 2846//4101
f 197//1334 980//1634 981//1636
f 197//1334 3285//1336 980//1634
f 2492//1347 4019//1349 3010//4599
f 1547//4600 608//445 1734//447
f 2599//449 608//445 1547//4600
f 125//89 325//3851 2894//4057
f 1149//4454 3199//4011 4602//3219
f 3331//4495 3332//4601 4210//4602
f 4410//3568 2785//306 2786//4603
f 3440//338 1996//2735 1995//3706
f 2769//94 4520//4469 2771//976
f 2893//2022 3263//3302 4363//4604
f 1215//474 3223//2974 3169//2253
f 98//2077 97//1473 1857//3683
f 311//1817 775//529 1363//2417
f 3301//2612 4130//3394 3574//4605
f 1552//1376 1935//1292 2079//1377
f 2938//2045 1464//262 3398//4464
f 1433//298 4514//33 4632//919
f 4010//3023 2256//2540 4945//4086
f 3047//112 897//892 1793//1176
f 842//572 1661//145 2426//147
f 511//4327 3864//3173 4160//3172
f 685//485 684//484 4295//4525
f 3345//4606 1151//1605 2373//4075
f 103//83 766//1546 3438//2303
f 2371//320 148//4339 2956//4429
f 2079//1377 1935//1292 2594//4202
f 1553//4607 590//2647 4952//1501
f 1355//4286 1356//4608 2687//4022
f 4846//3578 2991//3892 2451//3039
f 4146//848 4144//3151 4143//3150
f 3032//3885 1672//1035 130//1037
f 3481//38 4535//3733 3232//2294
f 604//442 3686//1447 747//4233
f 875//3773 1109//1337 2365//1599
f 1504//3604 2214//48 4258//2329
f 3664//3048 4032//3047 63//2397
f 3217//2281 3819//2840 3818//536
f 3940//4248 4694//4219 3941//2945
f 4927//2207 2193//1850 3712//2412
f 4227//3277 3207//1314 1121//1315
f 4358//4313 2546//4609 4129//3141
f 2691//1995 4627//3803 2863//1996
f 885//4610 2954//3089 2382//3189
f 3085//995 1791//2382 3972//2159
f 72//973 3690//2171 330//4146
f 1474//2586 2464//2588 3348//4397
f 3517//1420 3942//4257 2159//4303
f 3517//1420 3943//2952 3942//4257
f 3138//2878 282//3184 4621//3185
f 1423//3447 652//2314 651//2316
f 704//4611 3942//4257 3945//2950
f 2243//2966 3086//4612 3996//3213
f 732//3574 1420//3575 1419//4386
f 4982//4613 853//3817 2585//3819
f 4386//3880 2817//2002 3620//4614
f 3527//2557 1610//1049 1613//1216
f 204//1834 4089//4559 4549//4615
f 3000//4616 2176//4617 3964//3951
f 4731//3984 426//2761 885//4610
f 1250//820 3449//3649 87//1613
f 3171//4258 4532//343 3050//2135
f 3777//3995 1309//2334 1659//2333
f 4614//1946 4446//3560 2821//1948
f 246//179 900//2469 245//177
f 4236//3281 1281//2665 25//3282
f 4312//4105 1624//854 1627//1064
f 611//448 1230//4618 3214//4619
f 3410//4620 528//4621 3011//4622
f 2950//4623 2949//4624 1996//2735
f 302//330 473//332 471//4381
f 4148//4625 3378//2044 4741//4626
f 2777//3765 2032//1352 4389//3481
f 526//378 2968//866 525//36
f 1912//914 1418//913 1812//4371
f 1671//1685 4035//4627 2468//1683
f 2186//4205 795//550 2642//549
f 3160//2240 468//327 466//329
f 2338//4236 2336//1564 2335//1009
f 2338//4236 2942//2451 2336//1564
f 2276//1525 4647//3611 325//3851
f 3299//2351 1168//2368 1251//2370
f 260//3436 2450//3435 3077//3598
f 1549//4177 1564//1013 3791//3938
f 4231//4542 4230//4389 4693//4628
f 1922//3381 4883//4299 3641//1746
f 3059//3787 2848//1979 1447//4629
f 3059//3787 3315//1980 2848//1979
f 184//127 3234//2296 185//128
f 3373//2702 593//1293 1552//1376
f 1567//2234 1350//229 1566//2235
f 4183//4630 1331//850 3296//3913
f 2800//4067 1620//841 3094//4376
f 462//458 4527//457 3055//1641
f 4604//1718 4828//3903 2515//1719
f 2739//126 1694//1232 2182//2196
f 2739//126 713//3203 1694//1232
f 2133//2607 4581//1180 694//1179
f 2200//2745 2007//2795 2857//2746
f 3227//3729 1698//1112 2009//2337
f 51//473 4925//4631 3223//2974
f 4958//4395 2822//4632 993//666
f 11//18 4958//4395 991//665
f 11//18 12//4394 4958//4395
f 4209//828 3908//4633 1863//4575
f 4190//3227 1391//2535 926//3928
f 2589//4438 1565//4634 2853//2554
f 2589//4438 4857//2555 1565//4634
f 3952//807 660//3355 2206//2098
f 4544//352 2225//1483 36//37
f 1597//1754 1929//3142 4557//3168
f 2978//4635 4560//4359 2975//3832
f 3046//2845 3525//4636 2319//1556
f 3525//4636 1446//1555 2319//1556
f 4174//4637 2264//1520 2677//2547
f 348//3067 4166//4638 349//1464
f 348//3067 3979//4639 4166//4638
f 4543//3945 1417//4640 722//4641
f 1333//1196 289//214 288//213
f 1803//4332 1804//4529 4967//4642
f 1803//4332 1596//2803 1804//4529
f 1803//4332 4898//4330 1596//2803
f 645//2247 4698//2250 1093//2248
f 4123//4643 1935//1292 4992//4644
f 714//876 1746//1138 1370//872
f 3515//4645 4760//4646 3081//2158
f 3637//4435 4373//4213 3994//2674
f 3176//1867 3175//4647 4810//585
f 16//1092 4833//4292 1036//4648
f 1412//911 1413//2520 4291//3339
f 1412//911 2486//2521 1413//2520
f 1123//34 291//216 289//214
f 1885//1253 1359//773 1886//1254
f 235//2215 3081//2158 1078//2908
f 2149//2905 3024//3316 1754//1192
f 2920//2879 2921//3321 2922//2349
f 4121//3463 99//4649 100//1222
f 4059//4650 980//1634 1072//708
f 4277//3324 4275//4651 4276//3822
f 1461//2778 887//1526 886//2126
f 1408//4574 3938//2941 2509//4195
f 3614//3709 1426//4377 95//80
f 4956//4652 3093//4357 3092//626
f 1858//912 1859//2341 393//910
f 2110//2583 3104//2186 1534//230
f 2110//2583 2108//2218 3104//2186
f 2525//1728 3451//3593 2873//2004
f 4110//1578 96//2727 4531//2724
f 4110//1578 2832//816 96//2727
f 4438//2679 1105//3278 4247//4265
f 3916//616 3914//3632 3915//617
f 3916//616 397//25 3914//3632
f 4960//4653 137//98 3327//4654
f 2377//1607 15//1606 3082//3657
f 1878//4523 3054//2141 1518//2140
f 1878//4523 92//285 3054//2141
f 2266//1910 2880//4655 2117//3379
f 1817//1186 1967//4580 3328//3579
f 1592//4656 1590//1039 1591//79
f 1592//4656 219//162 1590//1039
f 1825//4657 3825//1510 4024//3376
f 4025//2435 1383//4434 3825//1510
f 4467//4273 3869//4658 4480//4659
f 3567//1074 1247//818 1246//817
f 4039//4069 1000//3776 1312//2686
f 3358//3521 4637//2390 1820//1195
f 4168//3586 2362//1596 2363//1597
f 982//4477 803//61 4201//657
f 2965//4546 4613//4154 3858//4660
f 3848//2812 3312//2361 1206//3698
f 3727//1465 301//2677 4937//4661
f 3247//2816 844//722 3204//721
f 4993//4662 1170//1787 4697//4122
f 2383//1617 2391//2723 1210//994
f 566//605 2745//1417 2634//1811
f 1317//4168 4811//4481 2188//4663
f 4964//2066 857//580 2564//4293
f 3263//3302 2893//2022 1745//2021
f 2185//3004 2316//4503 3145//2214
f 46//1758 2987//4026 1773//1045
f 1538//1002 234//4664 2987//4026
f 1785//4665 3726//402 258//192
f 2572//1769 2021//4666 3411//3329
f 3756//4521 426//2761 2539//2760
f 2017//1496 793//546 4169//3199
f 2017//1496 1538//1002 793//546
f 3474//2882 3476//2527 3475//3933
f 1717//984 2242//1499 1718//2715
f 1717//984 3840//1497 2242//1499
f 2244//4055 3557//2590 686//486
f 1834//1201 3355//2622 1895//1258
f 4965//554 1558//3079 136//97
f 2231//1770 140//102 2232//392
f 4300//3356 717//4422 1068//705
f 2078//1370 2143//1372 694//1179
f 4282//4300 520//1452 521//1451
f 31//27 1095//732 4342//734
f 31//27 1232//26 1095//732
f 875//3773 1110//3772 1109//1337
f 4648//2513 3462//4068 4947//3225
f 1724//1130 1725//1129 193//4667
f 1536//1233 1063//571 1062//3797
f 2283//4597 313//865 314//4556
f 2283//4597 312//2080 313//865
f 1025//1662 3074//3993 1026//4264
f 4570//3743 4250//3745 4571//4367
f 1190//2609 838//1405 2887//4668
f 3337//1247 191//133 1582//1251
f 1017//672 2908//1762 3894//4669
f 2217//1933 2139//1413 2138//4539
f 2217//1933 2218//5 2139//1413
f 3738//4416 975//3725 189//4498
f 1803//4332 4990//3505 1802//4331
f 2604//4670 4531//2724 3700//2726
f 2860//3620 3615//1173 4467//4273
f 1889//1941 428//143 791//4227
f 3875//3162 4633//875 366//2499
f 882//1016 961//4671 3039//4672
f 2256//2540 2258//978 1512//977
f 2256//2540 4966//3022 3511//2541
f 548//398 2640//3763 542//399
f 4259//3549 4762//4223 4681//2495
f 3132//2202 453//313 448//1407
f 3132//2202 3131//314 453//313
f 1486//1987 4917//4426 4975//4673
f 2313//1551 360//1704 3188//4674
f 3684//937 4077//3103 121//3105
f 484//344 4532//343 4554//4675
f 1325//1026 4489//1708 928//4151
f 625//4509 626//4676 2084//2165
f 852//3256 2585//3819 1752//3818
f 4396//2862 4036//3055 240//3524
f 2916//335 1503//1927 1044//4677
f 1473//4678 2714//3452 284//4158
f 1242//2216 3238//908 4822//3015
f 4496//4679 3593//2628 4921//4123
f 264//74 2356//1621 303//1279
f 3150//3970 3149//3403 4968//3402
f 2219//4478 17//2630 2802//1932
f 4055//3076 718//4680 4858//4681
f 809//42 4411//3412 514//374
f 1659//2333 3291//2242 3290//4592
f 2700//1859 1471//3924 2182//2196
f 3799//3718 3800//3120 1947//2709
f 1949//1302 4072//3121 3800//3120
f 2266//1910 1930//3169 2787//1908
f 2749//4682 4296//4683 1274//2525
f 2775//592 4574//113 2774//3052
f 4083//4139 3886//1681 4775//4684
f 1082//2976 1702//137 3460//1116
f 1082//2976 3958//520 1702//137
f 4381//3475 2248//2893 4534//4487
f 4796//4117 3004//1174 3615//1173
f 764//3284 3424//2458 4928//2460
f 764//3284 1367//867 3424//2458
f 1614//1518 4218//942 1293//2896
f 1614//1518 1448//940 4218//942
f 3250//2304 703//499 2603//1785
f 763//96 4520//4469 2769//94
f 711//2544 2345//737 2751//2238
f 2918//149 1040//2792 3774//2033
f 1449//1396 1450//4685 2388//4686
f 1431//2508 2469//2113 405//2115
f 988//662 987//661 3017//2101
f 2367//3014 3344//4382 471//4381
f 3834//2960 3035//4687 4841//3794
f 619//123 1537//451 1915//573
f 289//214 291//216 697//3210
f 1742//4688 1166//771 1741//1538
f 1742//4688 3995//3614 1166//771
f 4697//4122 2888//1784 509//1786
f 375//1291 2751//2238 3159//2237
f 4133//3140 4741//4626 2931//129
f 2665//3829 1945//3828 2913//2771
f 235//2215 3144//2213 4935//2212
f 1644//2568 4469//2376 4470//3588
f 1644//2568 1938//2567 4469//2376
f 4461//4411 4830//4174 4462//4176
f 4744//2983 2178//430 4745//3997
f 2191//1456 341//1912 338//1113
f 1954//3319 620//1673 182//790
f 3745//4689 135//4400 4664//4690
f 429//4187 2666//4186 3270//4691
f 3086//4612 3087//2978 3996//3213
f 819//2855 820//1286 1219//1289
f 2998//3542 3492//3563 3493//4170
f 2770//1902 3851//2870 2769//94
f 2770//1902 3701//4425 3851//2870
f 676//4076 4116//3820 2379//1172
f 2755//1890 2754//3220 2759//1891
f 3584//2918 3608//2646 3588//3868
f 664//2473 3850//3671 4435//2472
f 3113//4692 3111//3390 614//4693
f 2616//1790 4957//4694 2613//1791
f 3177//4540 3321//587 4186//586
f 2365//1599 747//4233 3685//1446
f 4307//3726 3738//4416 2069//4415
f 3189//2268 534//1715 3989//2266
f 1356//4608 854//1816 2012//1815
f 1066//873 2610//1455 4492//4457
f 3414//4226 3413//3304 3415//4695
f 1342//2804 3111//3390 1595//2805
f 1706//1755 1597//1754 2962//2070
f 3745//4689 3670//4696 4582//4401
f 594//436 495//2419 1657//4697
f 594//436 595//2420 495//2419
f 3516//2548 3943//2952 4208//2951
f 1702//137 3958//520 2088//1466
f 4267//1069 3862//4572 1276//4315
f 1038//2106 491//3126 487//347
f 1122//3221 381//864 843//280
f 1122//3221 315//222 381//864
f 681//2848 4332//2109 4306//2108
f 2584//2012 2837//4578 2879//2010
f 2322//232 323//231 2321//1557
f 4518//4698 2980//1977 2847//1976
f 2571//1766 2122//2766 2121//1765
f 2446//1667 2869//2000 2135//1406
f 4925//4631 51//473 4762//4223
f 4903//4591 4997//4590 4971//891
f 1385//890 3047//112 4903//4591
f 2320//4699 1632//4700 325//3851
f 2885//4568 2192//1461 1362//1460
f 1064//3070 1100//2043 1102//4200
f 2227//2393 2862//2887 4922//2889
f 4922//2889 3868//2888 2230//4398
f 2491//2245 1487//870 2492//1347
f 958//1971 768//2924 633//3337
f 4471//254 350//1425 797//1424
f 1318//17 4408//4133 4923//371
f 227//171 2040//2873 1485//169
f 2025//1345 2024//1344 703//499
f 2967//2072 2018//2243 2429//3387
f 1855//487 1455//3348 688//3350
f 3430//3122 3714//855 2526//3502
f 4828//3903 4604//1718 4737//4701
f 2230//4398 2227//2393 4922//2889
f 1861//1235 3041//4702 3043//2127
f 1861//1235 2450//3435 3041//4702
f 2434//2968 2237//2971 4878//3816
f 286//166 698//4703 287//211
f 517//2147 518//3601 2407//1628
f 3728//4544 167//1838 172//4704
f 4686//521 2989//4061 759//519
f 499//471 3776//101 1481//965
f 1456//4447 1338//3581 1339//4526
f 2661//3468 210//2744 209//3980
f 1028//615 1027//3380 2630//3439
f 3383//3596 4126//3595 4837//2762
f 318//124 4027//3386 3870//3385
f 2375//3488 2372//2886 2889//3702
f 2202//1470 4946//3755 4539//4705
f 927//2608 2485//2602 2486//2521
f 840//930 2786//4603 105//1810
f 4655//3606 3289//3429 4026//3428
f 2752//4706 1893//4140 2453//3908
f 230//4707 3317//2366 2540//2546
f 2298//1540 231//342 4128//2637
f 4702//2748 4289//4555 2200//2745
f 44//51 1134//2849 3829//49
f 1324//944 624//3953 4372//2059
f 1324//944 481//943 624//3953
f 1217//804 2297//1541 4128//2637
f 3056//2142 1267//1328 49//53
f 157//4317 3046//2845 550//114
f 3679//4191 4//3358 305//4708
f 4255//4709 2893//2022 4363//4604
f 536//4126 4942//4710 2496//3417
f 536//4126 1031//4527 4942//4710
f 484//344 4823//4711 4891//345
f 1343//246 1344//2470 2712//4550
f 52//1183 2754//3220 2755//1890
f 150//4255 3734//961 4292//964
f 4716//408 1980//4712 959//2854
f 3570//786 2225//1483 1190//2609
f 2625//3371 1638//1104 1695//1103
f 2504//990 2654//2907 2505//2906
f 2276//1525 2277//1524 1864//4713
f 1379//2453 2806//3086 1380//1743
f 3118//1282 960//648 4641//647
f 3118//1282 3119//4038 960//648
f 3959//2979 3087//2978 4366//4714
f 4088//3112 155//3114 4091//4322
f 822//1807 1812//4371 2627//1805
f 452//312 166//772 453//313
f 2682//1851 1164//4492 4976//2428
f 2062//1362 4905//2061 4464//1363
f 2959//4241 2956//4429 2958//4715
f 3730//3363 3930//2933 2813//2751
f 3730//3363 390//290 3930//2933
f 2928//2467 1574//3821 2929//2465
f 3527//2557 4696//4716 2778//3922
f 1587//4717 1672//1035 4430//1627
f 1587//4717 4430//1627 3316//4718
f 646//3374 647//2249 1093//2248
f 4558//3573 4881//1493 4954//4585
f 771//202 852//3256 1752//3818
f 4362//1091 3871//3919 4833//4292
f 2955//3187 2188//4663 4479//4719
f 4973//4720 2978//4635 4850//4721
f 4559//4722 4850//4721 2979//4723
f 3664//3048 63//2397 465//889
f 3609//2648 3910//2991 3608//2646
f 3609//2648 4352//2919 3910//2991
f 3470//2623 4352//2919 3609//2648
f 1689//2320 8//9 411//4007
f 2594//4202 1935//1292 4123//4643
f 788//542 821//2338 669//468
f 375//1291 1749//1290 1747//277
f 948//634 2865//4029 1228//810
f 1080//1385 2098//4197 3307//4724
f 968//798 2990//2087 1204//795
f 3976//4725 4268//3252 3617//2180
f 535//4726 1760//2801 4752//3418
f 369//3633 1941//2348 305//4708
f 76//3735 445//309 706//311
f 2718//2275 3733//3806 423//4727
f 1145//2754 1144//385 433//58
f 3702//4728 263//2277 1664//4344
f 2696//3654 547//969 116//968
f 485//2864 1427//3952 192//660
f 4968//3402 2229//3534 3710//4582
f 4657//3875 1246//817 3038//3987
f 2730//3038 2727//3037 2982//3235
f 621//452 1496//4729 2181//2195
f 621//452 620//1673 1496//4729
f 1325//1026 1667//1415 1578//1027
f 4431//2559 3529//2558 4331//3401
f 2885//4568 311//1817 1363//2417
f 353//3968 2653//1826 2304//4030
f 4203//2353 1323//2259 3302//2645
f 953//1270 2608//3222 2103//643
f 4452//1194 4117//4730 4119//3129
f 3251//4212 3736//4157 2150//3011
f 1051//3650 272//205 4056//3082
f 3440//338 3441//2486 422//302
f 4405//3509 1142//4528 2905//1182
f 4899//1899 894//4085 4283//3332
f 1844//1223 3224//1224 3371//4731
f 2056//3405 1007//4201 2893//2022
f 2056//3405 4031//4100 1007//4201
f 1605//3205 563//1449 597//1448
f 1501//3802 1113//3159 478//2483
f 1501//3802 1043//4732 1044//4677
f 798//3511 2814//653 1729//652
f 1062//3797 3237//574 2427//4733
f 1017//672 3894//4669 3365//673
f 4861//760 132//1645 133//758
f 4131//2611 4133//3140 4132//3395
f 3383//3596 230//4707 2540//2546
f 3554//3838 221//1601 2369//1600
f 1800//2911 3954//3668 3955//2909
f 573//420 2370//1604 1152//3091
f 4568//3742 1422//4010 1186//66
f 4280//3328 2731//1199 1679//1084
f 258//192 935//67 1785//4665
f 15//1606 4269//2169 3083//4734
f 15//1606 4670//2204 4269//2169
f 542//399 2640//3763 3794//2813
f 3668//1893 3413//3304 3669//3303
f 3756//4521 3757//3333 3758//4522
f 3958//520 3633//3655 2088//1466
f 4064//2116 3845//4491 2257//2866
f 1748//1139 1750//4735 146//1140
f 2836//4507 2823//4396 2944//2052
f 986//4736 4283//3332 894//4085
f 603//3108 2303//1542 1739//514
f 2289//3290 2904//2641 2285//2939
f 2289//3290 2568//2692 2904//2641
f 3818//536 3061//2841 780//537
f 879//45 1808//2413 39//43
f 2057//1004 2846//4101 4031//4100
f 3609//2648 590//2647 1553//4607
f 3336//4737 3130//2199 493//2387
f 4810//585 4529//4419 4717//4421
f 944//627 3093//4357 4103//4738
f 4980//4739 2639//4399 3868//2888
f 3703//3032 263//2277 3702//4728
f 373//2975 2334//1562 2333//1561
f 2890//3489 4761//319 2376//318
f 63//2397 4033//1862 4049//4740
f 577//3077 1933//1666 4910//3531
f 808//4427 2136//1411 3907//3413
f 1899//1263 3934//3653 2238//1494
f 376//2155 375//1291 1747//277
f 4605//1115 470//1117 1037//688
f 3335//4444 2908//1762 1017//672
f 1943//1547 1942//2461 3343//3561
f 2130//3937 4923//371 2129//370
f 329//4741 1305//488 2306//4461
f 2790//1919 3422//2455 340//255
f 3046//2845 157//4317 3313//2538
f 2378//974 2197//138 2377//1607
f 2267//1753 2918//149 415//3132
f 1473//4678 4343//3315 2627//1805
f 4696//4716 4036//3055 4038//3057
f 895//599 2292//986 167//1838
f 1317//4168 4007//3790 332//245
f 522//376 1328//4742 523//377
f 3213//305 3383//3596 4837//2762
f 1576//545 4169//3199 793//546
f 1156//2890 2729//3857 4391//2891
f 1156//2890 551//2095 2729//3857
f 1032//2 4053//3072 4665//3
f 78//2005 368//1646 3236//3462
f 3987//2701 3389//151 3988//1615
f 1191//2344 2479//4441 316//2342
f 2481//1687 174//2601 2681//3261
f 4178//3955 1626//1061 3177//4540
f 2253//69 1452//2523 936//622
f 2355//2256 3172//2255 2993//2705
f 3375//2132 3723//2747 434//2133
f 1378//886 4039//4069 913//610
f 4634//3974 1485//169 1484//967
f 1051//3650 3874//2894 1710//3899
f 1182//642 4240//4743 1181//2192
f 1182//642 299//220 4240//4743
f 3061//2841 4196//29 32//28
f 1483//1647 3815//3793 4061//2835
f 1150//2404 3118//1282 4641//647
f 2245//1500 3556//1505 3558//1504
f 3514//4504 2316//4503 4821//4744
f 2317//1553 3514//4504 4821//4744
f 1435//924 2527//4388 3269//925
f 4577//2048 159//3600 4982//4613
f 1699//2335 1092//3025 459//2336
f 3248//3362 2580//1773 3746//593
f 4747//68 617//4745 4901//3957
f 4184//675 452//312 4918//4746
f 939//4082 1474//2586 938//720
f 1388//896 2354//84 2355//2256
f 1061//3352 370//1527 3023//2107
f 3463//3883 4194//3569 4193//1522
f 4336//3406 4167//4747 3045//2502
f 1859//2341 1214//2500 393//910
f 3922//4748 2414//1248 1821//2258
f 2508//418 4137//417 511//4327
f 2278//4749 582//2700 3013//3854
f 4531//2724 4109//4750 4110//1578
f 2278//4749 528//4621 928//4151
f 4540//3001 3953//4751 2437//3695
f 4540//3001 3974//3000 3953//4751
f 3507//4209 4271//4752 3506//2403
f 1015//669 2406//2769 1674//2770
f 4306//2108 259//1774 2580//1773
f 3107//2635 338//1113 337//251
f 4985//3309 3484//4181 4337//1068
f 4337//1068 4192//3307 4985//3309
f 3281//2326 846//4221 4120//4753
f 164//108 2909//2031 900//2469
f 746//4234 2365//1599 748//1598
f 3800//3120 1948//3119 1947//2709
f 1073//710 3704//501 3948//4754
f 4333//4755 4332//2109 681//2848
f 879//45 2014//196 2871//2649
f 770//4474 2360//1592 1701//249
f 2436//3372 2351//1581 4260//1656
f 3539//414 117//4051 515//4446
f 2533//1735 1759//3426 1760//2801
f 4323//4756 4055//3076 4054//826
f 2424//1650 1660//1651 183//121
f 2545//178 1644//2568 3512//2543
f 1665//1031 1666//3677 1579//1029
f 618//1857 1196//4114 317//1858
f 1968//3580 4798//4757 3329//4496
f 2850//2566 2750//1886 4674//1228
f 1329//845 4553//847 4145//3153
f 4167//4747 1006//4758 4254//4759
f 3397//2415 2681//3261 2151//4760
f 1229//3630 4460//3629 884//4269
f 1813//4182 423//4727 320//4548
f 2423//3811 1405//901 4311//4096
f 3849//2324 2226//3781 2697//2942
f 3598//3547 1671//1685 4259//3549
f 1071//707 2884//3240 2507//4761
f 947//633 559//2534 948//634
f 2633//4250 55//3081 1030//4762
f 2633//4250 1030//4762 1450//4685
f 2552//4763 877//906 427//3239
f 2472//3942 179//868 2329//1691
f 2416//1638 4786//4053 4117//4730
f 3876//4764 4287//4093 3877//907
f 4287//4093 4485//3757 1409//4765
f 4400//3923 3206//3812 3865//1905
f 3069//2152 3068//4766 4789//4767
f 3068//4766 2121//1765 2122//2766
f 3847//3658 4768//3660 2194//4768
f 1086//2892 1085//4769 1084//3626
f 1086//2892 3778//3934 1085//4769
f 1027//3380 598//1924 2630//3439
f 1056//2197 2932//691 168//115
f 4189//4558 687//3009 4383//3478
f 4217//4476 441//933 439//4270
f 1224//3837 1223//815 4640//814
f 3786//2030 2825//3508 2905//1182
f 2849//4063 4728//4062 4212//3258
f 2541//1745 4747//68 3641//1746
f 3844//2865 3843//1132 4770//4770
f 4187//3421 4793//8 2381//1611
f 3768//3272 2386//2789 1865//2788
f 340//255 4943//1911 336//1913
f 146//1140 202//4771 226//1141
f 1253//2406 3348//4397 1255//2262
f 3672//2708 3913//2614 1216//803
f 2980//1977 2688//4378 3661//4451
f 1850//3570 3926//3043 228//3042
f 2947//2062 3455//4497 4759//4594
f 3155//2224 4433//4772 2530//1733
f 4423//2944 4451//698 2697//2942
f 860//2561 2475//2222 1436//4549
f 141//2049 3266//3443 4356//3445
f 4577//2048 4982//4613 3266//3443
f 10//12 3912//11 3166//3325
f 4266//1164 1480//4773 4627//3803
f 4291//3339 659//3338 1411//2565
f 2596//1783 4345//4774 4346//1781
f 2236//4775 2457//844 734//1672
f 2466//3859 2465//3111 4083//4139
f 2466//3859 4986//3860 2465//3111
f 3994//2674 3501//2673 3637//4435
f 1266//3198 2633//4250 1450//4685
f 1817//1186 1301//4109 1967//4580
f 4615//3791 4614//1946 4819//4153
f 3427//4485 4386//3880 3620//4614
f 2787//1908 415//3132 1439//1909
f 2665//3829 2664//1842 2454//1844
f 3974//3000 1842//3346 3953//4751
f 3268//4431 4126//3595 4125//4432
f 2437//3695 3953//4751 1988//3317
f 4792//4033 228//3042 4987//4032
f 1021//3074 1779//1158 3469//680
f 2620//1800 4141//3144 3454//2085
f 3577//2615 3879//2618 3880//322
f 2501//4243 3197//4307 4873//4776
f 3081//2158 1240//2157 1078//2908
f 237//172 1407//903 3152//2441
f 1513//2560 1123//34 289//214
f 2316//4503 4890//4777 1140//715
f 1537//451 2427//4733 1915//573
f 4285//3336 1595//2805 3771//1625
f 155//3114 1069//3113 1070//3365
f 2920//2879 2922//2349 1941//2348
f 2625//3371 1641//1073 1640//1072
f 4310//3370 4221//3265 1641//1073
f 2625//3371 4310//3370 1641//1073
f 1699//2335 821//2338 1697//1111
f 1553//4607 3471//2624 3470//2623
f 768//2924 2742//2102 232//728
f 768//2924 767//809 2742//2102
f 4105//4049 3539//414 909//4778
f 1//1612 4892//4779 4426//3532
f 4494//3746 4493//1870 4572//4780
f 3113//4692 614//4693 677//3870
f 780//537 4476//3810 3676//538
f 3694//4279 3257//4340 4052//2309
f 1584//3035 2781//3263 4219//2137
f 4529//4419 4914//4418 3566//4420
f 4370//2400 3665//4781 3370//2401
f 3370//2401 3665//4781 3663//4782
f 4179//3218 1626//1061 4178//3955
f 4179//3218 4658//1062 1626//1061
f 2794//4532 4988//2736 341//1912
f 2186//4205 1422//4010 4773//4206
f 3681//4328 511//4327 4137//417
f 1467//4783 159//3600 4641//647
f 1467//4783 1468//4784 159//3600
f 2250//2023 4215//3976 4497//4785
f 210//2744 432//3467 208//1021
f 4283//3332 2768//3651 3747//2016
f 4459//2528 3476//2527 3474//2882
f 4712//4111 23//20 3185//2917
f 4332//2109 1059//3839 1060//4786
f 3127//4077 4782//4078 2310//630
f 1836//719 4063//3095 1837//1206
f 3161//1993 2306//4461 1304//4787
f 2848//1979 3744//4271 3743//4788
f 208//1021 3154//2903 544//1022
f 208//1021 432//3467 3154//2903
f 413//3607 1091//3545 4961//3318
f 413//3607 1888//4505 1091//3545
f 4605//1115 4608//3783 1129//2358
f 4608//3783 4605//1115 1037//688
f 3697//703 383//286 385//288
f 4968//3402 923//3019 2229//3534
f 586//388 2022//3925 2572//1769
f 320//4548 3733//3806 1088//726
f 3097//4345 3428//4473 3429//4407
f 4975//4673 4867//4280 1488//1350
f 96//2727 406//2219 3698//2725
f 3764//1278 2296//1277 630//460
f 1791//2382 1381//3264 1601//4586
f 3840//1497 1717//984 3085//995
f 2607//3223 298//221 2608//3222
f 2607//3223 2983//4789 298//221
f 404//1794 4517//3334 1161//3798
f 1659//2333 3290//4592 1308//2556
f 2840//4004 2843//1966 4439//3552
f 4149//4790 3378//2044 242//3878
f 2361//1593 1468//4784 1467//4783
f 3831//4567 4282//4300 1992//1322
f 1849//3008 4592//1227 1848//3010
f 2237//2971 2434//2968 949//637
f 1042//142 1647//1077 1649//1078
f 549//3956 548//398 2641//2231
f 4652//3194 2407//1628 3909//3195
f 1508//4037 1726//481 1507//4035
f 3757//3333 19//3088 3758//4522
f 3695//2719 444//2718 10//12
f 4101//3123 3100//3663 3099//4791
f 3990//4792 3989//2266 2558//3807
f 2462//1677 408//2369 1168//2368
f 3739//3873 1555//1005 1891//3963
f 1297//858 2662//3171 3864//3173
f 1297//858 1296//3688 2662//3171
f 3864//3173 3681//4328 1297//858
f 2782//4436 324//233 111//87
f 2358//2654 3300//1040 77//4276
f 2312//1549 3188//4674 4616//4312
f 2312//1549 4616//4312 3749//4566
f 3439//2484 2353//1586 1903//3713
f 1220//3554 543//401 1221//396
f 638//4072 1926//2577 597//1448
f 3384//3895 4716//408 160//407
f 3218//2282 3692//659 4474//3679
f 3682//3640 4213//2791 4840//4793
f 3244//2429 3919//3293 4688//1929
f 2156//3665 4457//4423 4838//4794
f 756//4098 3636//4013 3635//4099
f 756//4098 1488//1350 3636//4013
f 4076//853 1627//1064 1624//854
f 798//3511 4185//3512 2814//653
f 2359//75 1515//980 4589//979
f 2091//4320 3703//3032 268//4795
f 243//4483 4133//3140 4129//3141
f 3093//4357 944//627 3092//626
f 1185//784 3822//3861 4094//4107
f 2061//3507 830//991 614//4693
f 536//4126 2497//3889 535//4726
f 2112//4450 4663//4796 816//569
f 1535//1699 2102//1935 955//645
f 4509//3645 3163//4499 3162//939
f 1794//1706 2484//1705 4284//3335
f 3271//4797 1261//3300 429//4187
f 3790//3992 3788//2809 1122//3221
f 2817//2002 4661//3879 4295//4525
f 883//1093 16//1092 4506//3958
f 1553//4607 4952//1501 4248//3297
f 403//4798 2928//2467 402//409
f 2736//2817 3833//4034 3038//3987
f 344//3068 348//3067 345//1463
f 2681//3261 174//2601 2151//4760
f 4242//3288 3471//2624 2706//1531
f 2716//3090 4753//1205 2715//1874
f 1157//3624 1119//3623 3493//4170
f 3937//2940 3939//699 4451//698
f 10//12 444//2718 4546//10
f 1012//4437 1587//4717 3316//4718
f 1814//656 978//655 1236//1878
f 3330//827 4210//4602 3332//4601
f 3267//4065 4125//4432 1016//671
f 2970//3231 1838//1207 3811//2074
f 1542//1975 966//1974 1541//2784
f 2609//1454 2235//269 865//582
f 4555//2139 2576//3909 4813//3911
f 4123//4643 4992//4644 3185//2917
f 1105//3278 4195//1297 195//1696
f 4809//4134 4759//4594 2892//4799
f 1735//1513 1734//447 3249//4800
f 3507//4209 4371//1863 4271//4752
f 1958//3217 20//3216 4319//264
f 2028//4351 437//4460 60//56
f 2422//1648 3434//1649 2423//3811
f 1238//4801 3109//883 4108//882
f 1826//1560 3128//4802 4281//1197
f 2313//1551 3551//2931 360//1704
f 3811//2074 3812//2828 3134//3965
f 2495//1978 2980//1977 4897//3890
f 4084//1491 4024//3376 4086//894
f 1824//301 1057//694 2055//695
f 1824//301 288//213 1057//694
f 2975//3832 4560//4359 2974//2292
f 1704//1120 1667//1415 1326//1118
f 1962//3273 1963//2532 3489//3642
f 2095//1383 1648//822 1259//823
f 231//342 4021//1250 1217//804
f 1259//823 1258//351 490//350
f 1934//2345 3079//2985 3080//683
f 1532//544 3227//3729 2009//2337
f 1732//2200 61//57 3936//1725
f 1732//2200 3336//4737 61//57
f 1701//249 769//4342 770//4474
f 1701//249 3107//2635 769//4342
f 506//367 3025//1036 1587//4717
f 2770//1902 3898//4161 2565//4326
f 3075//1775 259//1774 4258//2329
f 4159//1023 3479//2530 2045//1358
f 4801//1539 4802//2432 4726//4274
f 4947//3225 3462//4068 2272//4563
f 3572//3858 510//1895 3844//2865
f 3743//4788 1447//4629 2848//1979
f 2571//1766 1965//2767 2122//2766
f 894//4085 984//2177 986//4736
f 460//3941 2521//1498 3840//1497
f 4713//4803 3688//2008 2499//3209
f 4713//4803 2668//2009 3688//2008
f 4713//4803 2118//4804 2668//2009
f 425//3628 3442//3627 661//3354
f 3427//4485 4994//4486 3622//4805
f 1273//4806 932//829 3504//3840
f 1846//800 1212//802 1279//712
f 3903//2703 3448//2947 3447//2946
f 4290//3030 532//384 2952//400
f 144//3891 1876//4341 769//4342
f 2400//2188 3802//2819 4820//2189
f 3638//3747 2705//3296 1558//3079
f 1289//832 1292//831 2111//1967
f 413//3607 1090//2842 1603//1046
f 428//143 1071//707 2507//4761
f 2395//3306 4350//3432 4495//3625
f 3235//4008 368//1646 132//1645
f 3235//4008 3236//3462 368//1646
f 1435//924 3155//2224 2529//1732
f 495//2419 2008//788 3293//2343
f 458//834 2489//1712 2059//1711
f 2128//3484 4429//3670 1832//3758
f 3308//2478 4913//3975 3781//2799
f 2600//2315 654//3017 651//2316
f 2551//3241 3285//1336 1110//3772
f 2494//2311 957//1972 958//1971
f 4696//4716 4038//3057 2778//3922
f 3877//907 3809//2860 3808//4807
f 752//518 753//517 1104//1230
f 4008//4808 2574//4319 4966//3022
f 4399//4329 2387//4537 4026//3428
f 1506//2961 881//3715 862//3714
f 3278//3804 3276//4809 2618//1797
f 1731//2569 3936//1725 3129//1767
f 82//4810 4253//2110 2072//3298
f 3245//3517 2314//281 777//532
f 4558//3573 2512//4811 2966//4439
f 2632//4295 2255//3143 882//1016
f 2104//225 2105//1389 908//2184
f 642//1000 1538//1002 2240//730
f 162//1707 1522//4050 2687//4022
f 117//4051 1522//4050 162//1707
f 3364//3536 3542//1488 2910//1487
f 3109//883 2094//1856 3110//3986
f 2989//4061 1035//4488 3871//3919
f 435//174 2671//2439 241//92
f 4295//4525 684//484 2817//2002
f 2332//1563 3986//3920 4451//698
f 1320//1221 100//1222 1319//2716
f 2262//1516 1681//3250 2261//1514
f 1873//1241 1183//783 956//1242
f 1756//3424 1757//3551 1449//1396
f 4052//2309 4056//3082 3695//2719
f 1639//1102 1642//3808 3038//3987
f 2228//2392 923//3019 3488//2173
f 1331//850 4183//4630 1715//1127
f 1252//2367 2343//1568 3103//2183
f 3761//2772 1767//693 1055//692
f 534//1715 2499//3209 2498//1716
f 484//344 4554//4675 4202//3268
f 4425//4812 2289//3290 4243//4813
f 2321//1557 2320//4699 921//1558
f 4857//2555 4840//4793 4142//4814
f 2915//2223 2475//2222 4433//4772
f 1855//487 688//3350 1304//4787
f 2495//1978 2669//3419 2118//4804
f 1556//4815 1891//3963 4583//4816
f 4421//2251 1092//3025 3106//3024
f 4234//3283 4235//3280 2049//1361
f 4277//3324 4276//3822 4274//3323
f 4583//4816 1891//3963 4582//4401
f 1867//1239 3917//727 474//729
f 2031//1354 261//193 552//195
f 2000//1325 1793//1176 674//1178
f 782//3652 1906//3977 1403//899
f 3690//2171 3082//3657 3083//4734
f 731//2227 1718//2715 2520//999
f 629//2298 701//496 2259//1968
f 3435//2481 3434//1649 3468//2480
f 4485//3757 1832//3758 1410//4048
f 3577//2615 4368//4589 4367//4188
f 3034//2124 875//3773 3685//1446
f 3034//2124 876//3774 875//3773
f 3727//1465 1458//2300 3418//2447
f 675//4817 4743//4818 3836//3612
f 3016//3026 3340//3585 1478//3661
f 1070//3365 1069//3113 3646//3366
f 3310//2360 2533//1735 3783//2802
f 4719//4178 3182//3946 1563//3736
f 94//78 3365//673 3894//4669
f 1901//2764 3759//2763 2511//3572
f 4731//3984 2382//3189 2//3188
f 4731//3984 885//4610 2382//3189
f 2495//1978 4713//4803 2847//1976
f 1458//2300 3727//1465 4937//4661
f 95//80 828//2050 1733//81
f 3221//170 1485//169 3487//3973
f 1459//2650 1460//1412 3610//4
f 1459//2650 370//1527 1460//1412
f 2181//2195 3120//3393 622//453
f 2181//2195 1694//1232 3120//3393
f 3417//3656 239//1106 57//3523
f 2456//2220 2453//3908 2454//1844
f 894//4085 985//2178 984//2177
f 223//1740 1254//4819 224//2261
f 3646//3366 4481//4059 4764//4502
f 3646//3366 4090//1833 4481//4059
f 4051//226 2833//4820 2834//4150
f 4051//226 2104//225 2833//4820
f 4522//4440 763//96 3261//4251
f 2571//1766 2570//1475 3341//3434
f 1568//1017 1127//744 3040//1018
f 3040//1018 1127//744 962//3456
f 1496//4729 618//1857 2700//1859
f 1795//4256 851//3701 850//3257
f 3542//1488 975//3725 922//1489
f 996//4821 1987//1338 500//358
f 3991//4043 73//1482 3893//1099
f 1491//4470 495//2419 3293//2343
f 17//2630 2280//1530 2802//1932
f 2781//3263 2782//4436 111//87
f 3042//2128 260//3436 101//3849
f 4531//2724 2604//4670 4109//4750
f 4655//3606 4314//3440 2630//3439
f 4655//3606 4026//3428 4314//3440
f 328//241 287//211 2715//1874
f 4669//4039 3119//4038 3118//1282
f 3354//144 428//143 2507//4761
f 3775//4531 1980//4712 1146//2613
f 2295//2123 2294//3499 2364//3498
f 3088//2161 3243//4203 4893//4570
f 3432//3724 3073//3723 2930//3994
f 2357//4822 3613//2655 2358//2654
f 4016//2958 4617//3795 3053//4218
f 1152//3091 574//421 573//420
f 4477//1747 4376//2681 4706//4823
f 1564//1013 2590//1777 3791//3938
f 2234//2436 3128//4802 1384//2437
f 3979//4639 348//3067 2798//257
f 1798//1633 1777//4310 2561//4232
f 2836//4507 1469//4824 2823//4396
f 4396//2862 3838//3431 4036//3055
f 3889//3135 1577//4825 1766//1804
f 2104//225 119//227 1098//1388
f 3074//3993 2214//48 1026//4264
f 2476//3847 273//207 1256//206
f 4199//3237 3480//2531 2887//4668
f 3939//699 3938//2941 1408//4574
f 1209//1170 404//1794 1161//3798
f 2178//430 2174//1441 2177//3996
f 2178//430 589//432 2174//1441
f 4693//4628 2508//418 4231//4542
f 4693//4628 3912//11 2509//4195
f 1966//4494 1303//4579 3331//4495
f 262//194 2883//224 553//3617
f 2174//1441 589//432 4324//4309
f 3748//2328 176//2191 3749//4566
f 215//1393 2116//1394 3627//1288
f 3804//212 283//1576 818//1575
f 3804//212 818//1575 1969//812
f 3965//431 722//4641 2159//4303
f 1942//2461 527//4826 3343//3561
f 998//561 3716//2246 1124//559
f 3289//3429 4587//4827 3538//3430
f 1228//810 2410//2682 2071//635
f 4057//2485 1885//1253 1884//1252
f 2715//1874 4753//1205 4063//3095
f 1113//3159 3741//4828 66//1587
f 3276//4809 4473//4433 4472//4829
f 3276//4809 3277//2321 4473//4433
f 3658//3893 2452//3567 2451//3039
f 3658//3893 4981//3566 2452//3567
f 2822//4632 3602//4830 3601//4831
f 1203//2853 3372//3577 2957//2851
f 2572//1769 3002//2091 537//389
f 2572//1769 864//686 3002//2091
f 2734//4173 3456//2913 2994//3708
f 4145//3153 4143//3150 1329//845
f 4887//1831 4715//3959 3941//2945
f 1656//4266 1473//4678 648//3139
f 3773//4832 3772//4833 3100//3663
f 4351//3433 4350//3432 436//620
f 1825//4657 4025//2435 3825//1510
f 4131//2611 4132//3395 4130//3394
f 394//2519 1067//1028 3143//1803
f 742//4071 4632//919 3399//4070
f 2653//1826 2305//4834 2304//4030
f 1812//4371 1811//1203 1594//1041
f 4616//4312 4129//3141 3573//2610
f 4045//2112 3508//2755 1745//2021
f 4045//2112 4171//4023 3508//2755
f 2809//1938 3339//1937 1224//3837
f 4039//4069 2948//885 1000//3776
f 4039//4069 1378//886 2948//885
f 3503//3881 3502//3116 3060//353
f 2673//495 2674//1845 4220//493
f 3319//3369 2519//2829 2785//306
f 3190//4252 3788//2809 1029//2267
f 4620//2452 4619//3093 507//368
f 2515//1719 4828//3903 4859//3902
f 4599//1962 4563//4115 4562//4402
f 4070//3164 2846//4101 4483//3731
f 3606//4835 3910//2991 3607//2990
f 2542//4490 4594//4393 4595//4392
f 4471//254 797//1424 143//253
f 3762//2775 1489//4836 316//2342
f 1542//1975 3992//2783 1550//3730
f 1054//4584 4931//4463 114//2572
f 229//3163 3317//2366 1547//4600
f 4925//4631 4762//4223 3222//2972
f 2150//3011 2505//2906 2149//2905
f 778//534 3247//2816 2315//3516
f 4011//4058 761//3853 111//87
f 1841//4403 1394//1213 1135//2422
f 2991//3892 4672//3224 3658//3893
f 1489//4836 3524//3882 316//2342
f 3905//4837 2919//779 4834//2035
f 620//1673 618//1857 1496//4729
f 2404//4025 3062//859 2402//3904
f 4706//4823 4376//2681 567//2750
f 4789//4767 3068//4766 4885//2765
f 3036//2959 4813//3911 382//4838
f 4601//4839 1386//895 4024//3376
f 4936//1268 3224//1224 1908//1269
f 1875//105 271//204 770//4474
f 852//3256 771//202 271//204
f 1875//105 852//3256 271//204
f 4390//4840 2822//4632 4958//4395
f 2131//423 3123//4412 581//424
f 990//4516 460//3941 1792//4348
f 1021//3074 2784//3834 2344//1570
f 2946//1364 3173//4185 189//4498
f 3270//4691 2913//2771 3269//925
f 2496//3417 2495//1978 2981//4125
f 2927//3243 4632//919 4514//33
f 2521//1498 1718//2715 2242//1499
f 2521//1498 2520//999 1718//2715
f 2713//4054 3387//4841 1//1612
f 4667//4165 1788//4164 4882//4842
f 3127//4077 3710//4582 2229//3534
f 728//4088 4302//1985 1432//618
f 728//4088 3419//2446 4302//1985
f 4912//2493 2466//3859 3737//2488
f 4336//3406 4814//4843 1006//4758
f 1136//753 1394//1213 250//1961
f 1540//1408 600//438 599//440
f 2657//1832 4482//4365 4481//4059
f 4908//4391 4095//4844 4096//4845
f 3331//4495 1864//4713 3332//4601
f 1931//3954 481//943 4778//2980
f 1931//3954 624//3953 481//943
f 1458//2300 4302//1985 3419//2446
f 3015//4113 252//4846 635//916
f 2169//1434 2170//2380 4327//3637
f 783//88 2939//539 321//725
f 4519//4194 2459//1676 3359//4847
f 3770//3843 2399//1626 4642//3844
f 1723//1128 1724//1130 2198//1467
f 3380//2871 99//4649 3295//3646
f 3380//2871 100//1222 99//4649
f 4637//2390 3358//3521 924//3520
f 3437//3343 151//769 505//366
f 323//231 1833//1259 1632//4700
f 323//231 1631//1260 1833//1259
f 4610//4442 3418//2447 2680//1848
f 4110//1578 3796//1580 2832//816
f 4330//3399 1336//4120 4328//3400
f 4503//3796 4504//1331 2626//4848
f 4503//3796 1177//3971 4504//1331
f 3976//4725 3101//1828 3024//3316
f 3038//3987 1642//3808 4657//3875
f 3000//4616 1159//766 2176//4617
f 2080//1391 406//2219 96//2727
f 416//1123 3902//2114 1707//1121
f 3302//2645 3337//1247 4823//4711
f 1821//2258 2414//1248 3337//1247
f 109//1622 2393//494 2392//236
f 3593//2628 4880//4849 3369//2629
f 3593//2628 4496//4679 4880//4849
f 3623//4208 3624//4210 3507//4209
f 3506//2403 4098//4211 3623//4208
f 868//1438 867//1439 1916//4850
f 2080//1391 2831//4408 2081//1392
f 727//2737 4875//3147 4578//2208
f 3142//4222 2075//1808 4655//3606
f 2140//4538 2137//2125 2138//4539
f 961//4671 3992//2783 1543//2782
f 825//2640 3283//915 3792//2811
f 2931//129 4741//4626 3378//2044
f 3977//4583 2887//4668 2886//15
f 1354//4149 4051//226 2834//4150
f 2214//48 1504//3604 1459//2650
f 2266//1910 1439//1909 3923//3133
f 2532//1340 1759//3426 2533//1735
f 2704//1868 37//39 3232//2294
f 1815//4851 1454//297 1453//3700
f 3827//2927 3826//2847 2516//2846
f 4428//3760 3185//2917 4992//4644
f 1434//921 181//920 3442//3627
f 4098//4211 3624//4210 3623//4208
f 2432//2883 2433//2496 2434//2968
f 567//2750 1079//1812 4356//3445
f 3327//4654 4673//3396 2709//4852
f 1116//3158 781//972 67//22
f 4537//3687 433//58 3887//2904
f 3750//4565 1201//794 4003//3016
f 902//1958 903//1957 362//270
f 4031//4100 2056//3405 2057//1004
f 138//3207 4453//3206 4454//857
f 3307//4724 2183//4198 1082//2976
f 3498//2916 4566//3948 4104//3950
f 721//4302 4838//4794 2157//1421
f 878//2013 461//562 2883//224
f 4577//2048 3266//3443 141//2049
f 1292//831 1291//833 1897//1262
f 4050//3064 838//1405 4502//3062
f 4645//3848 3720//4064 3365//673
f 2698//1486 2697//2942 3986//3920
f 1365//2604 3568//2603 2693//2698
f 702//498 1204//795 2990//2087
f 2987//4026 234//4664 4739//4853
f 274//3330 1910//2239 3479//2530
f 3753//2757 2880//4655 3923//3133
f 2122//2766 4885//2765 3068//4766
f 4846//3578 1968//3580 1273//4806
f 2527//4388 2531//2638 307//1729
f 1229//3630 4598//3778 4731//3984
f 1852//4854 1377//4002 1001//3874
f 52//1183 1142//4528 1143//3872
f 1522//4050 4105//4049 1354//4149
f 3588//3868 3606//4835 3607//2990
f 1973//3824 150//4255 3273//4254
f 3467//2522 2254//2280 3217//2281
f 756//4098 757//948 3888//851
f 4890//4777 3981//3005 3980//2910
f 4890//4777 3798//3003 3981//3005
f 1685//4855 652//2314 1683//1085
f 4457//4423 2152//2925 4825//4373
f 1543//2782 1541//2784 3765//4856
f 459//2336 1092//3025 668//469
f 2253//69 2254//2280 1452//2523
f 3417//3656 1847//2206 2624//4430
f 1492//4857 929//1594 1493//2001
f 2439//1659 826//1300 1160//1657
f 844//722 1676//2721 3076//2359
f 1415//4370 2986//4028 4757//4027
f 878//2013 1882//588 880//589
f 4158//1198 2730//3038 2982//3235
f 4564//4172 2176//4617 4548//3705
f 645//2247 668//469 4698//2250
f 1612//1217 1842//3346 3974//3000
f 2516//2846 2514//1717 2515//1719
f 3780//4858 3779//4193 4234//3283
f 922//1489 124//3427 679//476
f 3487//3973 4634//3974 4278//2986
f 3439//2484 4707//4308 420//336
f 1990//1321 2267//1753 1706//1755
f 2043//2689 306//1010 3647//2356
f 4193//1522 2270//4859 2269//3571
f 420//336 737//3444 738//337
f 2495//1978 2118//4804 4713//4803
f 4055//3076 4858//4681 4884//4860
f 4573//4511 2106//3529 2107//4510
f 1462//952 248//954 3830//4238
f 2488//2271 2490//2270 3010//4599
f 614//4693 3111//3390 1802//4331
f 2891//2017 576//1665 1359//773
f 2885//4568 1362//1460 311//1817
f 2952//400 532//384 548//398
f 376//2155 1747//277 2260//276
f 4289//4555 1721//1367 2007//2795
f 2120//1398 2570//1475 2215//2151
f 4148//4625 242//3878 3378//2044
f 2336//1564 569//755 2337//1565
f 2336//1564 3939//699 569//755
f 932//829 3580//2620 3504//3840
f 309//3732 4565//3738 4534//4487
f 309//3732 4335//3404 4565//3738
f 1768//4097 1765//1024 1576//545
f 2372//2886 2375//3488 3984//4015
f 2942//2451 2941//2929 3742//4448
f 4886//3345 4246//3367 3645//4042
f 1158//765 4664//4690 2510//4380
f 2038//2874 1485//169 2040//2873
f 4803//3768 1850//3570 3463//3883
f 4803//3768 3463//3883 4188//3226
f 211//3686 1504//3604 4258//2329
f 818//1575 2349//1574 4584//4861
f 738//337 1588//1620 1796//3522
f 4176//4862 4976//2428 4827//1931
f 2484//1705 2687//4022 1523//361
f 4862//4863 4098//4211 3136//2402
f 2716//3090 2428//3685 4753//1205
f 4972//2550 3943//2952 3516//2548
f 4486//3615 2442//1661 3404//1722
f 4041//3827 3827//2927 3896//3267
f 3083//4734 4269//2169 3690//2171
f 4953//4864 4996//4865 3108//3211
f 3901//4866 3900//2915 1655//3780
f 3901//4866 4600//3156 3900//2915
f 4505//1295 3639//2678 1609//1048
f 3049//4089 4510//1654 3649//1653
f 3049//4089 3048//4867 4510//1654
f 2673//495 2393//494 109//1622
f 4679//4868 3316//4718 3898//4161
f 2409//1631 1798//1633 1799//4231
f 1463//953 1646//1076 248//954
f 456//835 2059//1711 2279//3006
f 1067//1028 1578//1027 1516//704
f 1492//4857 1489//4836 929//1594
f 2604//4670 2048//1360 4109//4750
f 1049//2895 74//2307 1050//4247
f 1049//2895 1051//3650 74//2307
f 2866//2822 2549//4112 1801//2821
f 3721//1763 2908//1762 3335//4444
f 2567//1764 2907//3982 2908//1762
f 2855//1988 3545//2580 4629//3788
f 4514//33 4513//2651 2927//3243
f 3075//1775 4258//2329 385//288
f 3537//3392 3209//1519 4668//190
f 275//4869 2165//2355 2494//2311
f 2469//2113 1457//2299 2471//1819
f 1743//2163 3959//2979 2107//4510
f 24//21 3711//506 710//505
f 4114//4361 4113//4360 2977//3717
f 4069//2084 4154//3166 212//154
f 1661//145 1066//873 836//4445
f 1042//142 3354//144 1260//2272
f 2210//1959 803//61 71//63
f 2210//1959 804//553 803//61
f 235//2215 2185//3004 3145//2214
f 2452//3567 2202//1470 2203//1469
f 2943//2982 1924//1283 1150//2404
f 89//4288 373//2975 2590//1777
f 3854//1515 3254//3127 83//109
f 4739//4853 1415//4370 4757//4027
f 4948//4870 4646//1900 2539//2760
f 4589//979 3683//981 2483//1688
f 2312//1549 3749//4566 176//2191
f 1795//4256 269//201 2858//2081
f 2583//4871 2718//2275 3990//4792
f 892//2332 4174//4637 2677//2547
f 2520//999 39//43 1807//2756
f 4532//343 4891//345 3579//2136
f 158//4184 2761//2362 3313//2538
f 3050//2135 4397//2134 4219//2137
f 4482//4365 2917//2034 3774//2033
f 4481//4059 4482//4365 3774//2033
f 4136//4872 2412//1796 2411//2672
f 740//4137 4290//3030 2952//400
f 2357//4822 77//4276 76//3735
f 1207//463 2441//3699 2440//4356
f 3558//1504 3325//1507 4951//3299
f 254//2089 447//929 4730//4873
f 1605//3205 951//19 1604//234
f 1510//2331 1726//481 1508//4037
f 1098//1388 119//227 118//650
f 1278//4314 3326//1067 4711//4874
f 4005//2391 3363//3535 2985//3533
f 3055//1641 1477//963 462//458
f 3621//3473 4904//4354 4295//4525
f 1296//3688 1297//858 4286//4573
f 4371//1863 3664//3048 4271//4752
f 3664//3048 3663//4782 4370//2400
f 2437//3695 4644//3898 4361//3696
f 1191//2344 1490//4017 2479//4441
f 1736//1135 1738//1137 937//2587
f 4478//2808 3053//4218 3052//846
f 3216//303 1229//3630 4124//4333
f 4949//3099 3713//2739 4074//3100
f 2028//4351 2027//2505 2026//3458
f 3767//4493 4780//4180 4677//4545
f 3311//3054 356//3053 2533//1735
f 1389//631 1998//3751 1999//632
f 4904//4354 2244//4055 3485//4524
f 4298//467 1124//559 3716//2246
f 238//3877 1642//3808 3409//2434
f 97//1473 4662//3673 1857//3683
f 4647//3611 3836//3612 4743//4818
f 3269//925 2527//4388 3272//4387
f 1061//3352 371//3501 370//1527
f 1033//2396 2232//392 1034//3073
f 4168//3586 2810//1939 2808//1936
f 912//609 1851//4564 3998//4003
f 912//609 911//608 1851//4564
f 3483//4875 2246//1503 4192//3307
f 3975//2999 4540//3001 4361//3696
f 3308//2478 4108//882 1376//884
f 2327//2111 4253//2110 3164//3102
f 3580//2620 2992//3841 3504//3840
f 3033//801 3032//3885 1809//3710
f 674//1178 919//3850 4743//4818
f 4058//3085 4930//3084 4816//4143
f 3082//3657 15//1606 3083//4734
f 2703//3792 3221//170 3723//2747
f 3553//2695 3552//3912 3551//2931
f 897//892 3047//112 1385//890
f 87//1613 4111//4876 3193//821
f 2784//3834 1021//3074 1022//682
f 3799//3718 826//1300 1949//1302
f 1149//4454 4602//3219 4896//4144
f 24//21 23//20 1727//1472
f 4116//3820 676//4076 1574//3821
f 1420//3575 152//2288 2247//2285
f 2227//2393 4725//4877 3363//3535
f 2831//4408 1247//818 1641//1073
f 2831//4408 2832//816 1247//818
f 1038//2106 490//350 3019//349
f 3239//1056 1617//1055 2852//1984
f 4769//1162 1805//1161 4297//4466
f 3458//135 4418//570 4769//1162
f 4615//3791 4441//4878 3255//3558
f 789//4268 3397//2415 2151//4760
f 4112//1872 3863//1871 3862//4572
f 2035//2131 2065//3464 3375//2132
f 1618//1457 2191//1456 1619//2636
f 45//4118 766//1546 3174//1545
f 1068//705 3889//3135 1927//706
f 2236//4775 734//1672 1111//1492
f 4533//3253 2504//990 1194//3680
f 1607//4879 4509//3645 1606//4880
f 4801//1539 2299//1535 4802//2432
f 1266//3198 2632//4295 2633//4250
f 2431//4413 694//1179 2143//1372
f 1018//674 451//3622 4134//4881
f 2546//4609 1994//4369 4129//3141
f 1665//1031 1578//1027 2145//1414
f 3006//4882 3997//3214 3090//2824
f 492//2996 3576//321 4687//2997
f 4600//3156 1655//3780 3955//2909
f 1022//682 1009//681 1008//791
f 3581//1108 4273//2065 79//3002
f 1784//1169 1154//4346 1782//1167
f 663//1380 3951//4196 2083//1381
f 454//2884 455//3496 3867//2885
f 4451//698 3986//3920 2697//2942
f 3875//3162 714//876 4633//875
f 1046//2389 3904//4561 3357//4883
f 687//3009 4204//3703 3065//1630
f 1849//3008 3065//1630 4592//1227
f 1829//4245 762//3619 3292//2807
f 3585//2644 4511//2625 2284//2642
f 4215//3976 4755//2575 4880//4849
f 2386//2789 4399//4329 193//4667
f 2386//2789 2387//4537 4399//4329
f 3048//4867 3651//2691 4510//1654
f 3048//4867 1282//4383 3651//2691
f 1316//2015 2188//4663 2382//3189
f 4749//4016 3559//2592 3392//2591
f 713//3203 842//572 1694//1232
f 1408//4574 569//755 3939//699
f 1571//4547 3016//3026 873//187
f 1205//796 1476//960 391//2100
f 3668//1893 3415//4695 3413//3304
f 735//584 4492//4457 865//582
f 4618//1684 2579//4884 3956//2973
f 2605//4006 4402//4060 3030//3059
f 1572//4031 3335//4444 1456//4447
f 4974//2598 2163//1404 2162//3936
f 740//4137 2952//400 542//399
f 4097//4106 1248//4091 2542//4490
f 3301//2612 4131//2611 4130//3394
f 2823//4396 273//207 3655//2053
f 2944//2052 2823//4396 3655//2053
f 426//2761 4598//3778 4837//2762
f 2157//1421 3517//1420 2159//4303
f 1253//2406 224//2261 1254//4819
f 3318//1356 2036//1355 2065//3464
f 1514//1689 2694//422 581//424
f 3777//3995 1659//2333 1658//122
f 3536//189 3594//4455 3537//3392
f 375//1291 4067//2154 2751//2238
f 3465//2517 3797//2818 3796//1580
f 1387//4885 1045//2037 4628//4886
f 976//861 1599//139 199//141
f 3399//4070 4632//919 2927//3243
f 4137//417 138//3207 1345//856
f 3724//2857 329//4741 819//2855
f 879//45 40//44 880//589
f 4591//3770 2504//990 831//989
f 3738//4416 189//4498 3173//4185
f 20//3216 1959//3215 1827//265
f 1587//4717 1012//4437 1364//3341
f 4584//4861 34//31 1969//812
f 822//1807 1811//1203 1812//4371
f 3007//4261 1306//2969 3995//3614
f 2353//1586 30//24 2253//69
f 3599//3548 4035//4627 1671//1685
f 4606//3784 1129//2358 4607//4887
f 4606//3784 1037//688 1129//2358
f 2384//1618 737//3444 2586//4159
f 4723//4888 592//4472 2713//4054
f 3884//2570 2571//1766 3341//3434
f 1519//1742 4738//4889 4524//4449
f 138//3207 4423//2944 372//2943
f 3963//3897 1448//940 3962//2981
f 2402//3904 315//222 755//1079
f 145//103 1875//105 1876//4341
f 909//4778 2148//1416 119//227
f 909//4778 3539//414 2148//1416
f 2602//3550 2601//2244 2491//2245
f 4256//4890 1991//4410 3045//2502
f 2698//1486 64//640 3849//2324
f 2327//2111 277//4891 4171//4023
f 1097//99 2643//949 805//951
f 310//406 4440//2880 4439//3552
f 4929//2185 1533//4892 1534//230
f 3237//574 1915//573 2427//4733
f 3405//3107 4079//2826 3807//2425
f 4918//4746 4730//4873 1019//677
f 3229//1701 419//2730 3194//2729
f 789//4268 2142//2228 731//2227
f 2989//4061 4686//521 1035//4488
f 4384//3480 3899//4893 1498//4557
f 2266//1910 2268//3167 1930//3169
f 378//1643 379//1585 1521//997
f 4172//3200 732//3574 2339//4894
f 1647//1077 489//540 1648//822
f 2695//2711 3013//3854 3660//2699
f 4695//3449 3527//2557 4015//3448
f 4695//3449 4696//4716 3527//2557
f 2204//1471 3368//2398 3711//506
f 2583//4871 3990//4792 3733//3806
f 4014//4895 1209//1170 1208//799
f 2994//3708 2733//3967 2734//4173
f 2405//2381 1692//1097 4252//689
f 2405//2381 1691//1098 1692//1097
f 4422//1860 4180//1865 2702//1866
f 4926//2322 4394//3494 3274//2319
f 3758//4522 885//4610 426//2761
f 2431//4413 2133//2607 694//1179
f 3990//4792 2558//3807 3733//3806
f 674//1178 4743//4818 2001//1326
f 2261//1514 1680//490 1490//4017
f 2910//1487 4782//4078 2985//3533
f 103//83 1999//632 766//1546
f 4054//826 3859//3943 1264//824
f 4990//3505 614//4693 1802//4331
f 4688//1929 4888//4349 3146//4335
f 4529//4419 4810//585 3321//587
f 4825//4373 2157//1421 4434//3546
f 2233//3234 3342//3327 2731//1199
f 2433//2496 3961//1695 949//637
f 2167//1433 3589//3101 3591//4896
f 3131//314 4918//4746 452//312
f 4870//483 4730//4873 4918//4746
f 3929//1703 3552//3912 1048//3969
f 3602//4830 2822//4632 4390//4840
f 3504//3840 4846//3578 1273//4806
f 3786//2030 2906//2029 3785//1949
f 1046//2389 584//1257 2673//495
f 918//1308 1975//2046 3494//1306
f 4996//4865 4415//1214 3108//3211
f 1977//3066 1976//3065 2421//508
f 4405//3509 2905//1182 2825//3508
f 998//561 997//1994 3161//1993
f 599//440 1507//4035 1726//481
f 2158//1422 3944//2949 3517//1420
f 4804//14 22//13 592//4472
f 1450//4685 1449//1396 1266//3198
f 3233//2295 3234//2296 186//130
f 1852//4854 2948//885 912//609
f 4891//345 2636//2619 3579//2136
f 811//564 4635//239 812//565
f 3541//2574 3369//2629 4880//4849
f 2072//3298 3541//2574 2124//4519
f 3934//3653 1899//1263 4785//4306
f 1409//4765 3877//907 4287//4093
f 2628//1809 2447//1668 2449//1671
f 3425//3756 1913//4304 2396//4305
f 320//4548 321//725 2939//539
f 3924//4897 4461//4411 4831//4175
f 1302//1823 4946//3755 2202//1470
f 148//4339 3866//1713 458//834
f 489//540 835//1847 1258//351
f 2543//1748 2544//1750 2461//1155
f 4349//4898 4886//3345 3645//4042
f 4737//4701 4604//1718 2514//1717
f 1606//4880 2971//4489 2180//935
f 2544//1750 1773//1045 1771//1156
f 4789//4767 2120//1398 2215//2151
f 606//4094 2324//333 1287//3513
f 606//4094 2323//2297 2324//333
f 1283//830 765//523 4812//3117
f 724//3947 723//2928 1417//4640
f 4205//3388 312//2080 2967//2072
f 4181//3915 1715//1127 4183//4630
f 216//696 2055//695 225//168
f 4042//3058 397//25 31//27
f 3413//3304 4106//678 1019//677
f 4506//3958 1937//4311 4859//3902
f 2237//2971 1165//770 1306//2969
f 2978//4635 4973//4720 4851//4899
f 2588//3676 1579//1029 1666//3677
f 2984//2078 746//4234 748//1598
f 780//537 3837//1105 640//3866
f 780//537 2838//3682 3837//1105
f 2487//1709 394//2519 2486//2521
f 1226//805 3952//807 2205//3097
f 4811//4481 4479//4719 2188//4663
f 4811//4481 4427//2779 4479//4719
f 3183//2742 1112//3647 2114//3422
f 3199//4011 131//3087 2806//3086
f 1149//4454 131//3087 3199//4011
f 468//327 467//1738 3754//2758
f 910//2236 3689//4052 1567//2234
f 4767//4900 2109//2584 3689//4052
f 910//2236 4767//4900 3689//4052
f 2988//1734 2528//1730 2529//1732
f 3876//4764 3877//907 3808//4807
f 1298//600 895//599 3208//4390
f 3922//4748 1821//2258 4542//1639
f 1856//3674 675//4817 2878//3998
f 4744//2983 4745//3997 2177//3996
f 4977//3165 4070//3164 3530//4901
f 4008//4808 2576//3909 2575//4902
f 4401//941 1583//3060 4218//942
f 119//227 4051//226 909//4778
f 1831//909 3809//2860 3877//907
f 297//219 3677//2710 1010//4903
f 3897//2014 3747//2016 2768//3651
f 4044//2410 4955//4129 2973//3503
f 3192//2274 423//4727 1862//1236
f 4738//4889 3137//2581 4524//4449
f 2777//3765 2126//1353 2032//1352
f 4265//3608 4209//828 1888//4505
f 3//3634 369//3633 305//4708
f 2673//495 1047//4560 1046//2389
f 4410//3568 3994//2674 3993//4214
f 4410//3568 839//2675 3994//2674
f 4997//4590 4601//4839 4971//891
f 4229//2670 1669//1922 811//564
f 4089//4559 4092//3115 3501//2673
f 4424//4587 4061//2835 3815//3793
f 4030//3046 4574//113 4029//591
f 1514//1689 581//424 174//2601
f 2446//1667 1933//1666 577//3077
f 3706//4480 4809//4134 2892//4799
f 681//2848 41//2621 3829//49
f 1697//1111 1700//3145 646//3374
f 1381//3264 2885//4568 1363//2417
f 368//1646 3450//3594 2419//1644
f 2018//2243 380//528 1714//1126
f 4279//639 638//4072 64//640
f 1763//1153 3465//2517 3796//1580
f 1763//1153 1762//1152 3465//2517
f 2463//1679 122//3916 2940//2418
f 1263//825 1264//824 2864//763
f 2886//15 560//1109 3977//4583
f 982//4477 4772//2284 3820//4409
f 3923//3133 3625//4366 840//930
f 2581//811 1236//1878 3709//2733
f 3497//2533 18//2632 2223//1479
f 3497//2533 3496//1528 18//2632
f 1652//326 1651//563 1548//1907
f 382//4838 2576//3909 4010//3023
f 4747//68 258//192 617//4745
f 4613//4154 4614//1946 3858//4660
f 1170//1787 3620//4614 2817//2002
f 3664//3048 465//889 4868//888
f 2874//3191 4932//4116 1524//3771
f 4511//2625 3585//2644 3586//2626
f 2050//3767 1300//3322 2921//3321
f 2011//1333 733//1273 1909//1275
f 400//623 941//625 1451//3202
f 2830//1954 593//1293 3373//2702
f 2830//1954 578//1953 593//1293
f 1299//838 1307//1444 3094//4376
f 3599//3548 3600//2634 4035//4627
f 2640//3763 3793//4297 3794//2813
f 624//3953 3173//4185 3648//4904
f 4932//4116 3004//1174 4796//4117
f 2325//558 807//557 3400//4138
f 4187//3421 3521//2551 4793//8
f 363//272 660//3355 424//3377
f 4488//4358 4501//3949 4103//4738
f 4765//4501 4764//4502 3774//2033
f 4096//4845 2807//4108 4097//4106
f 4096//4845 4095//4844 2807//4108
f 1252//2367 4233//152 1251//2370
f 1089//2302 98//2077 2878//3998
f 1052//1726 4273//2065 4207//3245
f 2498//1716 26//50 1602//1047
f 855//2992 503//364 854//1816
f 4729//3961 2129//370 4160//3172
f 591//434 3652//433 4073//3098
f 1800//2911 1395//2953 1139//4905
f 1501//3802 478//2483 1043//4732
f 4821//4744 4832//1554 2317//1553
f 4580//3753 175//934 1010//4903
f 163//107 151//769 1636//1071
f 3425//3756 1914//1822 1913//4304
f 1677//2720 1084//3626 1676//2721
f 3758//4522 19//3088 2954//3089
f 189//4498 975//3725 831//989
f 3211//4282 3912//11 3212//4283
f 3862//4572 4458//3193 4112//1872
f 1041//4906 3203//2273 3354//144
f 1126//4530 1125//745 1143//3872
f 59//55 1011//3754 60//56
f 2022//3925 3595//394 539//393
f 876//3774 749//515 877//906
f 876//3774 3034//2124 749//515
f 4353//1521 4354//3884 3463//3883
f 2968//866 431//2839 525//36
f 1628//1065 4074//3100 1344//2470
f 3801//2820 3111//3390 3113//4692
f 4566//3948 3498//2916 1137//754
f 4873//4776 390//290 4308//3364
f 3037//373 2219//4478 2220//1934
f 3037//373 2136//1411 2219//4478
f 4530//4907 3249//4800 609//446
f 2713//4054 2711//4471 4723//4888
f 2937//4040 4716//408 1797//1458
f 2305//4834 1480//4773 2304//4030
f 346//1462 3978//256 345//1463
f 4015//3448 4361//3696 4360//3313
f 3737//2488 3443//2487 3445//2492
f 3680//4535 2311//76 1465//4536
f 3680//4535 1943//1547 2311//76
f 3700//2726 4403//4005 4836//4908
f 236//887 1437//927 3137//2581
f 4995//4909 3087//2978 3960//2977
f 2145//1414 1578//1027 1667//1415
f 1958//3217 2840//4004 1959//3215
f 3184//3160 2114//3422 1117//4148
f 410//295 671//3314 4409//4262
f 2317//1553 3515//4645 3514//4504
f 2629//3918 2630//3439 2628//1809
f 4254//4759 4255//4709 4167//4747
f 2893//2022 4255//4709 4254//4759
f 3342//3327 2233//3234 4198//3856
f 796//750 4062//3092 680//477
f 4161//3932 2741//1884 1570//1053
f 4161//3932 217//160 2741//1884
f 2764//1898 2765//1375 695//2714
f 4675//3894 4856//1011 1564//1013
f 2067//3465 359//263 2068//2054
f 2756//3583 2757//1889 2758//3407
f 2756//3583 2755//1890 2757//1889
f 3565//2373 3566//4420 4914//4418
f 3966//4453 2141//3500 371//3501
f 3966//4453 888//590 2141//3500
f 2837//4578 999//1992 4214//3177
f 4784//1801 883//1093 4828//3903
f 1580//1030 4300//3356 1516//704
f 1808//2413 2871//2649 173//2414
f 3484//4181 4985//3309 4262//3308
f 2231//1770 3550//2935 139//100
f 1140//715 1442//717 2316//4503
f 2559//2869 3678//186 2560//1759
f 2047//1359 3649//1653 2435//1652
f 4723//4888 2711//4471 592//4472
f 4836//4908 2606//3813 3780//4858
f 1253//2406 2115//1741 1272//1923
f 1595//2805 4285//3336 1804//4529
f 1602//1047 2557//3752 3989//2266
f 1437//927 2480//926 62//983
f 1825//4657 4024//3376 4023//3375
f 1031//4527 535//4726 4752//3418
f 919//3850 674//1178 920//1177
f 3154//2903 432//3467 3887//2904
f 910//2236 2834//4150 2833//4820
f 1187//1839 3147//4259 3146//4335
f 599//440 1726//481 2911//2201
f 4347//4296 2640//3763 541//397
f 4330//3399 1335//3782 4866//3591
f 2882//2408 2652//945 1324//944
f 2882//2408 2651//4044 2652//945
f 3334//2383 2542//4490 1180//2384
f 4022//3036 1880//159 4817//158
f 376//2155 2260//276 3072//2156
f 2486//2521 1412//911 393//910
f 3657//3075 2159//4303 3942//4257
f 110//86 3128//4802 1826//1560
f 4125//4432 3513//2545 1016//671
f 1639//1102 2582//3962 3837//1105
f 1639//1102 3038//3987 2582//3962
f 166//772 4134//4881 1359//773
f 2545//178 562//2542 523//377
f 111//87 324//233 4011//4058
f 1285//271 2738//1883 2206//2098
f 4533//3253 2503//4910 3619//3254
f 4533//3253 3616//2657 2503//4910
f 3040//1018 962//3456 961//4671
f 3414//4226 4184//675 1020//679
f 4689//4152 3841//2539 4818//4375
f 4414//4301 1960//4911 2637//2176
f 1101//2305 1065//3071 3265//2306
f 3235//4008 2025//1345 2154//1419
f 1938//2567 3830//4238 1939//1299
f 3080//683 578//1953 249//4912
f 3697//703 1785//4665 2672//701
f 1664//4344 787//4343 3931//4225
f 1918//1309 4172//3200 2339//4894
f 2971//4489 2972//3966 3134//3965
f 2340//1566 1528//2103 113//1287
f 1348//2092 863//687 2933//1
f 4025//2435 1825//4657 4023//3375
f 2380//2221 901//4913 2929//2465
f 2642//549 1186//66 2186//4205
f 226//1141 202//4771 203//4914
f 4631//2283 181//920 2927//3243
f 1102//4200 1100//2043 3044//2042
f 4938//2787 3767//4493 3592//4915
f 1253//2406 965//2405 3348//4397
f 4262//3308 2246//1503 2692//3935
f 2367//3014 471//4381 848//3423
f 1005//3080 54//3049 4034//479
f 2356//1621 302//330 303//1279
f 4797//1226 4674//1228 4296//4683
f 3663//4782 4868//888 3370//2401
f 2151//4760 174//2601 730//2600
f 2772//4916 3303//2312 276//3603
f 727//2737 4578//2208 4927//2207
f 2835//716 1140//715 1141//1955
f 925//1163 924//3520 4413//3519
f 2452//3567 1302//1823 2202//1470
f 2396//4305 1913//4304 2395//3306
f 342//1921 344//3068 343//252
f 2105//1389 1098//1388 1393//2099
f 3469//680 2815//4324 4150//1943
f 3325//1507 4338//1506 4337//1068
f 958//1971 275//4869 2494//2311
f 845//4514 4286//4573 3067//4515
f 2169//1434 3589//3101 4420//2379
f 4628//4886 1045//2037 2313//1551
f 1176//3562 4000//4512 4049//4740
f 3673//2987 3674//3779 3538//3430
f 1837//1206 939//4082 938//720
f 1836//719 1837//1206 938//720
f 4397//2134 2636//2619 1584//3035
f 4773//4206 4139//787 795//550
f 2684//1852 3751//3648 4139//787
f 3414//4226 1020//679 4106//678
f 2920//2879 2050//3767 2921//3321
f 2920//2879 310//406 2050//3767
f 4805//2474 3581//1108 561//1107
f 3076//2359 1676//2721 3133//4230
f 702//498 2990//2087 701//496
f 4392//741 3057//740 3743//4788
f 556//759 3199//4011 2806//3086
f 202//4771 146//1140 2648//3276
f 3813//2831 4390//4840 4958//4395
f 3813//2831 1951//1305 4390//4840
f 4375//2339 1892//1443 171//2340
f 1442//717 4832//1554 2316//4503
f 3266//3443 4982//4613 2585//3819
f 1538//1002 2987//4026 46//1758
f 2659//1836 2732//3582 322//2365
f 546//3616 3404//1722 2517//1721
f 319//2388 1387//4885 4240//4743
f 1445//4518 82//4810 2124//4519
f 1445//4518 81//2713 82//4810
f 339//1114 2792//1916 2793//1915
f 2675//1846 1192//3190 1258//351
f 4979//4110 477//3618 293//685
f 973//4513 619//123 1658//122
f 973//4513 974//450 619//123
f 4550//4917 2851//1983 4774//1982
f 2172//1437 2171//1436 3338//1432
f 2289//3290 4425//4812 4244//3527
f 2664//1842 2444//1663 2663//1843
f 3618//3681 2502//2658 3616//2657
f 3618//3681 1194//3680 2502//2658
f 2762//1892 4909//4189 4321//3621
f 2762//1892 4320//1894 4909//4189
f 3253//2443 3416//2442 1963//2532
f 3031//2120 3722//2743 3721//1763
f 4998//4918 2946//1364 4940//4919
f 2735//2912 1498//4557 3899//4893
f 2994//3708 3456//2913 4671//3887
f 2499//3209 534//1715 4518//4698
f 3064//4160 2566//3711 3857//3712
f 2836//4507 13//2717 1469//4824
f 4348//4920 2747//1885 1202//2852
f 235//2215 3145//2214 3144//2213
f 2568//2692 2288//1533 2569//3526
f 3594//4455 256//191 222//1450
f 935//67 3718//2741 2672//701
f 4553//847 4355//3442 4145//3153
f 698//4703 1057//694 2428//3685
f 3726//402 1785//4665 3433//3722
f 2138//4539 2220//1934 2217//1933
f 4662//3673 4528//3672 1857//3683
f 3507//4209 2538//1864 4371//1863
f 627//360 995//2063 996//4821
f 623//454 622//453 1854//1234
f 1382//2995 1599//139 3632//325
f 2205//3097 3952//807 3014//2097
f 2656//4095 840//930 3625//4366
f 2656//4095 2786//4603 840//930
f 4177//247 1//1612 4426//3532
f 4715//3959 4334//3960 3903//2703
f 2428//3685 1057//694 290//215
f 3188//4674 4358//4313 4616//4312
f 1053//738 4931//4463 4466//3476
f 666//1401 4525//4921 667//3310
f 2930//3994 1505//975 3432//3724
f 2930//3994 4486//3615 1505//975
f 1169//4922 4385//3479 1650//4056
f 4398//4347 1923//1220 700//1219
f 1923//1220 1922//3381 945//1218
f 3694//4279 4052//2309 4325//4047
f 972//3007 76//3735 77//4276
f 73//1482 1500//1094 469//1096
f 73//1482 3991//4043 1500//1094
f 932//829 1603//1046 3829//49
f 791//4227 963//2203 1889//1941
f 996//4821 500//358 627//360
f 2923//2386 792//3460 2932//691
f 4300//3356 1068//705 1516//704
f 2065//3464 2035//2131 3318//1356
f 2002//2459 3366//4923 4928//2460
f 3959//2979 4366//4714 4573//4511
f 2932//691 1767//693 2923//2386
f 666//1401 435//174 637//1150
f 4039//4069 1312//2686 450//2504
f 2583//4871 3733//3806 2718//2275
f 3386//4924 4777//3864 4892//4779
f 2213//85 761//3853 2212//2518
f 340//255 2789//4215 2790//1919
f 3274//2319 2516//2846 3230//2291
f 729//455 1424//511 1684//1087
f 4101//3123 335//470 499//471
f 1679//1084 2052//110 4280//3328
f 1086//2892 3795//2815 2016//533
f 4167//4747 3264//3301 4256//4890
f 4551//3910 382//4838 4813//3911
f 1926//2577 952//641 498//2576
f 1926//2577 4279//639 952//641
f 1715//1127 4182//3914 4144//3151
f 3628//2667 1062//3797 2427//4733
f 3845//4491 2770//1902 2771//976
f 3555//1502 3584//2918 3605//2643
f 1468//4784 4982//4613 159//3600
f 4681//2495 4680//3409 4374//3408
f 3223//2974 1215//474 51//473
f 3359//4847 234//4664 4519//4194
f 2534//776 1905//1266 467//1738
f 1290//90 2894//4057 1291//833
f 145//103 3224//1224 1845//104
f 1233//3750 2194//4768 4522//4440
f 4115//4362 2977//3717 4113//4360
f 4421//2251 3106//3024 1093//2248
f 1427//3952 2678//2279 192//660
f 584//1257 319//2388 4240//4743
f 406//2219 3394//2411 728//4088
f 4619//3093 62//983 2480//926
f 4965//554 2868//1999 1401//3078
f 2581//811 3709//2733 2949//4624
f 3381//3383 4456//3382 4826//4372
f 4684//4925 4683//4228 3315//1980
f 1417//4640 721//4302 722//4641
f 1417//4640 4313//4926 721//4302
f 881//3715 1506//2961 1568//1017
f 3286//709 980//1634 3285//1336
f 2736//2817 3797//2818 3833//4034
f 501//362 1719//988 3096//578
f 1985//4456 3157//1591 1635//2229
f 3126//4459 3157//1591 1985//4456
f 1559//2834 2872//2003 306//1010
f 4972//2550 4208//2951 4066//4927
f 2165//2355 1666//3677 1703//1119
f 2749//4682 2708//2786 4296//4683
f 4480//4659 4468//4443 4467//4273
f 445//309 972//3007 971//4102
f 3452//3149 3295//3646 99//4649
f 4757//4027 2987//4026 4739//4853
f 1987//1338 996//4821 2014//196
f 4953//4864 1139//4905 4996//4865
f 4953//4864 1136//753 1139//4905
f 3753//2757 2628//1809 3510//1925
f 4033//1862 4491//2371 4049//4740
f 1722//308 105//1810 3352//2664
f 138//3207 4137//417 4423//2944
f 2819//1947 2821//1948 3950//2963
f 3621//3473 4661//3879 4380//3474
f 1925//1284 402//409 2937//4040
f 56//3769 4407//4217 4803//3768
f 2300//1534 643//1001 642//1000
f 2536//1694 1593//1301 327//240
f 4560//4359 2978//4635 4851//4899
f 1183//783 1872//3862 1185//784
f 270//203 2361//1593 271//204
f 1248//4091 1249//646 1180//2384
f 3888//851 457//315 1953//2962
f 2416//1638 3922//4748 4542//1639
f 3646//3366 3645//4042 4246//3367
f 438//4163 3855//3459 1315//2685
f 3908//4633 3330//827 3332//4601
f 3949//2964 2820//3944 704//4611
f 3949//2964 3950//2963 2820//3944
f 1285//271 362//270 1284//3118
f 1666//3677 1704//1120 1703//1119
f 1666//3677 2145//1414 1704//1120
f 2501//4243 4308//3364 3198//4242
f 2958//4715 1203//2853 570//4020
f 2958//4715 2956//4429 1203//2853
f 1546//3182 1545//4552 1541//2784
f 517//2147 2644//2145 518//3601
f 517//2147 4204//3703 2644//2145
f 2170//2380 4420//2379 2167//1433
f 2450//3435 3042//2128 3041//4702
f 3113//4692 4820//2189 3801//2820
f 1007//4201 4031//4100 2803//3741
f 4101//3123 1481//965 4102//3662
f 3110//3986 3935//2578 3109//883
f 3092//626 1777//4310 3194//2729
f 32//28 4395//2861 2838//3682
f 221//1601 433//58 4537//3687
f 3401//4928 1634//4929 1633//4930
f 120//228 1533//4892 392//2143
f 21//2055 1974//1307 2068//2054
f 975//3725 1524//3771 4591//3770
f 2112//4450 2111//1967 4663//4796
f 911//608 913//610 1372//2286
f 4642//3844 2399//1626 3771//1625
f 2915//2223 3155//2224 2914//3694
f 2915//2223 4433//4772 3155//2224
f 1562//1012 4856//1011 1560//1014
f 382//4838 4010//3023 4945//4086
f 2817//2002 3948//4754 2870//500
f 3831//4567 1992//1322 4941//3041
f 2559//2869 1571//4547 3678//186
f 4361//3696 4644//3898 4263//3311
f 1890//3157 1475//959 428//143
f 1890//3157 1072//708 1475//959
f 2509//4195 2508//418 4693//4628
f 2238//1494 5000//946 2029//869
f 2535//267 1870//2130 4175//843
f 2535//267 1869//4224 1870//2130
f 2879//2010 399//293 398//292
f 4214//3177 399//293 2879//2010
f 3389//151 207//153 1398//437
f 4046//3161 4151//278 3875//3162
f 534//1715 3789//2810 1083//723
f 1960//4911 3428//4473 2637//2176
f 649//2190 285//4577 1369//1202
f 1651//563 1653//3373 1548//1907
f 4083//4139 4775//4684 4776//4931
f 533//3635 1144//385 2522//387
f 4400//3923 1265//2589 3205//3389
f 261//193 1225//881 262//194
f 1497//4267 3767//4493 4304//3357
f 1497//4267 3592//4915 3767//4493
f 2162//3936 3390//3921 4974//2598
f 777//532 776//530 1360//1686
f 777//532 2314//281 776//530
f 1083//723 844//722 3310//2360
f 4208//2951 3517//1420 3945//2950
f 4654//3871 1341//4932 613//2712
f 874//188 2409//1631 943//3292
f 4699//1567 1528//2103 2340//1566
f 3928//4368 4970//3106 4625//4933
f 2474//3964 1912//914 2473//1042
f 4192//3307 4338//1506 3483//4875
f 334//250 4641//647 333//248
f 334//250 1467//4783 4641//647
f 819//2855 3873//2011 820//1286
f 4146//848 4143//3150 4145//3153
f 3893//1099 1188//1484 1189//1697
f 2414//1248 2415//1193 1883//1249
f 3995//3614 4950//4569 3008//4260
f 3995//3614 4893//4570 4950//4569
f 118//650 906//606 1952//2798
f 563//1449 4173//3204 892//2332
f 4269//2169 3860//2205 4460//3629
f 4447//3559 4448//3556 4445//3555
f 2557//3752 1088//726 2558//3807
f 1532//544 2009//2337 788//542
f 915//3491 3234//2296 914//1243
f 610//304 2599//449 4704//4934
f 625//4509 3146//4335 1526//4350
f 4058//3085 4862//4863 3505//1744
f 2082//1379 2678//2279 2782//4436
f 4510//1654 3650//2690 2435//1652
f 4469//2376 524//379 526//378
f 2880//4655 2266//1910 3923//3133
f 1153//1674 1154//4346 1901//2764
f 2988//1734 859//4021 856//579
f 3027//1101 1240//2157 249//4912
f 4228//2094 4227//3277 551//2095
f 2800//4067 3094//4376 3305//4935
f 4249//3744 4251//1869 4493//1870
f 2916//335 421//4124 1503//1927
f 1762//1152 1764//1154 1962//3273
f 1749//1290 1748//1139 1747//277
f 1965//2767 3985//4041 4885//2765
f 4020//595 3985//4041 1965//2767
f 3187//2938 4428//3760 1936//1294
f 3772//4833 3099//4791 3100//3663
f 3727//1465 3418//2447 2896//1317
f 4347//4296 541//397 543//401
f 4059//4650 4048//1635 980//1634
f 2220//1934 2138//4539 3037//373
f 736//1795 4136//4872 1822//2955
f 4332//2109 1060//4786 1061//3352
f 2179//936 2971//4489 3134//3965
f 1479//4073 2808//1936 2809//1938
f 2119//1397 2388//4686 3374//2793
f 2926//2039 3612//2653 1662//4045
f 4454//857 3067//4515 1297//858
f 3868//2888 4468//4443 4480//4659
f 2850//2566 2408//1629 4212//3258
f 3846//4936 4364//3659 2195//4937
f 3182//3946 4543//3945 3964//3951
f 4818//4375 3841//2539 2760//3786
f 3096//578 505//366 4014//4895
f 4867//4280 4975//4673 4917//4426
f 187//131 1993//176 244//164
f 3249//4800 1734//447 609//446
f 3851//2870 3701//4425 3828//670
f 716//1044 46//1758 1773//1045
f 2086//3990 4342//734 1096//733
f 4952//1501 1558//3079 4248//3297
f 4952//1501 136//97 1558//3079
f 89//4288 952//641 373//2975
f 4382//3905 3833//4034 3832//4938
f 3337//1247 1780//134 191//133
f 59//55 1440//1159 3696//4000
f 838//1405 2886//15 2887//4668
f 838//1405 2163//1404 2886//15
f 3097//4345 1120//2175 2637//2176
f 2624//4430 4578//2208 4875//3147
f 2624//4430 1847//2206 4578//2208
f 1366//380 2968//866 526//378
f 1383//4434 4025//2435 1384//2437
f 4962//3876 238//3877 3567//1074
f 3024//3316 3101//1828 1754//1192
f 849//1619 851//3701 1588//1620
f 4308//3364 3730//3363 3198//4242
f 4407//4217 3201//4132 4408//4133
f 4407//4217 56//3769 3201//4132
f 423//4727 1813//4182 1862//1236
f 439//4270 1810//425 4217//4476
f 2234//2436 4281//1197 3128//4802
f 2937//4040 4669//4039 1925//1284
f 4496//4679 4215//3976 4880//4849
f 545//403 2696//3654 617//4745
f 4372//2059 3648//4904 4463//3584
f 4372//2059 624//3953 3648//4904
f 2981//4125 2497//3889 536//4126
f 2248//2893 1054//4584 2704//1868
f 3219//3906 4705//2515 1762//1152
f 2587//1265 4785//4306 1899//1263
f 3224//1224 4936//1268 3371//4731
f 3473//2526 4296//4683 3666//1888
f 2411//2672 4331//3401 4136//4872
f 1532//544 1531//543 1530//998
f 3178//4939 4178//3955 3177//4540
f 1269//4940 3298//2067 4964//2066
f 2236//4775 865//582 2235//269
f 1044//4677 1503//1927 1501//3802
f 4044//2410 3170//2354 4955//4129
f 116//968 88//72 945//1218
f 116//968 115//70 88//72
f 4333//4755 1134//2849 1059//3839
f 4603//3835 1593//1301 2536//1694
f 3669//3303 4320//1894 3668//1893
f 4970//3106 4078//2827 3405//3107
f 1301//4109 1864//4713 1303//4579
f 1301//4109 4647//3611 1864//4713
f 3390//3921 3559//2592 4974//2598
f 1867//1239 474//729 1868//1240
f 467//1738 1905//1266 4185//3512
f 4636//4287 4418//570 4637//2390
f 2478//3131 2479//4441 1490//4017
f 2615//512 4808//390 2412//1796
f 139//100 140//102 2231//1770
f 1911//1276 824//3453 3385//4941
f 1911//1276 3764//1278 824//3453
f 1080//1385 3453//747 1081//746
f 1080//1385 3307//4724 3453//747
f 60//56 437//4460 2523//1724
f 699//2104 3018//4598 656//4942
f 1357//381 531//383 748//1598
f 2297//1541 4855//4943 492//2996
f 142//2047 141//2049 568//415
f 464//3989 163//107 1636//1071
f 2553//2781 2955//3187 4479//4719
f 3451//3593 2525//1728 4639//1727
f 3764//1278 823//459 824//3453
f 208//1021 2045//1358 3322//2375
f 3791//3938 2590//1777 374//3939
f 670//3181 2912//4944 3911//4945
f 3631//2867 4652//3194 3630//2668
f 1713//1125 1775//1124 843//280
f 841//294 3595//394 3181//4468
f 3797//2818 641//2516 3832//4938
f 4429//3670 1410//4048 1832//3758
f 2207//217 431//2839 632//464
f 2709//4852 3863//1871 2710//1873
f 1828//2117 4679//4868 3898//4161
f 1828//2117 4678//3865 4679//4868
f 4680//3409 4999//2659 2756//3583
f 4089//4559 204//1834 4090//1833
f 4325//4047 4052//2309 3695//2719
f 2789//4215 2795//1917 2790//1919
f 1355//4286 854//1816 1356//4608
f 4662//3673 2083//1381 3951//4196
f 4662//3673 2570//1475 2083//1381
f 3643//3825 2031//1354 552//195
f 2496//3417 2669//3419 2495//1978
f 1970//3978 4514//33 1433//298
f 1970//3978 34//31 4514//33
f 3000//4616 3001//764 1159//766
f 1006//4758 4167//4747 4336//3406
f 1893//4140 808//4427 1284//3118
f 1893//4140 2752//4706 808//4427
f 2247//2285 450//2504 1314//2506
f 316//2342 2479//4441 3762//2775
f 41//2621 681//2848 4306//2108
f 2498//1716 3688//2008 26//50
f 2763//1827 3772//4833 2305//4834
f 4536//4336 2368//1602 4537//3687
f 1687//4414 3738//4416 3821//2843
f 626//4676 4138//4946 1687//4414
f 1089//2302 1301//4109 1816//1185
f 3125//3186 487//347 2096//649
f 70//62 4720//1577 2554//4947
f 3469//680 1779//1158 2815//4324
f 123//1211 923//3019 3149//3403
f 3102//2182 3616//2657 2860//3620
f 4446//3560 4614//1946 4442//3557
f 1549//4177 4718//4179 1563//3736
f 3490//4948 1633//4930 3011//4622
f 4654//3871 1860//4949 1341//4932
f 2706//1531 4251//1869 1557//1532
f 3739//3873 1556//4815 1554//3691
f 2610//1455 3265//2306 4040//1788
f 1128//748 196//690 195//1696
f 3657//3075 4884//4860 718//4680
f 274//3330 544//1022 65//60
f 2783//2503 158//4184 157//4317
f 329//4741 2306//4461 2837//4578
f 2586//4159 737//3444 3266//3443
f 2248//2893 309//3732 4534//4487
f 332//245 4811//4481 1317//4168
f 332//245 4177//247 4811//4481
f 3327//4654 3324//2524 4960//4653
f 1564//1013 1549//4177 1563//3736
f 2003//3285 3366//4923 4588//4950
f 2929//2465 676//4076 2380//2221
f 1209//1170 1161//3798 2391//2723
f 3530//4901 4069//2084 1546//3182
f 1394//1213 3108//3211 4415//1214
f 3165//2252 2199//2796 1721//1367
f 2829//3972 2626//4848 3487//3973
f 1806//1184 52//1183 2756//3583
f 4584//4861 2349//1574 34//31
f 1367//867 1366//380 47//1298
f 1822//2955 4022//3036 736//1795
f 1608//4951 1607//4879 1606//4880
f 2211//2863 815//568 3355//2622
f 162//1707 515//4446 117//4051
f 650//2897 2781//3263 110//86
f 826//1300 3283//915 1912//914
f 2439//1659 4915//2241 3283//915
f 4028//2616 4367//4188 3575//4246
f 1830//2859 3731//4379 3732//2753
f 1756//3424 2532//1340 1758//1339
f 1756//3424 1759//3426 2532//1340
f 1050//4247 1003//119 1004//1304
f 1050//4247 180//120 1003//119
f 1052//1726 2922//2349 4272//3320
f 2453//3908 1893//4140 4165//4141
f 3043//2127 3191//3644 3071//2153
f 975//3725 3542//1488 2874//3191
f 2320//4699 919//3850 920//1177
f 3839//4323 3926//3043 2815//4324
f 832//273 3602//4830 4315//274
f 832//273 3601//4831 3602//4830
f 2244//4055 686//486 685//485
f 3026//2456 3005//2350 725//3597
f 285//4577 328//241 1369//1202
f 285//4577 3804//212 328//241
f 3990//4792 2718//2275 1029//2267
f 1063//571 1853//1231 842//572
f 2221//1476 3497//2533 4512//1477
f 2806//3086 177//4229 556//759
f 1574//3821 2928//2467 403//4798
f 1169//4922 4379//3472 3622//4805
f 1169//4922 1650//4056 4379//3472
f 4848//2595 4749//4016 2886//15
f 3924//4897 4459//2528 4461//4411
f 2939//539 3078//1237 320//4548
f 2195//4937 2196//4952 3846//4936
f 1512//977 3846//4936 2196//4952
f 1512//977 2771//976 3846//4936
f 3210//3867 3489//3642 2208//3643
f 3743//4788 3207//1314 1982//1313
f 2512//4811 4455//2585 2966//4439
f 3697//703 386//702 383//286
f 1365//2604 582//2700 928//4151
f 385//288 384//287 3075//1775
f 3178//4939 3175//4647 3176//1867
f 1060//4786 212//154 1061//3352
f 2536//1694 1272//1923 2115//1741
f 1768//4097 1576//545 2925//2038
f 3972//2159 3840//1497 3085//995
f 4862//4863 4058//3085 2538//1864
f 4787//4090 2790//1919 2796//1918
f 3065//1630 2850//2566 4592//1227
f 3997//3214 3006//4882 3995//3614
f 4229//2670 811//564 813//566
f 575//2019 3662//2018 1552//1376
f 2568//2692 4444//4199 4593//2693
f 4934//4581 4576//3749 3262//3748
f 611//448 610//304 3215//4953
f 1176//3562 4491//2371 708//1143
f 1732//2200 3130//2199 3336//4737
f 446//310 445//309 4200//2051
f 964//4083 1738//1137 696//2260
f 70//62 982//4477 3820//4409
f 1339//4526 3167//604 1340//603
f 2041//3249 77//4276 3300//1040
f 2656//4095 3625//4366 2657//1832
f 4664//4690 135//4400 2510//4380
f 156//1244 4406//2759 1729//652
f 1829//4245 3292//2807 4182//3914
f 1550//3730 2804//4517 1542//1975
f 3351//4166 3407//1854 3406//1930
f 4188//3226 4226//3441 4947//3225
f 1193//2450 2060//2449 3020//2426
f 66//1587 2353//1586 478//2483
f 3486//4543 614//4693 830//991
f 1204//795 1393//2099 1392//797
f 758//2086 2989//4061 3454//2085
f 426//2761 4731//3984 4598//3778
f 177//4229 2603//1785 2024//1344
f 2191//1456 336//1913 341//1912
f 1533//4892 120//228 1534//230
f 709//504 3367//2850 326//235
f 4231//4542 2508//418 511//4327
f 4908//4391 4594//4393 2542//4490
f 1982//1313 1981//1312 3466//2276
f 2066//4954 3375//2132 2067//3465
f 2066//4954 2307//2875 3375//2132
f 793//546 46//1758 716//1044
f 2033//1550 4628//4886 2313//1551
f 3307//4724 3460//1116 3453//747
f 3029//4263 3030//3059 4402//4060
f 3935//2578 3545//2580 2855//1988
f 3662//2018 2891//2017 4057//2485
f 1904//2482 1044//4677 1043//4732
f 2767//2211 3346//2385 2766//2773
f 2858//2081 2859//2083 1795//4256
f 1519//1742 4524//4449 1520//982
f 1520//982 62//983 1519//1742
f 280//209 279//208 2377//1607
f 4478//2808 3052//846 1329//845
f 2271//602 4987//4032 1827//265
f 1181//2192 1183//783 1184//785
f 1858//912 4375//2339 1859//2341
f 496//3294 3919//3293 3244//2429
f 1164//4492 496//3294 3244//2429
f 1745//2021 3508//2755 520//1452
f 1366//380 1939//1299 47//1298
f 224//2261 696//2260 697//3210
f 334//250 2361//1593 1467//4783
f 551//2095 4227//3277 1157//3624
f 826//1300 2439//1659 3283//915
f 3256//4128 1488//1350 756//4098
f 3256//4128 4975//4673 1488//1350
f 1781//1165 671//3314 8//9
f 3493//4170 2577//3800 2998//3542
f 2747//1885 1151//1605 1202//2852
f 2306//4461 1855//487 1304//4787
f 1035//4488 2183//4198 1036//4648
f 2612//1789 553//3617 2883//224
f 1527//992 1210//994 1161//3798
f 4208//2951 4972//2550 4065//2549
f 1594//1041 1811//1203 1835//238
f 2199//2796 2857//2746 2007//2795
f 4365//3737 4694//4219 4675//3894
f 1600//2416 1381//3264 1363//2417
f 363//272 2206//2098 660//3355
f 2898//4119 4882//4842 1788//4164
f 1344//2470 3713//2739 4100//2738
f 3566//4420 2702//1866 3176//1867
f 3292//2807 4144//3151 4182//3914
f 168//115 941//625 940//624
f 4554//4675 4532//343 3171//4258
f 1931//3954 4778//2980 1932//4374
f 1757//3551 1758//1339 200//3197
f 537//389 586//388 2572//1769
f 2376//318 2956//4429 2959//4241
f 2799//2198 1623//1059 942//2564
f 1585//2027 4567//3684 1586//2697
f 494//4475 3353//259 493//2387
f 649//2190 1956//4955 1656//4266
f 1866//1238 2678//2279 989//663
f 1377//4002 1852//4854 3998//4003
f 1734//447 229//3163 1547//4600
f 1734//447 4046//3161 229//3163
f 2985//3533 3127//4077 2229//3534
f 4150//1943 4803//3768 754//1229
f 2133//2607 2431//4413 2430//4562
f 1393//2099 1098//1388 1392//797
f 873//187 3016//3026 874//188
f 2384//1618 1588//1620 738//337
f 1867//1239 233//664 3917//727
f 4803//3768 4407//4217 1104//1230
f 4293//560 4238//3287 2352//1582
f 569//755 1470//4103 3304//4104
f 2612//1789 554//3013 3643//3825
f 2612//1789 1327//4024 554//3013
f 3643//3825 552//195 2612//1789
f 914//1243 956//1242 3969//2327
f 510//1895 914//1243 3969//2327
f 2365//1599 3685//1446 875//3773
f 4115//4362 4824//1552 4341//4364
f 2642//549 1131//749 1130//751
f 549//3956 1112//3647 540//395
f 1522//4050 1355//4286 2687//4022
f 4798//4757 3328//3579 1966//4494
f 2038//2874 2420//966 1485//169
f 3835//2937 4712//4111 3186//3761
f 1928//1285 3627//1288 820//1286
f 1369//1202 4152//1876 2649//3855
f 4286//4573 1297//858 3067//4515
f 1255//2262 964//4083 696//2260
f 4476//3810 640//3866 2208//3643
f 4934//4581 3052//846 3053//4218
f 4893//4570 4710//2430 3088//2161
f 656//4942 583//386 58//1723
f 2443//1660 1026//4264 2222//1478
f 4539//4705 2201//1468 2202//1470
f 4893//4570 3995//3614 3006//4882
f 4075//3229 3396//743 2399//1626
f 2056//3405 4814//4843 4336//3406
f 1630//1066 4191//1070 3326//1067
f 1915//573 183//121 619//123
f 922//1489 678//475 4782//4078
f 2476//3847 1256//206 2996//4484
f 3968//2876 3138//2878 4278//2986
f 1273//4806 1968//3580 3329//4496
f 656//4942 2393//494 4220//493
f 656//4942 58//1723 2393//494
f 1344//2470 591//434 1628//1065
f 3426//2471 2046//435 591//434
f 1344//2470 3426//2471 591//434
f 4475//2684 184//127 2931//129
f 3114//3340 3115//4121 509//1786
f 4881//1493 1899//1263 4954//4585
f 4754//1512 2260//276 4151//278
f 4979//4110 4712//4111 3835//2937
f 3222//2972 4618//1684 3956//2973
f 3222//2972 4259//3549 4618//1684
f 2289//3290 4245//3291 4243//4813
f 2289//3290 4241//3289 4245//3291
f 1133//3917 795//550 2008//788
f 272//205 2823//4396 14//3083
f 1397//2954 1078//2908 1429//2660
f 3768//3272 1231//4162 1616//1054
f 1168//2368 3299//2351 409//3983
f 3020//2426 3807//2425 3805//2825
f 2907//3982 94//78 3894//4669
f 3525//4636 3526//3785 3059//3787
f 3626//3789 1373//4956 4629//3788
f 2426//147 201//146 2425//4957
f 4892//4779 3388//4958 3386//4924
f 956//1242 176//2191 3969//2327
f 3784//3888 2667//4959 2497//3889
f 4586//4127 3872//4571 3091//2164
f 3573//2610 1201//794 4616//4312
f 3626//3789 252//4846 1373//4956
f 4339//2663 634//2662 252//4846
f 2904//2641 4225//2694 2902//2025
f 589//432 3965//431 2159//4303
f 3743//4788 3744//4271 3207//1314
f 3196//2269 267//199 3195//198
f 4159//1023 2045//1358 208//1021
f 2444//1663 2664//1842 2666//4186
f 3866//1713 3867//2885 455//3496
f 1334//4278 4947//3225 2272//4563
f 2819//1947 3950//2963 686//486
f 4929//2185 2105//1389 1533//4892
f 1760//2801 3784//3888 3783//2802
f 281//210 2198//1467 1724//1130
f 3029//4263 3699//2728 3914//3632
f 1157//3624 1678//1083 551//2095
f 2212//2518 2251//1509 2252//1511
f 1185//784 1872//3862 3822//3861
f 1639//1102 3837//1105 1695//1103
f 4163//3176 2436//3372 4260//1656
f 3954//3668 4147//3155 3955//2909
f 2424//1650 3237//574 2425//4957
f 4125//4432 4126//3595 2540//2546
f 4346//1781 3985//4041 2597//1782
f 2021//4666 3412//296 3411//3329
f 3069//2152 2121//1765 3068//4766
f 4836//4908 4403//4005 2606//3813
f 1876//4341 1908//1269 145//103
f 2994//3708 4671//3887 4384//3480
f 3438//2303 1286//2257 2354//84
f 4694//4219 2589//4438 4675//3894
f 1896//1261 1895//1258 814//567
f 1144//385 533//3635 433//58
f 4562//4402 1135//2422 4703//3739
f 1603//1046 26//50 3829//49
f 901//4913 161//2466 2929//2465
f 901//4913 4484//2468 161//2466
f 4295//4525 3485//4524 2244//4055
f 4278//2986 4503//3796 2829//3972
f 4889//3759 1958//3217 4319//264
f 1409//4765 1410//4048 3877//907
f 3442//3627 3218//2282 4474//3679
f 1870//2130 1869//4224 1064//3070
f 4488//4358 4104//3950 4501//3949
f 4920//3493 4393//1798 4472//4829
f 3154//2903 433//58 65//60
f 1797//1458 959//2854 3259//2310
f 4042//3058 31//27 1094//3415
f 1739//514 3656//444 4190//3227
f 4583//4816 4582//4401 3670//4696
f 4452//1194 2414//1248 3922//4748
f 1784//1169 1900//1264 3759//2763
f 1562//1012 2595//3233 4944//4289
f 2676//4404 4624//4405 2675//1846
f 1478//3661 2301//4074 2302//3027
f 607//3929 558//3469 2993//2705
f 3159//2237 1106//739 2344//1570
f 937//2587 964//4083 2464//2588
f 3471//2624 2285//2939 2284//2642
f 2514//1717 2516//2846 3350//3495
f 4850//4721 4851//4899 4973//4720
f 2587//1265 1900//1264 1784//1169
f 2332//1563 4047//4960 2333//1561
f 1174//777 2392//236 326//235
f 1174//777 257//1623 2392//236
f 4951//3299 4952//1501 2245//1500
f 1367//867 47//1298 3424//2458
f 4304//3357 3557//2590 2244//4055
f 4782//4078 678//475 2310//630
f 2070//1906 957//1972 3174//1545
f 1904//2482 2916//335 1044//4677
f 4162//4325 3898//4161 4736//4424
f 1484//967 2420//966 3817//2837
f 3733//3806 320//4548 423//4727
f 1683//1085 1424//511 1685//4855
f 2250//2023 4497//4785 1745//2021
f 3371//4731 3225//4553 1844//1223
f 2062//1362 2946//1364 4998//4918
f 1577//4825 3889//3135 717//4422
f 4787//4090 3423//4961 2790//1919
f 3729//4533 3731//4379 1830//2859
f 4615//3791 1264//824 4441//4878
f 840//930 105//1810 2100//1386
f 2394//1821 2992//3841 3580//2620
f 2394//1821 4672//3224 2992//3841
f 3015//4113 872//184 252//4846
f 638//4072 597//1448 639//4962
f 991//665 992//16 11//18
f 389//291 4873//4776 3196//2269
f 2507//4761 1041//4906 3354//144
f 2021//4666 2022//3925 539//393
f 2021//4666 2572//1769 2022//3925
f 559//2534 1390//2536 1586//2697
f 1486//1987 2854//3031 4917//4426
f 4795//4963 4775//4684 3886//1681
f 1468//4784 270//203 853//3817
f 4768//3660 4522//4440 2194//4768
f 888//590 3966//4453 4029//591
f 3762//2775 2478//3131 205//1595
f 2503//4910 3617//2180 4268//3252
f 1535//1699 953//1270 2103//643
f 4736//4424 3316//4718 4430//1627
f 3859//3943 3255//3558 1264//824
f 3859//3943 2821//1948 3255//3558
f 2108//2218 2833//4820 2104//225
f 2769//94 134//2394 1330//849
f 71//63 2554//4947 2555//3138
f 3084//3528 3452//3149 308//1731
f 37//39 2704//1868 4545//1508
f 3210//3867 1964//3907 3219//3906
f 3210//3867 640//3866 1964//3907
f 2662//3171 209//3980 4729//3961
f 1528//2103 1928//1285 113//1287
f 2337//1565 306//1010 2335//1009
f 1234//167 2950//4623 2951//2599
f 3450//3594 368//1646 2873//2004
f 1492//4857 1493//2001 1657//4697
f 1740//1544 265//541 489//540
f 2996//4484 1709//3900 1910//2239
f 3672//2708 1670//3353 3578//2617
f 3025//1036 506//367 508//369
f 3644//2168 2326//4235 1434//921
f 4784//1801 4828//3903 4737//4701
f 4706//4823 4707//4308 4477//1747
f 2160//1423 3226//4554 1907//1267
f 677//3870 1860//4949 4654//3871
f 3687//3208 4748//4009 2498//1716
f 3048//4867 671//3314 1282//4383
f 3048//4867 411//4007 671//3314
f 951//19 1605//3205 597//1448
f 1926//2577 951//19 597//1448
f 4432//3538 4431//2559 3891//3539
f 2607//3223 1918//1309 2339//4894
f 1826//1560 4280//3328 2052//110
f 1826//1560 4281//1197 4280//3328
f 1570//1053 4916//411 4724//410
f 862//3714 882//1016 2255//3143
f 2578//3801 1119//3623 3097//4345
f 1019//677 4730//4873 447//929
f 3387//4841 592//4472 3388//4958
f 2713//4054 592//4472 3387//4841
f 2366//1033 1107//1032 3563//4298
f 3676//538 4476//3810 3675//4964
f 2401//4155 4075//3229 4815//3228
f 4966//3022 4009//4965 4008//4808
f 4966//3022 4010//3023 4009//4965
f 353//3968 1220//3554 2653//1826
f 353//3968 3021//3420 1220//3554
f 2944//2052 2824//757 2836//4507
f 2368//1602 846//4221 3280//2325
f 2847//1976 4713//4803 2499//3209
f 421//4124 4416//200 1502//3497
f 421//4124 3760//2082 4416//200
f 4199//3237 2887//4668 2622//840
f 917//612 4316//1624 4318//266
f 3766//2785 1497//4267 2707//4272
f 2610//1455 1066//873 3265//2306
f 409//3983 2462//1677 1168//2368
f 4584//4861 1969//812 818//1575
f 3870//3385 3347//3384 317//1858
f 760//3815 3779//4193 2606//3813
f 4006//3021 248//954 1646//1076
f 4006//3021 247//3020 248//954
f 1930//3169 1929//3142 2787//1908
f 3526//3785 3509//2537 4689//4152
f 564//412 4916//411 1733//81
f 2511//3572 4455//2585 1901//2764
f 1273//4806 3329//4496 4210//4602
f 3047//112 3824//2844 4903//4591
f 4465//4142 4860//2680 4622//1426
f 1218//3514 979//2856 1219//1289
f 1973//3824 3273//4254 504//365
f 593//1293 578//1953 3079//2985
f 1462//952 3830//4238 1938//2567
f 2000//1325 38//41 513//40
f 3356//3716 3343//3561 527//4826
f 1559//2834 3356//3716 527//4826
f 1889//1941 486//346 488//348
f 1889//1941 963//2203 486//346
f 3745//4689 3671//3689 3670//4696
f 3985//4041 4611//2056 4789//4767
f 3064//4160 3114//3340 1364//3341
f 3389//151 1399//2407 3988//1615
f 2538//1864 4602//3219 4180//1865
f 3583//3869 4653//2989 3588//3868
f 158//4184 3313//2538 157//4317
f 572//3697 1368//871 1487//870
f 2754//3220 1506//2961 127//317
f 3044//2042 1755//1147 4175//843
f 2685//4135 3705//4079 2686//4081
f 4819//4153 4613//4154 4615//3791
f 4153//1204 1835//238 2649//3855
f 3409//2434 1640//1072 3567//1074
f 1080//1385 4835//3638 2098//4197
f 1025//1662 2442//1661 4486//3615
f 4236//3281 4234//3283 758//2086
f 2297//1541 3575//4246 4855//4943
f 3674//3779 279//208 800//2988
f 2448//1669 1438//1670 2447//1668
f 275//4869 2588//3676 2165//2355
f 449//1271 1909//1275 1978//1310
f 451//3622 2409//1631 874//188
f 4785//4306 2513//947 3934//3653
f 2682//1851 1744//1537 2683//636
f 4837//2762 4598//3778 3213//305
f 3505//1744 4862//4863 1519//1742
f 2318//893 4902//4966 3824//2844
f 4508//1952 2826//1950 3785//1949
f 3844//2865 4770//4770 4556//4467
f 3532//3266 155//3114 154//1698
f 4596//2497 2433//2496 2432//2883
f 4198//3856 2727//3037 2729//3857
f 1319//2716 2844//1970 969//2797
f 4443//268 2236//4775 2235//269
f 4443//268 2457//844 2236//4775
f 905//962 1351//862 392//2143
f 4158//1198 4609//4406 2731//1199
f 4027//3386 2740//4595 1471//3924
f 4027//3386 318//124 2740//4595
f 2665//3829 3270//4691 2666//4186
f 2665//3829 2913//2771 3270//4691
f 1697//1111 2009//2337 1698//1112
f 3566//4420 3565//2373 2702//1866
f 3073//3723 3433//3722 385//288
f 2732//3582 1339//4526 1338//3581
f 2877//3675 1856//3674 2878//3998
f 468//327 3160//2240 2015//1737
f 3393//2409 1323//2259 3170//2354
f 3039//4672 1543//2782 1874//4249
f 3039//4672 961//4671 1543//2782
f 1537//451 974//450 734//1672
f 715//2652 793//546 716//1044
f 715//2652 3546//547 793//546
f 2705//3296 3638//3747 4249//3744
f 1208//799 2383//1617 501//362
f 1233//3750 4843//3901 4841//3794
f 2440//4356 2441//3699 1160//1657
f 3478//2529 1709//3900 1710//3899
f 3478//2529 1910//2239 1709//3900
f 4639//1727 4207//3245 4690//4967
f 3266//3443 2585//3819 2586//4159
f 1619//2636 2191//1456 338//1113
f 4041//3827 4017//3028 739//4136
f 1624//854 2526//3502 3714//855
f 2008//788 4139//787 3293//2343
f 3423//4961 3422//2455 2790//1919
f 3423//4961 4787//4090 3422//2455
f 3729//4533 3730//3363 2813//2751
f 352//1610 3794//2813 3793//4297
f 1245//4352 2810//1939 1244//4968
f 1616//1054 1431//2508 3768//3272
f 4761//319 3866//1713 2371//320
f 2549//4112 1708//1122 2548//1246
f 1866//1238 1868//1240 987//661
f 4666//2462 305//4708 1941//2348
f 10//12 3166//3325 3693//3590
f 3608//2646 3606//4835 3588//3868
f 3205//3389 3206//3812 4400//3923
f 3205//3389 3605//2643 3206//3812
f 3102//2182 2860//3620 612//1188
f 2338//4236 9//1008 90//3981
f 2338//4236 2335//1009 9//1008
f 194//136 2197//138 2378//974
f 3427//4485 3115//4121 3114//3340
f 4156//2706 3323//2377 1275//2707
f 2230//4398 3542//1488 3364//3536
f 4034//479 1544//3050 2477//3342
f 3139//3414 3030//3059 4042//3058
f 1024//1720 2518//2006 2517//1721
f 1668//2669 4063//3095 1836//719
f 1668//2669 2715//1874 4063//3095
f 3992//2783 1542//1975 1541//2784
f 740//4137 4017//3028 4290//3030
f 740//4137 739//4136 4017//3028
f 1245//4352 2348//813 2811//1940
f 3924//4897 3377//4001 3376//2498
f 3878//4588 1670//3353 3879//2618
f 3529//2558 1822//2955 4136//4872
f 1550//3730 1445//4518 2804//4517
f 528//4621 2278//4749 3011//4622
f 4859//3902 883//1093 4506//3958
f 919//3850 2320//4699 325//3851
f 686//486 2776//1904 2819//1947
f 686//486 2816//1944 2776//1904
f 187//131 244//164 1315//2685
f 1397//2954 1238//4801 4108//882
f 1397//2954 1239//917 1238//4801
f 3612//2653 716//1044 1598//3486
f 1908//1269 3224//1224 145//103
f 4384//3480 4189//4558 4383//3478
f 272//205 1051//3650 1256//206
f 4085//3565 3059//3787 3057//740
f 1914//1822 3425//3756 1302//1823
f 4178//3955 3178//4939 3176//1867
f 4675//3894 2853//2554 1561//1015
f 4339//2663 3626//3789 3544//2579
f 4339//2663 252//4846 3626//3789
f 4324//4309 4323//4756 4054//826
f 2850//2566 4800//1981 4869//4281
f 4918//4746 1020//679 4184//675
f 1406//902 2423//3811 2208//3643
f 1406//902 1405//901 2423//3811
f 1267//1328 3056//2142 3380//2871
f 4484//2468 901//4913 900//2469
f 3487//3973 1485//169 4634//3974
f 567//2750 737//3444 4706//4823
f 335//470 3259//2310 3775//4531
f 1052//1726 4207//3245 4639//1727
f 4548//3705 4694//4219 4564//4172
f 3989//2266 2557//3752 2558//3807
f 3000//4616 4807//4131 3001//764
f 2524//1768 2523//1724 564//412
f 2958//4715 1151//1605 3345//4606
f 2503//4910 3616//2657 3617//2180
f 4156//2706 4155//283 3051//4969
f 654//3017 653//877 4004//3018
f 630//460 823//459 3764//1278
f 2692//3935 3556//1505 4304//3357
f 2184//1445 604//442 3656//444
f 903//1957 801//551 1283//830
f 2701//1861 2702//1866 4852//4207
f 1624//854 4658//1062 4179//3218
f 559//2534 1227//4534 2865//4029
f 3905//4837 257//1623 2919//779
f 2529//1732 2527//4388 1435//924
f 2654//2907 4533//3253 4268//3252
f 2654//2907 2504//990 4533//3253
f 299//220 442//767 4240//4743
f 2159//4303 722//4641 721//4302
f 1116//3158 3741//4828 1113//3159
f 1270//2440 80//2722 386//702
f 2216//1474 97//1473 98//2077
f 705//503 156//1244 4847//3734
f 4832//1554 1442//717 2977//3717
f 2511//3572 4881//1493 4558//3573
f 977//4970 976//861 2403//860
f 977//4970 3632//325 976//861
f 4511//2625 3582//4971 3584//2918
f 3309//1760 3782//2800 4913//3975
f 2464//2588 1255//2262 3348//4397
f 4756//3530 4573//4511 4366//4714
f 180//120 4329//3398 4328//3400
f 1716//2445 4860//2680 4465//4142
f 2624//4430 4875//3147 2113//1390
f 3374//2793 1030//4762 55//3081
f 1005//3080 2668//2009 3374//2793
f 30//24 2254//2280 2253//69
f 1126//4530 1143//3872 1142//4528
f 434//2133 2519//2829 2035//2131
f 4348//4920 2957//2851 4521//1089
f 4348//4920 1202//2852 2957//2851
f 4949//3099 3714//855 3713//2739
f 3984//4015 2375//3488 3983//4014
f 4410//3568 3993//4214 4309//3368
f 2475//2222 2530//1733 4433//4772
f 653//877 654//3017 785//878
f 644//3728 460//3941 3810//4972
f 4746//3999 4110//1578 4109//4750
f 2679//3457 1570//1053 2026//3458
f 2374//3490 2890//3489 2376//318
f 4555//2139 4016//2958 1518//2140
f 2699//3985 2089//1989 3935//2578
f 4025//2435 896//1490 2234//2436
f 1334//4278 1711//4551 1712//2149
f 4454//857 4453//3206 4120//4753
f 1274//2525 2710//1873 2749//4682
f 3240//2301 3239//1056 1457//2299
f 1730//1134 827//1133 1241//4066
f 3512//2543 4470//3588 1348//2092
f 3512//2543 1644//2568 4470//3588
f 463//456 462//458 1477//963
f 4755//2575 3541//2574 4880//4849
f 1289//832 835//1847 783//88
f 1289//832 1193//2450 835//1847
f 3987//2701 4650//1614 1774//3631
f 3987//2701 3988//1615 4650//1614
f 4288//4384 3677//2710 297//219
f 3658//3893 3659//4973 4981//3566
f 2182//2196 1471//3924 2739//126
f 1078//2908 1395//2953 1800//2911
f 1078//2908 1397//2954 1395//2953
f 4394//3494 3350//3495 3274//2319
f 268//4795 3703//3032 3148//2217
f 500//358 1424//511 628//359
f 3590//4974 2169//1434 3591//4896
f 1101//2305 226//1141 1321//2041
f 1101//2305 1746//1138 226//1141
f 11//18 2044//842 12//4394
f 2051//3991 3879//2618 1670//3353
f 4822//3015 3238//908 4692//3669
f 124//3427 4307//3726 4138//4946
f 124//3427 922//1489 4307//3726
f 3011//4622 3013//3854 3012//2096
f 3011//4622 2278//4749 3013//3854
f 4884//4860 3657//3075 4055//3076
f 3674//3779 3673//2987 279//208
f 1989//150 3403//1320 2650//1820
f 1382//2995 1601//4586 1600//2416
f 4086//894 4024//3376 1386//895
f 243//4483 242//3878 4148//4625
f 4802//2432 2299//1535 642//1000
f 2137//2125 3037//373 2138//4539
f 1351//862 27//3033 28//863
f 2745//1417 1079//1812 2634//1811
f 1519//1742 3136//2402 4738//4889
f 4246//3367 4247//4265 1070//3365
f 451//3622 829//676 4321//3621
f 135//4400 577//3077 2510//4380
f 2655//1830 4450//1829 4910//3531
f 1444//819 3163//4499 1608//4951
f 554//3013 3999//3012 3642//3927
f 1388//896 2355//2256 2993//2705
f 2129//370 4729//3961 2130//3937
f 777//532 778//534 3245//3517
f 448//1407 2092//1410 3132//2202
f 448//1407 2135//1406 2092//1410
f 1920//1956 1690//3692 802//552
f 574//421 1152//3091 1901//2764
f 3900//2915 4600//3156 4147//3155
f 4739//4853 3359//4847 2459//1676
f 4864//2858 2576//3909 4555//2139
f 4890//4777 3900//2915 1482//1080
f 4890//4777 3980//2910 3900//2915
f 549//3956 2641//2231 1112//3647
f 1380//1743 1519//1742 62//983
f 1070//3365 741//3124 155//3114
f 966//1974 2846//4101 4070//3164
f 3978//256 346//1462 349//1464
f 2889//3702 2372//2886 3867//2885
f 538//391 1146//2613 1328//4742
f 335//470 336//1913 2191//1456
f 3841//2539 3059//3787 2760//3786
f 1606//4880 4509//3645 1075//938
f 1289//832 2060//2449 3420//2448
f 1690//3692 2788//3678 104//658
f 2246//1503 4262//3308 4192//3307
f 4908//4391 3334//2383 2807//4108
f 3152//2441 3253//2443 2563//4975
f 1567//2234 3689//4052 2110//2583
f 2839//1963 3920//2922 1136//753
f 1188//1484 3893//1099 73//1482
f 2460//1675 2461//1155 2458//2732
f 2460//1675 2543//1748 2461//1155
f 2590//1777 4944//4289 89//4288
f 4107//3667 1800//2911 1139//4905
f 193//4667 4399//4329 1724//1130
f 991//665 4958//4395 993//666
f 1846//800 3852//2395 3828//670
f 3896//3267 1937//4311 4041//3827
f 4964//2066 2801//3286 1269//4940
f 2801//3286 4964//2066 2564//4293
f 639//4962 221//1601 638//4072
f 43//985 2076//1374 2293//1536
f 43//985 2765//1375 2076//1374
f 794//2464 4336//3406 3045//2502
f 25//3282 2049//1361 4235//3280
f 3305//4935 1623//1059 2800//4067
f 1039//148 4349//4898 3645//4042
f 1039//148 3117//2424 4349//4898
f 2797//1920 2791//1914 340//255
f 243//4483 4741//4626 4133//3140
f 2380//2221 1163//106 164//108
f 3328//3579 1967//4580 1966//4494
f 2092//1410 2135//1406 1540//1408
f 2288//1533 1557//1532 2569//3526
f 2678//2279 324//233 2782//4436
f 4217//4476 3018//4598 699//2104
f 1658//122 1659//2333 973//4513
f 4777//3864 4426//3532 4892//4779
f 2571//1766 3654//2696 1965//2767
f 2362//1596 4168//3586 3340//3585
f 2854//3031 4019//1349 4224//1348
f 3751//3648 2684//1852 1191//2344
f 398//292 3873//2011 2879//2010
f 2970//3231 3811//2074 2972//3966
f 203//4914 1321//2041 226//1141
f 1497//4267 3766//2785 3592//4915
f 1053//738 2938//2045 3398//4464
f 3953//4751 1842//3346 4349//4898
f 3783//2802 3784//3888 2688//4378
f 2396//4305 4946//3755 3425//3756
f 2417//1640 1033//2396 1034//3073
f 1988//3317 3953//4751 3117//2424
f 3018//4598 583//386 656//4942
f 1681//3250 2054//3823 2053//3251
f 2906//2029 1805//1161 4508//1952
f 2906//2029 3457//2507 1805//1161
f 584//1257 4240//4743 442//767
f 735//584 836//4445 4492//4457
f 4912//2493 4082//2491 2466//3859
f 2142//2228 3124//2225 3156//2226
f 2211//2863 1427//3952 485//2864
f 4908//4391 4097//4106 4595//4392
f 2215//2151 2570//1475 2121//1765
f 3397//2415 173//2414 2482//3262
f 2660//1841 3436//1840 3406//1930
f 2950//4623 1234//167 2581//811
f 668//469 880//589 40//44
f 668//469 645//2247 880//589
f 3979//4639 349//1464 4166//4638
f 4778//2980 3961//1695 3377//4001
f 3121//2734 1995//3706 1996//2735
f 2007//2795 2200//2745 4289//4555
f 4197//2232 4196//29 781//972
f 652//2314 1685//4855 2600//2315
f 3919//3293 3755//3295 4688//1929
f 1880//159 587//428 1881//427
f 2922//2349 1052//1726 725//3597
f 655//3148 2090//4321 2091//4320
f 2953//181 251//956 1172//182
f 4548//3705 1159//766 3803//3704
f 4548//3705 2176//4617 1159//766
f 4607//4887 4608//3783 4606//3784
f 2669//3419 2668//2009 2118//4804
f 2397//3454 1328//4742 522//376
f 1743//2163 3691//2823 3959//2979
f 2287//1007 2286//3525 1557//1532
f 2213//85 1383//4434 1384//2437
f 2012//1815 2720//987 1356//4608
f 494//4475 1905//1266 6//775
f 1178//780 3970//782 1177//3971
f 1633//4930 3410//4620 3011//4622
f 1633//4930 1634//4929 3410//4620
f 4345//4774 2945//1402 4611//2056
f 1966//4494 3329//4496 4798//4757
f 4312//4105 4708//1063 4658//1062
f 4127//2423 1135//2422 4261//2998
f 636//466 3252//3274 1764//1154
f 3046//2845 3047//112 550//114
f 3046//2845 3824//2844 3047//112
f 1048//3969 3552//3912 2046//435
f 3859//3943 704//4611 2820//3944
f 4202//3268 4554//4675 3171//4258
f 107//2563 2449//1671 2074//2749
f 2572//1769 3411//3329 2231//1770
f 939//4082 1837//1206 1736//1135
f 4955//4129 4203//2353 3171//4258
f 887//1526 1461//2778 1460//1412
f 2907//3982 3894//4669 2908//1762
f 3001//764 4877//3690 3671//3689
f 3347//3384 2700//1859 317//1858
f 2581//811 2949//4624 2950//4623
f 655//3148 729//455 1684//1087
f 2934//375 523//377 562//2542
f 4553//847 4854//4976 4355//3442
f 2999//3740 2124//4519 2249//2573
f 1525//4156 2504//990 2505//2906
f 1525//4156 830//991 2504//990
f 1199//1148 3044//2042 1321//2041
f 4319//264 20//3216 1827//265
f 1472//1960 2209//3137 69//3174
f 2896//1317 4644//3898 1988//3317
f 3126//4459 1986//1589 3157//1591
f 3126//4459 3401//4928 1986//1589
f 1072//708 1890//3157 4059//4650
f 3276//4809 4472//4829 4393//1798
f 4670//2204 3138//2878 3861//2877
f 506//367 4876//3451 507//368
f 2593//1779 2594//4202 4123//4643
f 3012//2096 2695//2711 3683//981
f 3383//3596 4704//4934 230//4707
f 2363//1597 2389//1573 4630//3610
f 298//221 299//220 1182//642
f 1385//890 4903//4591 4971//891
f 3258//629 1133//3917 1569//1019
f 2827//1792 3786//2030 3785//1949
f 1369//1202 328//241 4152//1876
f 2317//1553 4559//4722 2979//4723
f 1426//4377 828//2050 95//80
f 1426//4377 827//1133 828//2050
f 746//4234 2984//2078 604//442
f 1586//2697 1902//2290 3564//2028
f 3866//1713 148//4339 2371//320
f 3027//1101 249//4912 3028//955
f 3995//3614 1742//4688 3997//3214
f 4707//4308 4706//4823 737//3444
f 3613//2655 1426//4377 3614//3709
f 2016//533 3725//1584 1087//1341
f 2767//2211 1769//2210 1768//4097
f 4109//4750 2048//1360 4746//3999
f 4303//700 2332//1563 4451//698
f 2310//630 3710//4582 3127//4077
f 1176//3562 4049//4740 4491//2371
f 610//304 3383//3596 3213//305
f 610//304 4704//4934 3383//3596
f 389//291 787//4343 387//289
f 2513//947 4785//4306 4986//3860
f 4324//4309 4054//826 1263//825
f 3576//321 3575//4246 3881//2899
f 3576//321 4855//4943 3575//4246
f 1748//1139 1746//1138 1747//277
f 3546//547 2926//2039 2925//2038
f 2679//3457 4270//1051 1570//1053
f 3781//2799 4261//2998 3308//2478
f 4660//175 1403//899 244//164
f 2582//3962 3038//3987 3833//4034
f 2893//2022 1007//4201 2250//2023
f 1274//2525 3327//4654 2709//4852
f 1474//2586 939//4082 937//2587
f 1108//4977 981//1636 2743//3470
f 2383//1617 1210//994 1211//993
f 343//252 344//3068 3978//256
f 1777//4310 1778//2921 3151//3136
f 3164//3102 121//3105 2327//2111
f 1438//1670 2101//1387 2074//2749
f 4459//2528 3474//2882 3477//2881
f 524//379 1939//1299 1366//380
f 2097//1384 1611//1050 4538//4978
f 1375//183 1373//4956 252//4846
f 343//252 340//255 143//253
f 343//252 2797//1920 340//255
f 4273//2065 1052//1726 4274//3323
f 3680//4535 4//3358 3679//4191
f 2705//3296 4249//3744 4494//3746
f 574//421 1901//2764 4455//2585
f 4046//3161 1734//447 4754//1512
f 122//3916 2463//1679 3921//1678
f 215//1393 3709//2733 978//655
f 447//929 254//2089 3597//3094
f 88//72 4369//71 1320//1221
f 4458//3193 3484//4181 4561//3192
f 403//4798 402//409 1924//1283
f 2563//4975 3252//3274 2562//1151
f 1684//1087 1310//1086 653//877
f 4759//4594 3455//4497 2892//4799
f 480//1901 3967//4084 894//4085
f 894//4085 4899//1899 480//1901
f 4353//1521 3463//3883 4193//1522
f 429//4187 2445//1664 2444//1663
f 429//4187 1261//3300 2445//1664
f 1033//2396 2417//1640 864//686
f 2902//2025 3001//764 4807//4131
f 2902//2025 4877//3690 3001//764
f 4780//4180 4262//3308 4677//4545
f 3402//4275 2736//2817 1246//817
f 4095//4844 4908//4391 2807//4108
f 4672//3224 3659//4973 3658//3893
f 3545//2580 3544//2579 4629//3788
f 4136//4872 736//1795 2412//1796
f 1368//871 2239//1495 2029//869
f 3015//4113 2362//1596 3340//3585
f 697//3210 290//215 289//214
f 4473//4433 4920//3493 4472//4829
f 4//3358 3//3634 305//4708
f 2503//4910 4268//3252 3619//3254
f 4350//3432 2395//3306 4437//621
f 2184//1445 3656//444 749//515
f 919//3850 4647//3611 4743//4818
f 2441//3699 825//2640 1206//3698
f 1991//4410 4256//4890 3853//3040
f 1198//3154 182//790 1322//1149
f 1200//792 3573//2610 3301//2612
f 3298//2067 1269//4940 1268//1327
f 3337//1247 1581//1814 4823//4711
f 1238//4801 1239//917 2094//1856
f 4539//4705 2396//4305 4779//2076
f 4976//2428 3667//4979 2682//1851
f 4976//2428 4176//4862 3667//4979
f 2691//1995 4409//4262 4266//1164
f 2691//1995 410//295 4409//4262
f 4896//4144 4602//3219 2538//1864
f 1927//706 3143//1803 1067//1028
f 717//4422 2241//731 2017//1496
f 1199//1148 1755//1147 3044//2042
f 726//3378 4211//1772 1262//1771
f 643//1001 4519//4194 234//4664
f 4454//857 4781//4337 3067//4515
f 4454//857 4120//4753 4781//4337
f 2136//1411 808//4427 2752//4706
f 1634//4929 4874//2313 2772//4916
f 1634//4929 2773//4458 4874//2313
f 1917//2444 1916//4850 867//1439
f 4140//996 3085//995 1717//984
f 2724//1880 2722//509 2726//1572
f 4236//3281 758//2086 1281//2665
f 3117//2424 3953//4751 4349//4898
f 424//3377 661//3354 2788//3678
f 1728//1896 185//128 915//3491
f 4652//3194 1511//3196 4678//3865
f 1065//3071 1869//4224 3265//2306
f 1867//1239 1866//1238 989//663
f 5000//946 3934//3653 2513//947
f 1451//3202 941//625 170//117
f 3910//2991 3606//4835 3608//2646
f 3409//2434 3567//1074 238//3877
f 1163//106 151//769 163//107
f 190//4318 3112//2187 4654//3871
f 128//2490 4681//2495 4374//3408
f 1719//988 2012//1815 3096//578
f 1719//988 2720//987 2012//1815
f 4315//274 3602//4830 1951//1305
f 2162//3936 2163//1404 4865//1403
f 910//2236 2833//4820 4767//4900
f 1524//3771 2502//2658 1194//3680
f 4708//1063 591//434 4073//3098
f 2243//2966 4989//4980 3086//4612
f 869//3836 871//3178 2809//1938
f 3381//3383 4826//4372 4434//3546
f 3334//2383 4908//4391 2542//4490
f 1181//2192 1184//785 2103//643
f 267//199 786//576 1663//1342
f 2150//3011 1525//4156 2505//2906
f 4081//3504 47//1298 4080//3110
f 4497//4785 4496//4679 4921//4123
f 4673//3396 3327//4654 137//98
f 362//270 424//3377 904//3693
f 93//77 3967//4084 3365//673
f 2113//1390 4221//3265 2624//4430
f 4711//4874 519//4981 1278//4314
f 1648//822 2095//1383 1649//1078
f 3051//4969 3323//2377 4156//2706
f 2500//577 786//576 267//199
f 2649//3855 813//566 812//565
f 1440//1159 61//57 3336//4737
f 2492//1347 3333//3510 2491//2245
f 4309//3368 3993//4214 1955//2571
f 79//3002 2050//3767 837//839
f 92//285 1878//4523 129//3762
f 4703//3739 4599//1962 4562//4402
f 2350//1579 4239//2174 3796//1580
f 1675//3461 169//116 168//115
f 3942//4257 4054//826 3657//3075
f 3942//4257 3859//3943 4054//826
f 680//477 3260//2776 678//475
f 3286//709 1072//708 980//1634
f 3036//2959 382//4838 4945//4086
f 1558//3079 4965//554 1401//3078
f 3112//2187 4820//2189 3113//4692
f 3199//4011 556//759 1696//2476
f 4400//3923 3865//1905 2816//1944
f 2632//4295 882//1016 3039//4672
f 3228//3305 417//928 4322//4190
f 3720//4064 4645//3848 4948//4870
f 4736//4424 4430//1627 1014//668
f 1528//2103 3181//4468 588//429
f 4919//3246 2795//1917 4988//2736
f 2836//4507 444//2718 13//2717
f 3411//3329 3412//296 3550//2935
f 3985//4041 4789//4767 4885//2765
f 1901//2764 1152//3091 1153//1674
f 2947//2062 4998//4918 4940//4919
f 1228//810 2071//635 948//634
f 2586//4159 852//3256 849//1619
f 1287//3513 4190//3227 926//3928
f 423//4727 3192//2274 2718//2275
f 2605//4006 3139//3414 3140//3814
f 2769//94 3851//2870 134//2394
f 439//4270 1440//1159 440//1160
f 4020//595 3654//2696 3653//619
f 4659//4982 2064//4428 2685//4135
f 4556//4467 4002//793 1200//792
f 4456//3382 4838//4794 4457//4423
f 1037//688 1128//748 3453//747
f 1045//2037 3357//4883 3904//4561
f 2711//4471 2713//4054 1343//246
f 2385//4541 4587//4827 4829//3605
f 3294//2347 593//1293 3079//2985
f 1169//4922 3622//4805 4994//4486
f 4840//4793 4839//3641 3682//3640
f 1010//4903 3677//2710 1314//2506
f 2188//4663 2955//3187 2382//3189
f 417//928 447//929 3229//1701
f 3029//4263 4402//4060 3699//2728
f 4461//4411 4462//4176 4831//4175
f 1688//307 2519//2829 2199//2796
f 2813//2751 3731//4379 3729//4533
f 2597//1782 80//2722 1271//2399
f 2597//1782 4020//595 80//2722
f 4249//3744 4570//3743 4571//4367
f 3679//4191 305//4708 4666//2462
f 1025//1662 4486//3615 2930//3994
f 2452//3567 2203//1469 1818//1187
f 2628//1809 3753//2757 2447//1668
f 199//141 198//140 2283//4597
f 1738//1137 1737//1136 2428//3685
f 1446//1555 3525//4636 3059//3787
f 4717//4421 3566//4420 4810//585
f 2800//4067 2799//2198 940//624
f 4294//3347 1156//2890 4392//741
f 4870//483 4918//4746 3131//314
f 3739//3873 4656//1006 1555//1005
f 4516//898 361//897 4612//2932
f 2872//2003 1559//2834 3026//2456
f 2680//1848 3419//2446 3395//1849
f 4660//175 361//897 1403//899
f 361//897 4660//175 242//3878
f 1123//34 4432//3538 35//35
f 4977//3165 3530//4901 2190//3183
f 4277//3324 4272//3320 4275//4651
f 1396//1212 4415//1214 1395//2953
f 4822//3015 3642//3927 3999//3012
f 3569//3361 4305//3360 3092//626
f 4138//4946 4307//3726 2069//4415
f 3757//3333 3756//4521 4646//1900
f 3701//4425 1014//668 3828//670
f 3455//4497 2947//2062 4940//4919
f 3835//2937 1936//1294 4722//4452
f 1707//1121 1705//1245 1708//1122
f 4839//3641 3940//4248 3448//2947
f 978//655 1219//1289 215//1393
f 2910//1487 922//1489 4782//4078
f 2942//2451 1058//3666 723//2928
f 2942//2451 2338//4236 1058//3666
f 1509//4036 1809//3710 130//1037
f 4784//1801 4362//1091 883//1093
f 2694//422 2693//2698 2936//2606
f 3063//2144 4498//3707 3064//4160
f 4842//4220 2195//4937 3847//3658
f 2814//653 2524//1768 828//2050
f 2304//4030 1480//4773 3520//1166
f 1458//2300 301//2677 1457//2299
f 1458//2300 4937//4661 301//2677
f 4585//4983 3925//4353 3008//4260
f 975//3725 3738//4416 4307//3726
f 2785//306 105//1810 2786//4603
f 4424//4587 3249//4800 4530//4907
f 3152//2441 2562//1151 2670//173
f 4413//3519 4732//4576 2828//1951
f 866//583 1308//2556 3290//4592
f 4102//3662 3933//2936 2863//1996
f 3125//3186 490//350 1038//2106
f 2317//1553 2979//4723 3081//2158
f 2668//2009 3549//1395 2119//1397
f 2668//2009 2669//3419 3549//1395
f 3439//2484 478//2483 2353//1586
f 492//2996 4801//1539 2297//1541
f 4635//239 1871//1693 327//240
f 3902//2114 2470//4984 1877//1818
f 437//4460 2028//4351 2026//3458
f 3596//1702 3229//1701 447//929
f 2347//654 690//489 1305//488
f 3080//683 3081//2158 1023//684
f 1478//3661 2808//1936 1479//4073
f 203//4914 202//4771 1199//1148
f 76//3735 972//3007 445//309
f 2517//1721 4369//71 115//70
f 3179//2263 953//1270 4700//1272
f 4394//3494 4750//2323 4393//1798
f 718//4680 4884//4860 4858//4681
f 4434//3546 2166//3271 3381//3383
f 439//4270 440//1160 1810//425
f 2980//1977 4518//4698 2688//4378
f 2140//4538 886//2126 2137//2125
f 1004//1304 1950//1303 1049//2895
f 4377//1825 1448//940 3963//3897
f 3622//4805 4379//3472 4386//3880
f 3543//279 1599//139 1600//2416
f 2948//885 1852//4854 1001//3874
f 1473//4678 1656//4266 4343//3315
f 4167//4747 4256//4890 3045//2502
f 739//4136 68//2814 4041//3827
f 1114//4147 1115//2230 4197//2232
f 2866//2822 2867//2509 3603//2079
f 86//3541 2997//3540 3193//821
f 3019//349 1258//351 1192//3190
f 4677//4545 4304//3357 3767//4493
f 1116//3158 3184//3160 1117//4148
f 2593//1779 3735//2790 2594//4202
f 2593//1779 2592//1778 3735//2790
f 3981//3005 2185//3004 235//2215
f 3592//4915 3766//2785 4938//2787
f 4008//4808 2573//284 4550//4917
f 3632//325 1792//4348 1382//2995
f 2749//4682 2710//1873 2708//2786
f 4683//4228 2761//2362 3315//1980
f 19//3088 4283//3332 3747//2016
f 19//3088 3757//3333 4283//3332
f 3115//4121 4993//4662 4697//4122
f 2064//4428 4541//2058 4911//2057
f 1140//715 1482//1080 1141//1955
f 1482//1080 1140//715 4890//4777
f 1444//819 2899//3543 2900//3438
f 1977//3066 1974//1307 3494//1306
f 1192//3190 4624//4405 4523//2427
f 2698//1486 3849//2324 2697//2942
f 1079//1812 2745//1417 2147//413
f 4889//3759 4534//4487 4565//3738
f 1026//4264 2214//48 430//47
f 3763//2777 2138//4539 2139//1413
f 1236//1878 978//655 3709//2733
f 1849//3008 2707//4272 4383//3478
f 1566//2235 1350//229 2638//2993
f 529//3326 2494//2311 4874//2313
f 3520//1166 3521//2551 353//3968
f 2147//413 2148//1416 3539//414
f 3842//4593 4226//3441 2274//2511
f 4015//3448 3975//2999 4361//3696
f 558//3469 1391//2535 559//2534
f 3708//1776 2073//1366 2074//2749
f 1530//998 3227//3729 1532//544
f 3509//2537 3046//2845 3313//2538
f 131//3087 4816//4143 4930//3084
f 1973//3824 3734//961 150//4255
f 4100//2738 2711//4471 2712//4550
f 4100//2738 3430//3122 2711//4471
f 4552//836 3116//837 401//3201
f 4526//3664 90//3981 78//2005
f 2641//2231 1115//2230 2114//3422
f 4952//1501 1630//1066 136//97
f 658//2172 1412//911 3095//2994
f 2579//4884 4618//1684 4734//4985
f 2322//232 761//3853 4011//4058
f 626//4676 625//4509 4138//4946
f 4773//4206 2684//1852 4139//787
f 2593//1779 4123//4643 3185//2917
f 268//4795 655//3148 2091//4320
f 4013//4167 3086//4612 3407//1854
f 1016//671 3365//673 3267//4065
f 4701//3146 3519//1110 3810//4972
f 1663//1342 3702//4728 2020//1343
f 3518//3830 2453//3908 4165//4141
f 4813//3911 3036//2959 3947//2957
f 3561//2597 2163//1404 4974//2598
f 1613//1216 1609//1048 3639//2678
f 2712//4550 1344//2470 4100//2738
f 4659//4982 2686//4081 2063//4986
f 1710//3899 3874//2894 4691//2830
f 350//1425 4471//254 2763//1827
f 3105//2457 3026//2456 1559//2834
f 269//201 3760//2082 2858//2081
f 2953//181 1171//180 4134//4881
f 4413//3519 2828//1951 925//1163
f 2422//1648 2423//3811 4311//4096
f 528//4621 276//3603 928//4151
f 3569//3361 4709//3589 3500//3809
f 3897//2014 4516//898 4612//2932
f 1554//3691 1556//4815 3671//3689
f 4777//3864 22//13 2398//3576
f 3010//4599 4019//1349 2488//2271
f 1846//800 1673//1225 3033//801
f 2074//2749 2101//1387 3708//1776
f 1092//3025 4421//2251 668//469
f 4530//4907 609//446 2599//449
f 497//356 4685//355 114//2572
f 1584//3035 482//340 2082//1379
f 1864//4713 3331//4495 1303//4579
f 3070//2357 2337//1565 569//755
f 1190//2609 2887//4668 3480//2531
f 791//4227 428//143 1042//142
f 1465//4536 94//78 2875//3359
f 1136//753 250//1961 2839//1963
f 1657//4697 495//2419 1491//4470
f 1909//1275 1421//1274 1978//1310
f 2156//3665 2155//2926 4457//4423
f 3131//314 1726//481 4870//483
f 385//288 4257//2330 3073//3723
f 2085//2166 3821//2843 624//3953
f 4223//1435 4222//3270 2173//3269
f 741//3124 1070//3365 4247//4265
f 2207//217 632//464 292//218
f 630//460 632//464 431//2839
f 2271//602 1337//852 2274//2511
f 4742//2121 3225//4553 2160//1423
f 4742//2121 1844//1223 3225//4553
f 4209//828 3330//827 3908//4633
f 1207//463 825//2640 2441//3699
f 4388//3483 4485//3757 4287//4093
f 3982//904 877//906 1740//1544
f 4376//2681 4477//1747 2635//1813
f 1770//3061 3143//1803 1766//1804
f 4296//4683 4674//1228 2750//1886
f 1590//1039 2041//3249 3300//1040
f 1539//1003 2869//2000 601//441
f 4417//4987 240//3524 4036//3055
f 4099//3104 3163//4499 3362//4500
f 1587//4717 1364//3341 506//367
f 3551//2931 4788//2036 108//1145
f 4243//4813 2706//1531 4244//3527
f 477//3618 4487//2346 1934//2345
f 1034//3073 538//391 1328//4742
f 3804//212 1234//167 286//166
f 2077//1181 2078//1370 694//1179
f 137//98 4894//2378 4673//3396
f 4479//4719 4427//2779 2553//2781
f 2190//3183 3530//4901 1546//3182
f 720//1431 2157//1421 4838//4794
f 1887//1255 1414//3391 1884//1252
f 4132//3395 185//128 1728//1896
f 2983//4789 2607//3223 1643//4385
f 1812//4371 1594//1041 1912//914
f 3397//2415 789//4268 1807//2756
f 3150//3970 1840//1208 3149//3403
f 4406//2759 156//1244 705//503
f 3277//2321 3350//3495 4473//4433
f 4725//4877 3364//3536 3363//3535
f 2472//3942 3533//2562 69//3174
f 846//4221 4781//4337 4120//4753
f 3117//2424 1039//148 1989//150
f 1331//850 1330//849 1917//2444
f 903//1957 1283//830 362//270
f 3471//2624 4242//3288 2285//2939
f 83//109 4301//111 2737//3564
f 3240//2301 1431//2508 1616//1054
f 2346//1881 711//2544 4068//3247
f 1810//425 3018//4598 4217//4476
f 3779//4193 758//2086 4234//3283
f 3966//4453 371//3501 3287//3045
f 2928//2467 160//407 402//409
f 1717//984 1529//3720 4140//996
f 1717//984 377//3930 1529//3720
f 673//242 1282//4383 672//243
f 1047//4560 3905//4837 3904//4561
f 2093//1855 2699//3985 2094//1856
f 2987//4026 2986//4028 1773//1045
f 3248//3362 1914//1822 41//2621
f 327//240 2473//1042 1835//238
f 2462//1677 2463//1679 408//2369
f 172//4704 171//2340 1892//1443
f 224//2261 1253//2406 1255//2262
f 3165//2252 1721//1367 2073//1366
f 1922//3381 2634//1811 4883//4299
f 1792//4348 460//3941 3973//2160
f 934//1318 301//2677 933//1319
f 4224//1348 2030//1351 2854//3031
f 2316//4503 4832//1554 4821//4744
f 4303//700 3939//699 2336//1564
f 3906//789 1009//681 754//1229
f 2950//4623 1996//2735 2951//2599
f 331//3450 73//1482 469//1096
f 2352//1582 2351//1581 2436//3372
f 2196//4952 2195//4937 4842//4220
f 1030//4762 2388//4686 1450//4685
f 1030//4762 3374//2793 2388//4686
f 751//3260 1318//17 992//16
f 377//3930 1717//984 2292//986
f 761//3853 921//1558 2212//2518
f 3349//2934 86//3541 87//1613
f 872//184 1375//183 252//4846
f 59//55 3696//4000 1011//3754
f 1842//3346 4886//3345 4349//4898
f 3261//4251 3262//3748 4522//4440
f 2470//4984 2471//1819 1877//1818
f 3336//4737 354//258 1440//1159
f 806//555 2868//1999 4965//554
f 1110//3772 3285//1336 2013//1335
f 4363//4604 3263//3302 3264//3301
f 986//4736 984//2177 1906//3977
f 3638//3747 4250//3745 4249//3744
f 962//3456 3719//3455 1550//3730
f 4067//2154 711//2544 2751//2238
f 1291//833 2894//4057 1833//1259
f 4916//411 4872//1020 1591//79
f 3247//2816 3204//721 2315//3516
f 1277//4316 519//4981 4507//4988
f 229//3163 3875//3162 366//2499
f 516//2064 515//4446 162//1707
f 1985//4456 1984//3212 529//3326
f 3097//4345 3429//4407 2578//3801
f 863//687 3002//2091 864//686
f 3531//3845 3502//3116 4092//3115
f 1933//1666 576//1665 4334//3960
f 781//972 3217//2281 29//23
f 721//4302 2156//3665 4838//4794
f 1596//2803 1595//2805 1804//4529
f 4335//3404 4535//3733 3482//3238
f 4979//4110 3835//2937 477//3618
f 2271//602 899//601 1337//852
f 4786//4053 4119//3129 4117//4730
f 3582//4971 3586//2626 3585//2644
f 4081//3504 2004//54 4588//4950
f 2496//3417 4942//4710 1031//4527
f 4790//1131 4770//4770 3843//1132
f 1948//3119 223//1740 1947//2709
f 2049//1361 2048//1360 4836//4908
f 4217//4476 699//2104 585//1256
f 3247//2816 1677//2720 844//722
f 49//53 48//52 3830//4238
f 1572//4031 2308//3242 3335//4444
f 1572//4031 2309//2118 2308//3242
f 217//160 985//2178 894//4085
f 4783//4080 3705//4079 3707//2731
f 1121//1315 1983//1316 3314//2363
f 2086//3990 3633//3655 2087//3416
f 3431//2477 4913//3975 3308//2478
f 1423//3447 651//2316 1310//1086
f 4775//4684 4795//4963 4776//4931
f 311//1817 1362//1460 1360//1686
f 3493//4170 1119//3623 2577//3800
f 2900//3438 2997//3540 4623//3799
f 2900//3438 2899//3543 2997//3540
f 4528//3672 3850//3671 664//2473
f 137//98 4960//4653 3324//2524
f 343//252 2791//1914 342//1921
f 2283//4597 314//4556 199//141
f 259//1774 4306//2108 3023//2107
f 4735//3230 4734//4985 4618//1684
f 2915//2223 364//2032 3534//522
f 2276//1525 1864//4713 4647//3611
f 2743//3470 2744//808 1107//1032
f 476//334 471//4381 603//3108
f 283//1576 285//4577 649//2190
f 4267//1069 1276//4315 4507//4988
f 1520//982 3137//2581 1437//927
f 1372//2286 967//2194 911//608
f 4435//2472 809//42 38//41
f 1031//4527 536//4126 535//4726
f 238//3877 4657//3875 1642//3808
f 3960//2977 3691//2823 3090//2824
f 1911//1276 3282//2639 2296//1277
f 1911//1276 1418//913 3282//2639
f 4879//4334 3861//2877 4359//4012
f 1032//2 2933//1 863//687
f 885//4610 3758//4522 2954//3089
f 1405//901 2881//91 1404//900
f 2257//2866 3845//4491 2258//978
f 1349//3842 1775//1124 772//525
f 1441//3553 1959//3215 4439//3552
f 2897//118 2658//1835 1003//119
f 2500//577 3196//2269 3197//4307
f 4091//4322 3531//3845 4092//3115
f 2403//860 1652//326 977//4970
f 2105//1389 392//2143 1533//4892
f 4403//4005 4402//4060 2605//4006
f 86//3541 3193//821 4111//4876
f 4587//4827 3289//3429 4829//3605
f 218//161 3967//4084 93//77
f 1608//4951 1606//4880 2180//935
f 1875//105 770//4474 769//4342
f 34//31 1970//3978 1969//812
f 450//2504 3220//2287 4039//4069
f 2405//2381 470//1117 194//136
f 862//3714 2255//3143 4140//996
f 4029//591 4574//113 2775//592
f 4630//3610 1244//4968 2363//1597
f 4630//3610 1245//4352 1244//4968
f 1000//3776 1001//3874 1002//3775
f 4576//3749 4934//4581 4843//3901
f 3264//3301 4167//4747 4255//4709
f 3555//1502 3205//3389 1265//2589
f 2799//2198 942//2564 1056//2197
f 993//666 2822//4632 1589//1038
f 2476//3847 2996//4484 466//329
f 2125//3764 4387//3766 4287//4093
f 792//3460 168//115 2932//691
f 394//2519 3143//1803 1413//2520
f 4124//4333 1230//4618 3216//303
f 4984//3592 1527//992 4906//4363
f 3935//2578 4340//1991 3544//2579
f 4060//3446 4061//2835 4424//4587
f 2945//1402 4345//4774 2596//1783
f 1557//1532 4251//1869 2287//1007
f 2245//1500 3555//1502 3556//1505
f 884//4269 3860//2205 4124//4333
f 2268//3167 1027//3380 1028//615
f 2762//1892 3415//4695 3668//1893
f 314//4556 3062//859 199//141
f 1020//679 4918//4746 1019//677
f 3053//4218 1518//2140 4016//2958
f 4580//3753 2028//4351 60//56
f 676//4076 2929//2465 1574//3821
f 926//3928 1391//2535 558//3469
f 3495//4989 1976//3065 1975//2046
f 3671//3689 3745//4689 4664//4690
f 3840//1497 3973//2160 460//3941
f 796//750 680//477 1130//751
f 1059//3839 44//51 1005//3080
f 4463//3584 3648//4904 4464//1363
f 3180//3544 321//725 2556//724
f 2788//3678 1690//3692 424//3377
f 2400//2188 3112//2187 190//4318
f 606//4094 1287//3513 607//3929
f 2651//4044 4676//1824 2652//945
f 2651//4044 4401//941 4676//1824
f 1424//511 2600//2315 1685//4855
f 231//342 483//341 4021//1250
f 3247//2816 3795//2815 1677//2720
f 3201//4132 3212//4283 512//372
f 4143//3150 3787//2806 1329//845
f 4143//3150 4959//3152 3787//2806
f 1420//3575 2690//2289 152//2288
f 4437//621 4844//3833 1913//4304
f 4204//3703 687//3009 4189//4558
f 405//2115 416//1123 3603//2079
f 839//2675 2786//4603 2656//4095
f 2526//3502 3200//2475 3430//3122
f 2890//3489 3867//2885 4761//319
f 3320//1146 1629//2372 4853//2374
f 1547//4600 230//4707 2599//449
f 1547//4600 3317//2366 230//4707
f 3375//2132 2703//3792 3723//2747
f 2824//757 2721//756 4546//10
f 3139//3414 2605//4006 3030//3059
f 1839//1209 3284//2923 1167//4417
f 1901//2764 1154//4346 1784//1169
f 855//2992 854//1816 1352//4285
f 1964//3907 640//3866 2582//3962
f 3860//2205 4670//2204 3861//2877
f 3896//3267 2515//1719 4859//3902
f 4597//3777 4598//3778 1229//3630
f 2782//4436 2781//3263 1584//3035
f 4444//4199 2569//3526 2286//3525
f 4444//4199 2568//2692 2569//3526
f 2549//4112 1706//1755 1801//2821
f 2056//3405 2893//2022 4254//4759
f 2827//1792 2613//1791 4404//3506
f 3241//95 2769//94 1330//849
f 418//1632 4322//4190 417//928
f 247//3020 3055//1641 49//53
f 4661//3879 4379//3472 4380//3474
f 934//1318 2650//1820 300//2676
f 1238//4801 2094//1856 3109//883
f 1360//1686 774//527 311//1817
f 4831//4175 1932//4374 3924//4897
f 4541//2058 2413//1637 4542//1639
f 2189//2170 4269//2169 2//3188
f 4629//3788 1373//4956 3431//2477
f 69//3174 4863//524 801//551
f 1651//563 461//562 647//2249
f 1506//2961 457//315 127//317
f 3703//3032 3702//4728 786//576
f 4286//4573 3153//3466 1296//3688
f 1554//3691 4225//2694 4593//2693
f 4681//2495 51//473 50//472
f 1260//2272 3982//904 1647//1077
f 485//2864 488//348 491//3126
f 4488//4358 4103//4738 3093//4357
f 159//3600 1150//2404 4641//647
f 1377//4002 3823//3863 1872//3862
f 2491//2245 2489//1712 2602//3550
f 4018//1710 2489//1712 2488//2271
f 1674//2770 3033//801 1673//1225
f 3663//4782 3665//4781 4370//2400
f 3486//4543 677//3870 614//4693
f 3486//4543 1860//4949 677//3870
f 2453//3908 2456//2220 2455//1480
f 1447//4629 3057//740 3059//3787
f 1430//2661 1429//2660 1240//2157
f 1008//791 1750//4735 1022//682
f 2223//1479 2224//1481 3497//2533
f 2585//3819 852//3256 2586//4159
f 509//1786 506//367 1364//3341
f 1551//3639 1552//1376 3769//1378
f 3845//4491 4064//2116 2770//1902
f 1935//1292 1552//1376 593//1293
f 149//4338 401//3201 170//117
f 1772//1157 1415//4370 4739//4853
f 4303//700 4047//4960 2332//1563
f 1750//4735 1008//791 146//1140
f 4548//3705 4450//1829 4694//4219
f 719//1429 4838//4794 4456//3382
f 2120//1398 4789//4767 4611//2056
f 4533//3253 3618//3681 3616//2657
f 184//127 186//130 3234//2296
f 184//127 4475//2684 186//130
f 753//517 1954//3319 3906//789
f 2602//3550 455//3496 2601//2244
f 1083//723 3310//2360 2688//4378
f 4204//3703 1498//4557 2645//2146
f 873//187 3678//186 1571//4547
f 2329//1691 179//868 764//3284
f 2402//3904 3062//859 314//4556
f 3150//3970 3921//1678 1840//1208
f 4564//4172 4365//3737 1563//3736
f 388//4482 389//291 3195//198
f 999//1992 997//1994 4214//3177
f 782//3652 986//4736 1906//3977
f 889//4479 3372//3577 716//1044
f 716//1044 3372//3577 1203//2853
f 3094//4376 1621//1057 1623//1059
f 2560//1759 3678//186 2561//4232
f 2176//4617 296//4171 3964//3951
f 3585//2644 3605//2643 3582//4971
f 861//3232 1143//3872 1125//745
f 990//4516 3632//325 2969//324
f 3742//4448 4047//4960 4303//700
f 4707//4308 3439//2484 1903//3713
f 4575//3236 4199//3237 2622//840
f 1878//4523 1517//3051 1076//714
f 1200//792 1201//794 3573//2610
f 3870//3385 994//667 318//124
f 1372//2286 2690//2289 967//2194
f 736//1795 4817//158 1879//157
f 3690//2171 2189//2170 330//4146
f 1342//2804 1802//4331 3111//3390
f 1748//1139 1749//1290 1750//4735
f 4291//3339 942//2564 1623//1059
f 4291//3339 1411//2565 942//2564
f 3353//259 494//4475 1494//970
f 2579//4884 4734//4985 2051//3991
f 16//1092 1036//4648 4835//3638
f 1194//3680 2504//990 1524//3771
f 2657//1832 3625//4366 4482//4365
f 1277//4316 1278//4314 519//4981
f 2333//1561 2941//2929 374//3939
f 349//1464 3979//4639 3978//256
f 4411//3412 4412//1882 3907//3413
f 282//3184 4670//2204 15//1606
f 282//3184 3138//2878 4670//2204
f 3577//2615 3575//4246 4368//4589
f 2209//3137 1472//1960 2210//1959
f 2057//1004 4154//3166 4547//4239
f 3930//2933 2126//1353 2813//2751
f 2241//731 717//4422 4300//3356
f 1608//4951 3163//4499 1607//4879
f 3620//4614 4638//4990 3427//4485
f 1397//2954 1135//2422 1396//1212
f 1397//2954 3308//2478 1135//2422
f 1575//1025 1765//1024 717//4422
f 704//4611 3945//2950 3944//2949
f 901//4913 164//108 900//2469
f 3520//1166 1480//4773 4266//1164
f 3562//2596 4974//2598 3559//2592
f 2218//5 2802//1932 5//6
f 2580//1773 384//287 3746//593
f 2880//4655 3510//1925 2117//3379
f 4068//3247 3249//4800 4424//4587
f 1624//854 4312//4105 4658//1062
f 1427//3952 3355//2622 1834//1201
f 1427//3952 2211//2863 3355//2622
f 2526//3502 1624//854 4179//3218
f 2115//1741 1253//2406 1254//4819
f 3667//4979 4176//4862 3407//1854
f 4544//352 36//37 37//39
f 1205//796 702//498 2438//497
f 3222//2972 4762//4223 4259//3549
f 1136//753 1138//752 1139//4905
f 3981//3005 1078//2908 3980//2910
f 3981//3005 235//2215 1078//2908
f 4162//4325 3701//4425 2565//4326
f 277//4891 4099//3104 3362//4500
f 277//4891 121//3105 4099//3104
f 625//4509 2106//3529 3146//4335
f 3430//3122 4804//14 592//4472
f 4238//3287 4298//467 636//466
f 4298//467 4238//3287 1124//559
f 3543//279 1600//2416 775//529
f 1330//849 134//2394 868//1438
f 3522//2552 231//342 2298//1540
f 3915//617 3914//3632 3699//2728
f 732//3574 733//1273 2690//2289
f 587//428 1928//1285 588//429
f 3560//2594 4749//4016 4848//2595
f 3784//3888 1760//2801 2667//4959
f 2756//3583 4999//2659 1806//1184
f 1351//862 1350//229 120//228
f 2484//1705 162//1707 2687//4022
f 487//347 3125//3186 1038//2106
f 1882//588 262//194 879//45
f 607//3929 2993//2705 3172//2255
f 1739//514 2303//1542 1740//1544
f 4760//4646 2317//1553 3081//2158
f 743//299 689//3349 1453//3700
f 4473//4433 3740//3492 4920//3493
f 1404//900 2422//1648 4311//4096
f 1710//3899 1257//1357 3478//2529
f 3648//4904 2946//1364 4464//1363
f 3648//4904 3173//4185 2946//1364
f 2830//1954 1414//3391 579//957
f 194//136 1499//1095 2405//2381
f 4317//3477 4319//264 4318//266
f 1428//918 1239//917 1429//2660
f 1243//2433 1428//918 1430//2661
f 2175//1440 2177//3996 2174//1441
f 460//3941 990//4516 2969//324
f 2072//3298 3369//2629 3541//2574
f 3179//2263 1918//1309 2607//3223
f 3179//2263 1979//1311 1918//1309
f 1953//2962 377//3930 4799//2868
f 4282//4300 1960//4911 4414//4301
f 3574//4605 510//1895 3572//3858
f 4313//4926 2156//3665 721//4302
f 1949//1302 3800//3120 3799//3718
f 4829//3605 107//2563 106//1365
f 4870//483 254//2089 4730//4873
f 1246//817 4962//3876 3567//1074
f 560//1109 2886//15 561//1107
f 3060//353 3502//3116 3531//3845
f 3475//3933 2432//2883 3474//2882
f 3191//3644 3190//4252 3192//2274
f 3541//2574 2249//2573 2124//4519
f 3636//4013 1487//870 2029//869
f 1209//1170 4014//4895 1162//768
f 4549//4615 3501//2673 839//2675
f 672//243 1282//4383 4699//1567
f 4148//4625 4741//4626 243//4483
f 1107//1032 1358//1034 1108//4977
f 1537//451 621//452 623//454
f 1417//4640 2156//3665 4313//4926
f 2421//508 2420//966 1977//3066
f 2421//508 1483//1647 2420//966
f 1643//4385 4288//4384 2983//4789
f 4268//3252 3976//4725 3024//3316
f 4887//1831 3941//2945 4450//1829
f 4737//4701 3350//3495 4784//1801
f 268//4795 729//455 655//3148
f 1876//4341 1907//1267 1908//1269
f 1876//4341 144//3891 1907//1267
f 819//2855 329//4741 2584//2012
f 3558//1504 2246//1503 3483//4875
f 2756//3583 2758//3407 4680//3409
f 4142//4814 1562//1012 1561//1015
f 929//1594 1398//437 1493//2001
f 2634//1811 1923//1220 4398//4347
f 1302//1823 4981//3566 3659//4973
f 2250//2023 2249//2573 4755//2575
f 636//466 4239//2174 4238//3287
f 2070//1906 767//809 957//1972
f 3706//4480 2061//3507 4404//3506
f 3484//4181 4938//2787 4561//3192
f 1379//2453 4876//3451 177//4229
f 1379//2453 4620//2452 4876//3451
f 196//690 1128//748 1037//688
f 898//2119 1441//3553 4440//2880
f 3715//2740 744//556 3717//3721
f 3826//2847 3827//2927 351//1609
f 2836//4507 4546//10 444//2718
f 2453//3908 2455//1480 2752//4706
f 3971//3034 504//365 503//364
f 4537//3687 845//4514 1295//4506
f 905//962 3734//961 1973//3824
f 3663//4782 3664//3048 4868//888
f 2849//4063 2574//4319 4008//4808
f 4934//4581 4553//847 3052//846
f 2373//4075 1151//1605 2370//1604
f 1633//4930 1986//1589 3401//4928
f 3644//2168 1790//2683 2326//4235
f 4585//4983 4950//4569 3872//4571
f 125//89 783//88 321//725
f 2628//1809 2075//1808 2629//3918
f 1582//1251 1581//1814 3337//1247
f 491//3126 1038//2106 3020//2426
f 1164//4492 1422//4010 496//3294
f 1164//4492 2682//1851 1422//4010
f 890//3487 1203//2853 2956//4429
f 558//3469 947//633 2993//2705
f 1225//881 1987//1338 262//194
f 1294//1517 3962//2981 1614//1518
f 1199//1148 2648//3276 1198//3154
f 4564//4172 4694//4219 4365//3737
f 3401//4928 2773//4458 1634//4929
f 2233//3234 2727//3037 4198//3856
f 1896//1261 1291//833 1895//1258
f 3507//4209 4098//4211 4862//4863
f 4932//4116 2874//3191 1195//1175
f 1262//1771 1466//1548 726//3378
f 4053//3072 1034//3073 2397//3454
f 1656//4266 1957//1806 4343//3315
f 1656//4266 1956//4955 1957//1806
f 4756//3530 2106//3529 4573//4511
f 2804//4517 2999//3740 2805//1973
f 1836//719 810//718 1668//2669
f 822//1807 1369//1202 1811//1203
f 2234//2436 4158//1198 4281//1197
f 2665//3829 2666//4186 2664//1842
f 1408//4574 2721//756 569//755
f 1879//157 1881//427 2342//513
f 4168//3586 1244//4968 2810//1939
f 2855//1988 4135//2479 1376//884
f 916//611 1827//265 4987//4032
f 4206//3826 4639//1727 4690//4967
f 3072//2156 2260//276 1735//1513
f 3135//3410 3299//2351 2179//936
f 3252//3274 1963//2532 1962//3273
f 1963//2532 1406//902 3489//3642
f 1387//4885 2033//1550 2034//2193
f 2033//1550 1387//4885 4628//4886
f 3473//2526 1274//2525 4296//4683
f 3108//3211 1136//753 4953//4864
f 4845//762 4751//761 2903//2026
f 4285//3336 3771//1625 3396//743
f 637//1150 1790//2683 665//1399
f 209//3980 2662//3171 2661//3468
f 3569//3361 419//2730 4709//3589
f 3285//1336 2551//3241 3286//709
f 4832//1554 4341//4364 4824//1552
f 1849//3008 1848//3010 2708//2786
f 2290//1442 1299//838 3116//837
f 2283//4597 557//2071 312//2080
f 2270//4859 4194//3569 2269//3571
f 2270//4859 4193//1522 4194//3569
f 4838//4794 719//1429 720//1431
f 2152//2925 2158//1422 4825//4373
f 1470//4103 4200//2051 445//309
f 1470//4103 2824//757 4200//2051
f 1269//4940 2801//3286 2003//3285
f 4156//2706 3666//1888 1972//1887
f 4777//3864 3386//4924 22//13
f 3194//2729 417//928 3229//1701
f 3704//501 2870//500 3948//4754
f 2189//2170 2553//2781 330//4146
f 1637//3471 3888//851 757//948
f 1503//1927 1502//3497 4344//1928
f 3141//2209 1770//3061 1769//2210
f 1986//1589 3011//4622 3012//2096
f 4379//3472 1650//4056 3621//3473
f 745//922 2935//4244 2325//558
f 304//1588 1921//1281 1635//2229
f 2937//4040 402//409 4716//408
f 165//774 576//1665 2135//1406
f 4684//4925 4682//3719 4683//4228
f 371//3501 886//2126 887//1526
f 3076//2359 3133//4230 355//1736
f 811//564 1669//1922 4635//239
f 755//1079 2883//224 1651//563
f 2068//2054 2066//4954 2067//3465
f 1489//4836 930//2774 929//1594
f 3555//1502 1265//2589 3556//1505
f 2497//3889 2667//4959 535//4726
f 3923//3133 3752//932 3753//2757
f 2533//1735 356//3053 355//1736
f 3935//2578 2089//1989 4340//1991
f 2798//257 3978//256 3979//4639
f 1729//652 4406//2759 798//3511
f 1340//603 899//601 1572//4031
f 1040//2792 1039//148 3645//4042
f 4523//2427 3928//4368 4625//4933
f 3601//4831 832//273 833//874
f 3601//4831 1589//1038 2822//4632
f 3601//4831 833//874 1589//1038
f 1783//1168 1782//1167 4590//323
f 4225//2694 2904//2641 2568//2692
f 4827//1931 3244//2429 4688//1929
f 4387//3766 4388//3483 4287//4093
f 4030//3046 3287//3045 157//4317
f 2171//1436 2170//2380 3338//1432
f 2015//1737 1173//59 2534//776
f 742//4071 745//922 3400//4138
f 181//920 4631//2283 3218//2282
f 304//1588 264//74 303//1279
f 807//557 3161//1993 688//3350
f 1813//4182 320//4548 3078//1237
f 3730//3363 3729//4533 3198//4242
f 3515//4645 2317//1553 4760//4646
f 2611//4145 2347//654 1814//656
f 3561//2597 4848//2595 2886//15
f 3298//2067 3295//3646 2960//2068
f 1495//971 2522//387 2961//426
f 82//4810 3164//3102 4253//2110
f 4421//2251 1093//2248 4698//2250
f 906//606 700//1219 1952//2798
f 906//606 566//605 700//1219
f 2998//3542 2577//3800 2997//3540
f 2757//1889 4374//3408 2758//3407
f 1998//3751 1389//631 1997//2704
f 1047//4560 2673//495 109//1622
f 1023//684 3081//2158 2976//3831
f 3696//4000 1440//1159 441//933
f 2011//1333 2010//1332 967//2194
f 3957//1485 3986//3920 2334//1562
f 737//3444 2384//1618 738//337
f 3168//3029 2778//3922 4038//3057
f 3066//2150 1711//4551 3166//3325
f 4751//761 2864//763 2965//4546
f 823//459 178//461 2714//3452
f 4213//2791 1562//1012 4142//4814
f 3821//2843 2084//2165 626//4676
f 1179//781 3491//1608 3970//782
f 1349//3842 357//531 2314//281
f 3136//2402 3137//2581 4738//4889
f 3254//3127 1614//1518 1293//2896
f 1104//1230 754//1229 4803//3768
f 4823//4711 484//344 3302//2645
f 3379//2872 3056//2142 2259//1968
f 1561//1015 3885//2901 4856//1011
f 2425//4957 3237//574 2426//147
f 4935//2212 3514//4504 3515//4645
f 1553//4607 4248//3297 3471//2624
f 4357//3886 2146//4508 1177//3971
f 4357//3886 4587//4827 2146//4508
f 367//275 322//2365 365//2364
f 1754//1192 613//2712 2150//3011
f 1754//1192 1753//1210 613//2712
f 1230//4618 3215//4953 3216//303
f 1230//4618 611//448 3215//4953
f 3122//3248 3072//2156 1735//1513
f 1513//2560 289//214 1333//1196
f 232//728 2742//2102 474//729
f 4537//3687 3887//2904 845//4514
f 3542//1488 2639//4399 4467//4273
f 3492//3563 2737//3564 1682//4169
f 3271//4797 1024//1720 1261//3300
f 3271//4797 3272//4387 1024//1720
f 4449//4277 4445//3555 4442//3557
f 3605//2643 3584//2918 3582//4971
f 924//3520 4636//4287 4637//2390
f 1081//746 4195//1297 1080//1385
f 3171//4258 4203//2353 4202//3268
f 3859//3943 3950//2963 2821//1948
f 3912//11 3211//4282 3066//2150
f 830//991 2061//3507 831//989
f 1898//1837 367//275 4315//274
f 848//3423 471//4381 473//332
f 1580//1030 275//4869 633//3337
f 1580//1030 2588//3676 275//4869
f 1260//2272 1647//1077 1042//142
f 3243//4203 3091//2164 4893//4570
f 2499//3209 4518//4698 2847//1976
f 1796//3522 3760//2082 421//4124
f 3527//2557 2778//3922 1610//1049
f 1346//4019 3892//3587 3891//3539
f 312//2080 557//2071 2967//2072
f 1276//4315 3863//1871 2709//4852
f 1218//3514 2347//654 979//2856
f 2487//1709 1325//1026 394//2519
f 1543//2782 55//3081 1874//4249
f 3964//3951 296//4171 295//4991
f 961//4671 882//1016 3040//1018
f 2619//1799 3275//2318 1689//2320
f 2619//1799 4393//1798 3275//2318
f 3307//4724 1082//2976 3460//1116
f 2999//3740 2249//2573 1007//4201
f 1270//2440 1271//2399 80//2722
f 1705//1245 3403//1320 1990//1321
f 4857//2555 4142//4814 1561//1015
f 3071//2153 3191//3644 3192//2274
f 1401//3078 2868//1999 2869//2000
f 4552//836 401//3201 149//4338
f 1386//895 4903//4591 4902//4966
f 686//486 3557//2590 2816//1944
f 3915//617 3699//2728 3698//2725
f 3421//2454 2794//4532 4943//1911
f 613//2712 81//2713 190//4318
f 3443//2487 3446//2633 3445//2492
f 464//3989 2909//2031 163//107
f 1097//99 805//951 806//555
f 582//2700 1365//2604 2693//2698
f 335//470 3775//4531 3776//101
f 1859//2341 4581//1180 2550//2501
f 3053//4218 4617//3795 4843//3901
f 3871//3919 1035//4488 4833//4292
f 1374//1761 3431//2477 1375//183
f 763//96 3241//95 3261//4251
f 1579//1029 2588//3676 1580//1030
f 896//1490 4025//2435 4023//3375
f 3434//1649 4476//3810 2423//3811
f 725//3597 1052//1726 2872//2003
f 3371//4731 3226//4554 3225//4553
f 4172//3200 1421//1274 733//1273
f 2817//2002 684//484 686//486
f 3332//4601 1863//4575 3908//4633
f 2973//3503 4955//4129 4043//4087
f 3855//3459 2027//2505 1315//2685
f 4887//1831 2655//1830 4334//3960
f 200//3197 1758//1339 379//1585
f 4945//4086 2196//4952 4842//4220
f 4945//4086 1512//977 2196//4952
f 1632//4700 2321//1557 323//231
f 3495//4989 2723//1571 2722//509
f 3495//4989 1975//2046 2723//1571
f 451//3622 3911//4945 2912//4944
f 2762//1892 3414//4226 3415//4695
f 4991//4992 4206//3826 4690//4967
f 4991//4992 132//1645 4206//3826
f 3632//325 977//4970 1652//326
f 2512//4811 4558//3573 2238//1494
f 1308//2556 974//450 973//4513
f 1197//4993 992//16 991//665
f 1197//4993 1196//4114 992//16
f 3920//2922 4500//628 4501//3949
f 4057//2485 1414//3391 3373//2702
f 277//4891 3362//4500 3361//1453
f 3442//3627 2788//3678 661//3354
f 869//3836 1693//1100 870//3179
f 869//3836 2389//1573 1693//1100
f 1145//2754 221//1601 639//4962
f 2000//1325 513//40 1793//1176
f 2234//2436 2728//2438 2730//3038
f 4508//1952 1805//1161 925//1163
f 4297//4466 3458//135 4769//1162
f 3032//3885 3033//801 2406//2769
f 2157//1421 4825//4373 2158//1422
f 3945//2950 4066//4927 4208//2951
f 3751//3648 1191//2344 3293//2343
f 268//4795 3148//2217 729//455
f 3172//2255 606//4094 607//3929
f 3172//2255 1286//2257 606//4094
f 3219//3906 1762//1152 3489//3642
f 158//4184 2783//2503 3045//2502
f 4556//4467 3572//3858 3844//2865
f 1390//2536 1391//2535 1586//2697
f 3138//2878 4621//3185 4278//2986
f 2356//1621 628//359 472//331
f 1759//3426 4752//3418 1760//2801
f 1431//2508 931//614 3459//613
f 3129//1767 1732//2200 1731//2569
f 3009//2970 3477//2881 4878//3816
f 2140//4538 3763//2777 1461//2778
f 1275//2707 3323//2377 3324//2524
f 4903//4591 3824//2844 4902//4966
f 2861//4237 3488//2173 612//1188
f 470//1117 2405//2381 4252//689
f 2455//1480 1894//2631 2752//4706
f 2843//1966 2623//404 310//406
f 4318//266 1827//265 917//612
f 1774//3631 1443//2352 1251//2370
f 4996//4865 1139//4905 4415//1214
f 2539//2760 3268//4431 3720//4064
f 1960//4911 521//1451 1961//3437
f 4297//4466 1805//1161 3457//2507
f 2213//85 2212//2518 2252//1511
f 1190//2609 2225//1483 73//1482
f 706//311 2476//3847 4579//502
f 3835//2937 4722//4452 4487//2346
f 3836//3612 2878//3998 675//4817
f 4804//14 3430//3122 4805//2474
f 1632//4700 2320//4699 2321//1557
f 492//2996 2300//1534 4801//1539
f 2320//4699 920//1177 921//1558
f 3722//2743 2567//1764 3721//1763
f 3407//1854 4989//4980 3890//1853
f 3194//2729 1777//4310 1798//1633
f 3141//2209 2766//2773 659//3338
f 4348//4920 2330//4290 2746//4291
f 4862//4863 3136//2402 1519//1742
f 3898//4161 3316//4718 4736//4424
f 107//2563 4829//3605 2075//1808
f 142//2047 515//4446 516//2064
f 1264//824 4615//3791 2864//763
f 4905//2061 4758//2060 4911//2057
f 3190//4252 1029//2267 3192//2274
f 4298//467 4626//736 1103//465
f 4298//467 3717//3721 4626//736
f 4358//4313 360//1704 2546//4609
f 4358//4313 3188//4674 360//1704
f 4526//3664 3236//3462 2153//1418
f 1358//1034 197//1334 1108//4977
f 1497//4267 4385//3479 4383//3478
f 816//569 491//3126 2112//4450
f 4229//2670 2717//1875 2715//1874
f 2557//3752 1602//1047 4963//2264
f 3257//4340 1335//3782 3927//3852
f 2624//4430 4310//3370 1695//1103
f 2356//1621 472//331 302//330
f 4810//585 3175//4647 4186//586
f 4841//3794 4842//4220 3847//3658
f 742//4071 743//299 4632//919
f 4895//3397 4894//2378 1278//4314
f 3347//3384 1471//3924 2700//1859
f 1894//2631 2455//1480 2223//1479
f 1894//2631 2223//1479 18//2632
f 620//1673 2457//844 182//790
f 1455//3348 1855//487 690//489
f 2003//3285 1268//1327 1269//4940
f 3489//3642 1762//1152 1962//3273
f 2339//4894 1643//4385 2607//3223
f 1461//2778 886//2126 2140//4538
f 3241//95 1330//849 4146//848
f 4317//3477 4889//3759 4319//264
f 14//3083 4056//3082 272//205
f 3046//2845 3509//2537 3525//4636
f 110//86 1384//2437 3128//4802
f 3854//1515 83//109 2054//3823
f 3861//2877 3968//2876 4359//4012
f 1403//899 1906//3977 3540//165
f 995//2063 2356//1621 264//74
f 2676//4404 2675//1846 1193//2450
f 4888//4349 4688//1929 85//65
f 3707//2731 2613//1791 2617//2020
f 1244//4968 4168//3586 2363//1597
f 3245//3517 4794//282 2314//281
f 3483//4875 4338//1506 3558//1504
f 4467//4273 4468//4443 2860//3620
f 4232//3279 3103//2183 207//153
f 3338//1432 4327//3637 2172//1437
f 2812//4092 3876//4764 3808//4807
f 2812//4092 4287//4093 3876//4764
f 1798//1633 417//928 3194//2729
f 4546//10 2721//756 2509//4195
f 1054//4584 114//2572 4685//355
f 4568//3742 3755//3295 496//3294
f 9//1008 306//1010 2872//2003
f 2812//4092 3732//2753 2125//3764
f 3518//3830 2665//3829 2453//3908
f 643//1001 234//4664 1538//1002
f 4649//4994 2779//1658 3312//2361
f 4735//3230 2467//1682 4590//323
f 362//270 904//3693 902//1958
f 178//461 284//4158 2714//3452
f 4392//741 3743//4788 1982//1313
f 3177//4540 1625//1060 4073//3098
f 3177//4540 1626//1061 1625//1060
f 1874//4249 2632//4295 3039//4672
f 1677//2720 3795//2815 1086//2892
f 1830//2859 3732//2753 2812//4092
f 1195//1175 3004//1174 4932//4116
f 176//2191 2033//1550 2312//1549
f 89//4288 2591//1780 498//2576
f 568//415 1079//1812 2147//413
f 568//415 4356//3445 1079//1812
f 1621//1057 1307//1444 3095//2994
f 4395//2861 3837//1105 2838//3682
f 4070//3164 4069//2084 3530//4901
f 109//1622 257//1623 1047//4560
f 2107//4510 2084//2165 3242//4204
f 2107//4510 2106//3529 2084//2165
f 87//1613 86//3541 4111//4876
f 2789//4215 2791//1914 2795//1917
f 641//2516 4382//3905 3832//4938
f 2646//4355 58//1723 1402//1756
f 697//3210 291//216 292//218
f 1604//234 24//21 710//505
f 3877//907 1410//4048 3238//908
f 2347//654 2611//4145 690//489
f 4910//3531 3803//3704 2510//4380
f 2173//3269 2171//1436 4223//1435
f 2173//3269 4327//3637 2171//1436
f 4707//4308 737//3444 420//336
f 1167//4417 2462//1677 409//3983
f 4305//3360 4956//4652 3092//626
f 3506//2403 4271//4752 4370//2400
f 1381//3264 1600//2416 1601//4586
f 3231//7 3826//2847 2381//1611
f 1276//4315 1277//4316 4507//4988
f 4013//4167 3436//1840 4756//3530
f 4873//4776 3197//4307 3196//2269
f 3905//4837 4834//2035 1045//2037
f 2862//2887 2861//4237 3868//2888
f 4370//2400 4271//4752 3664//3048
f 4135//2479 2855//1988 4629//3788
f 552//195 553//3617 2612//1789
f 4556//4467 4770//4770 4790//1131
f 1492//4857 3524//3882 1489//4836
f 3536//189 256//191 3594//4455
f 2430//4562 2132//2605 2133//2607
f 1005//3080 55//3081 54//3049
f 518//3601 1511//3196 3909//3195
f 3868//2888 2639//4399 2230//4398
f 307//1729 2531//2638 2528//1730
f 2361//1593 270//203 1468//4784
f 2357//4822 2358//2654 77//4276
f 1656//4266 648//3139 2555//3138
f 1274//2525 2709//4852 2710//1873
f 2709//4852 4673//3396 1276//4315
f 1435//924 1946//923 3155//2224
f 1670//3353 3878//4588 3578//2617
f 4353//1521 4226//3441 4354//3884
f 2682//1851 3667//4979 1744//1537
f 2660//1841 4688//1929 3147//4259
f 2732//3582 1016//671 322//2365
f 2168//1430 719//1429 2166//3271
f 1778//2921 3920//2922 2023//2421
f 1180//2384 1249//646 955//645
f 3302//2645 1821//2258 3337//1247
f 1648//822 489//540 1258//351
f 3165//2252 2099//1369 1722//308
f 3703//3032 2091//4320 263//2277
f 3163//4499 4509//3645 1607//4879
f 2466//3859 4083//4139 3737//2488
f 4452//1194 3922//4748 2416//1638
f 3633//3655 3958//520 759//519
f 3447//2946 4715//3959 3903//2703
f 2228//2392 2862//2887 2227//2393
f 2228//2392 3488//2173 2862//2887
f 1993//176 4149//4790 242//3878
f 717//4422 2017//1496 1575//1025
f 1158//765 2510//4380 3803//3704
f 2599//449 230//4707 4704//4934
f 4949//3099 1628//1065 4076//853
f 4134//4881 2912//4944 2953//181
f 4454//857 1345//856 138//3207
f 2061//3507 614//4693 4990//3505
f 1355//4286 1352//4285 854//1816
f 502//363 2484//1705 1523//361
f 2611//4145 1454//297 414//4284
f 1034//3073 1328//4742 2397//3454
f 3596//1702 447//929 3597//3094
f 4001//3727 675//4817 1856//3674
f 709//504 3918//2920 3367//2850
f 1013//3259 2407//1628 3511//2541
f 4352//2919 4653//2989 3910//2991
f 3221//170 3487//3973 4702//2748
f 3500//3809 1141//1955 1482//1080
f 2892//4799 3455//4497 2061//3507
f 3790//3992 1122//3221 843//280
f 1041//4906 3202//905 3203//2273
f 4293//560 1124//559 4238//3287
f 3331//4495 4210//4602 3329//4496
f 2614//1793 2413//1637 2063//4986
f 3562//2596 3559//2592 3560//2594
f 551//2095 1678//1083 2729//3857
f 1499//1095 194//136 72//973
f 2417//1640 4053//3072 1032//2
f 581//424 3123//4412 730//2600
f 833//874 832//273 4633//875
f 1169//4922 4384//3480 4385//3479
f 2552//4763 876//3774 877//906
f 4075//3229 4727//4294 3396//743
f 4668//190 3536//189 3537//3392
f 2345//737 2938//2045 1053//738
f 239//1106 3417//3656 1695//1103
f 1515//980 2359//75 3012//2096
f 2618//1797 4141//3144 3278//3804
f 2978//4635 2976//3831 2979//4723
f 318//124 994//667 3547//125
f 1641//1073 1247//818 3567//1074
f 4002//793 4003//3016 1201//794
f 1936//1294 4992//4644 1935//1292
f 1664//4344 3931//4225 2020//1343
f 4562//4402 4563//4115 1841//4403
f 4247//4265 1105//3278 741//3124
f 3385//4941 1812//4371 1418//913
f 3602//4830 4390//4840 1951//1305
f 1531//543 788//542 39//43
f 1828//2117 3630//2668 4652//3194
f 4808//390 3002//2091 2412//1796
f 2285//2939 3604//3988 3206//3812
f 2626//4848 2829//3972 4503//3796
f 4062//3092 946//1739 3260//2776
f 932//829 1273//4806 4210//4602
f 4930//3084 1380//1743 131//3087
f 3441//2486 4022//3036 422//302
f 3441//2486 1880//159 4022//3036
f 1157//3624 1682//4169 1678//1083
f 2809//1938 1224//3837 869//3836
f 1616//1054 3239//1056 3240//2301
f 1894//2631 2219//4478 2136//1411
f 1023//684 1727//1472 293//685
f 1114//4147 4197//2232 781//972
f 1840//1208 123//1211 3149//3403
f 789//4268 2151//4760 2142//2228
f 2319//1556 2318//893 3046//2845
f 4794//282 2315//3516 3204//721
f 3524//3882 1492//4857 1491//4470
f 4396//2862 240//3524 239//1106
f 4333//4755 681//2848 1134//2849
f 529//3326 1984//3212 45//4118
f 2482//3262 2483//1688 2481//1687
f 816//569 4663//4796 2111//1967
f 1091//3545 321//725 3180//3544
f 3528//2956 1513//2560 1333//1196
f 3852//2395 1846//800 1279//712
f 986//4736 782//3652 2768//3651
f 2034//2193 1181//2192 4240//4743
f 3261//4251 4854//4976 3262//3748
f 3261//4251 4355//3442 4854//4976
f 431//2839 2968//866 179//868
f 2340//1566 398//292 672//243
f 3825//1510 1383//4434 2252//1511
f 2924//2040 792//3460 2923//2386
f 1886//1254 1359//773 580//958
f 3086//4612 4013//4167 4756//3530
f 4908//4391 4096//4845 4097//4106
f 3058//742 2728//2438 896//1490
f 3058//742 4391//2891 2728//2438
f 2869//2000 2446//1667 1401//3078
f 3546//547 3612//2653 2926//2039
f 3546//547 715//2652 3612//2653
f 3620//4614 1170//1787 4638//4990
f 232//728 2241//731 4300//3356
f 1473//4678 284//4158 648//3139
f 2702//1866 3565//2373 1629//2372
f 3463//3883 4226//3441 4188//3226
f 3009//2970 1306//2969 3007//4261
f 4007//3790 1316//2015 3897//2014
f 4840//4793 4857//2555 4839//3641
f 1509//4036 130//1037 508//369
f 4193//1522 2269//3571 2271//602
f 2103//643 1182//642 1181//2192
f 2495//1978 4897//3890 2981//4125
f 1715//1127 4144//3151 4146//848
f 2112//4450 2060//2449 1289//832
f 1050//4247 3927//3852 180//120
f 187//131 1315//2685 1313//2687
f 1862//1236 3071//2153 3192//2274
f 2407//1628 1013//3259 2408//1629
f 276//3603 3303//2312 1703//1119
f 3773//4832 2863//1996 4627//3803
f 3773//4832 3100//3663 2863//1996
f 2609//1454 2535//267 2235//269
f 1763//1153 4239//2174 636//466
f 841//294 3181//4468 1528//2103
f 2473//1042 327//240 2474//3964
f 4549//4615 4089//4559 3501//2673
f 1774//3631 4650//1614 4499//2967
f 2661//3468 432//3467 210//2744
f 2547//1324 4475//2684 2931//129
f 94//78 1465//4536 2311//76
f 2890//3489 2889//3702 3867//2885
f 4766//4046 3695//2719 10//12
f 3635//4099 5000//946 757//948
f 505//366 1162//768 4014//4895
f 4097//4106 2542//4490 4595//4392
f 2386//2789 3459//613 2387//4537
f 3611//3134 818//1575 4720//1577
f 4036//3055 4696//4716 4417//4987
f 1803//4332 4967//4642 4990//3505
f 2268//3167 2117//3379 1027//3380
f 2385//4541 799//1329 4504//1331
f 2744//808 1227//4534 4567//3684
f 2127//2752 2125//3764 3732//2753
f 218//161 93//77 219//162
f 4695//3449 57//3523 240//3524
f 4693//4628 3212//4283 3912//11
f 2895//3312 3417//3656 4360//3313
f 1479//4073 2301//4074 1478//3661
f 2977//3717 2974//2292 4114//4361
f 646//3374 3106//3024 1699//2335
f 3719//3455 1127//744 4727//4294
f 4372//2059 4542//1639 1821//2258
f 4372//2059 4541//2058 4542//1639
f 4622//1426 4860//2680 3640//1427
f 1453//3700 1455//3348 1815//4851
f 4149//4790 2547//1324 3378//2044
f 3869//4658 2639//4399 4980//4739
f 3869//4658 4467//4273 2639//4399
f 3334//2383 1185//784 4094//4107
f 3334//2383 2102//1935 1185//784
f 4174//4637 1604//234 893//596
f 4174//4637 4173//3204 1604//234
f 1571//4547 2559//2869 253//185
f 2748//1603 4348//4920 2746//4291
f 2748//1603 2747//1885 4348//4920
f 719//1429 3381//3383 2166//3271
f 4257//2330 3074//3993 3073//3723
f 4257//2330 2214//48 3074//3993
f 3868//2888 4480//4659 4980//4739
f 3522//2552 233//664 231//342
f 4082//2491 2513//947 2466//3859
f 2871//2649 2483//1688 2482//3262
f 1087//1341 2532//1340 3778//3934
f 1831//909 847//575 2500//577
f 3750//4565 4616//4312 1201//794
f 4616//4312 3750//4565 3749//4566
f 3345//4606 2959//4241 2958//4715
f 281//210 1724//1130 800//2988
f 4327//3637 3338//1432 2169//1434
f 2230//4398 4725//4877 2227//2393
f 4121//3463 3452//3149 99//4649
f 1682//4169 4301//111 1678//1083
f 3686//1447 604//442 2184//1445
f 4992//4644 1936//1294 4428//3760
f 2723//1571 1975//2046 2938//2045
f 4041//3827 4538//4978 4017//3028
f 3400//4138 745//922 2325//558
f 2323//2297 3438//2303 1288//1280
f 3452//3149 4121//3463 2518//2006
f 2753//3846 128//2490 4374//3408
f 3584//2918 3555//1502 3608//2646
f 640//3866 4476//3810 780//537
f 1082//2976 2183//4198 1035//4488
f 2971//4489 2179//936 2180//935
f 3679//4191 1943//1547 3680//4535
f 249//4912 1240//2157 3080//683
f 563//1449 1605//3205 4173//3204
f 2090//4321 655//3148 653//877
f 3789//2810 3189//2268 1029//2267
f 3789//2810 534//1715 3189//2268
f 656//4942 2674//1845 699//2104
f 656//4942 4220//493 2674//1845
f 601//441 2868//1999 806//555
f 3357//4883 1045//2037 1387//4885
f 4893//4570 3090//2824 4710//2430
f 137//98 3324//2524 3323//2377
f 3370//2401 3548//2582 3136//2402
f 3370//2401 4868//888 3548//2582
f 4321//3621 3414//4226 2762//1892
f 2245//1500 3558//1504 4951//3299
f 631//462 2296//1277 3282//2639
f 3576//321 492//2996 4855//4943
f 4585//4983 3872//4571 4586//4127
f 3819//2840 3217//2281 781//972
f 4765//4501 3646//3366 4764//4502
f 4048//1635 1890//3157 790//1942
f 944//627 4103//4738 4500//628
f 27//3033 3971//3034 28//863
f 1535//1699 2103//643 2102//1935
f 2606//3813 3779//4193 3780//4858
f 3345//4606 2373//4075 2374//3490
f 331//3450 1190//2609 73//1482
f 331//3450 838//1405 1190//2609
f 2227//2393 3363//3535 4005//2391
f 412//3275 3048//4867 2619//1799
f 3401//4928 3126//4459 2773//4458
f 2438//497 3734//961 1476//960
f 1765//1024 1577//4825 717//4422
f 1765//1024 1766//1804 1577//4825
f 4511//2625 3471//2624 2284//2642
f 4999//2659 4680//3409 50//472
f 2183//4198 3307//4724 2098//4197
f 3057//740 4084//1491 4085//3565
f 309//3732 4535//3733 4335//3404
f 3856//4995 340//255 3421//2454
f 1446//1555 4085//3565 4086//894
f 4485//3757 1410//4048 1409//4765
f 277//4891 3508//2755 4171//4023
f 277//4891 3361//1453 3508//2755
f 857//580 856//579 2564//4293
f 58//1723 2265//4996 657//237
f 58//1723 2646//4355 2265//4996
f 2574//4319 4212//3258 3511//2541
f 3123//4412 2132//2605 2431//4413
f 3123//4412 2131//423 2132//2605
f 1186//66 1422//4010 2186//4205
f 3555//1502 590//2647 3608//2646
f 2024//1344 555//1346 177//4229
f 1353//2233 855//2992 1352//4285
f 1353//2233 1566//2235 855//2992
f 2464//2588 964//4083 1255//2262
f 1957//1806 1956//4955 649//2190
f 251//956 2953//181 4164//3180
f 4041//3827 2097//1384 4538//4978
f 4041//3827 1937//4311 2097//1384
f 599//440 2911//2201 3003//1409
f 1807//2756 1808//2413 3397//2415
f 357//531 1349//3842 776//530
f 4893//4570 3006//4882 3090//2824
f 4603//3835 2536//1694 2537//3537
f 119//227 907//607 118//650
f 119//227 2148//1416 907//607
f 890//3487 148//4339 170//117
f 890//3487 2956//4429 148//4339
f 1864//4713 1863//4575 3332//4601
f 4847//3734 706//311 705//503
f 3036//2959 4841//3794 3035//4687
f 2120//1398 4611//2056 2123//1400
f 2616//1790 2416//1638 2617//2020
f 2616//1790 4118//3128 2416//1638
f 2616//1790 4413//3519 4118//3128
f 3366//4923 4081//3504 4588//4950
f 3366//4923 2002//2459 4081//3504
f 2562//1151 3252//3274 636//466
f 2465//3111 2587//1265 1783//1168
f 2999//3740 2804//4517 2124//4519
f 276//3603 528//4621 2772//4916
f 2413//1637 4659//4982 2063//4986
f 1095//732 1725//1129 1096//733
f 1612//1217 153//3344 1842//3346
f 1799//4231 943//3292 2409//1631
f 1799//4231 3678//186 943//3292
f 889//4479 4521//1089 3372//3577
f 4386//3880 3427//4485 3622//4805
f 72//973 2378//974 3690//2171
f 4315//274 1951//1305 1004//1304
f 1545//4552 1546//3182 278//480
f 292//218 2440//4356 697//3210
f 297//219 1010//4903 175//934
f 909//4778 4051//226 4105//4049
f 1293//2896 110//86 1615//1559
f 983//2948 4116//3820 1924//1283
f 3643//3825 3642//3927 2032//1352
f 4413//3519 2616//1790 4732//4576
f 4489//1708 2486//2521 2485//2602
f 2456//2220 2454//1844 2663//1843
f 4752//3418 2689//3425 3549//1395
f 634//2662 635//916 252//4846
f 1100//2043 1065//3071 1101//2305
f 3459//613 1028//615 2387//4537
f 4098//4211 3506//2403 3136//2402
f 3368//2398 63//2397 4000//4512
f 3262//3748 1233//3750 4522//4440
f 412//3275 411//4007 3048//4867
f 122//3916 3921//1678 3150//3970
f 1960//4911 4282//4300 521//1451
f 3277//2321 3279//3805 2621//1802
f 2832//816 3402//4275 1246//817
f 971//4102 972//3007 3304//4104
f 3443//2487 3444//2489 3446//2633
f 3455//4497 831//989 2061//3507
f 2980//1977 3661//4451 4897//3890
f 4997//4590 1386//895 4601//4839
f 4347//4296 3021//3420 352//1610
f 4691//2830 1257//1357 1710//3899
f 1365//2604 928//4151 4489//1708
f 2658//1835 3167//604 1339//4526
f 3523//2553 3522//2552 2298//1540
f 561//1107 2886//15 4804//14
f 3782//2800 3151//3136 4127//2423
f 3309//1760 3151//3136 3782//2800
f 4467//4273 1195//1175 3542//1488
f 166//772 1018//674 4134//4881
f 1563//3736 4718//4179 4719//4178
f 2168//1430 4223//1435 2172//1437
f 4394//3494 4393//1798 3740//3492
f 2626//4848 4504//1331 2006//1330
f 4384//3480 1169//4922 2994//3708
f 1526//4350 124//3427 4138//4946
f 2735//2912 3899//4893 4671//3887
f 813//566 2717//1875 4229//2670
f 4754//1512 4151//278 4046//3161
f 1702//137 2088//1466 2197//138
f 3236//3462 4526//3664 78//2005
f 4980//4739 4480//4659 3869//4658
f 4040//1788 3265//2306 1869//4224
f 4183//4630 3296//3913 4181//3915
f 2743//3470 1107//1032 1108//4977
f 1426//4377 2357//4822 1241//4066
f 1426//4377 3613//2655 2357//4822
f 3486//4543 1341//4932 1860//4949
f 2685//4135 2064//4428 4809//4134
f 3385//4941 824//3453 1812//4371
f 398//292 2340//1566 113//1287
f 4935//2212 3515//4645 3081//2158
f 1311//1998 784//880 2600//2315
f 756//4098 2058//1986 3256//4128
f 2965//4546 4615//3791 4613//4154
f 3309//1760 2560//1759 3151//3136
f 2776//1904 2818//1945 2819//1947
f 991//665 994//667 1197//4993
f 1961//3437 3429//4407 1960//4911
f 1870//2130 1064//3070 1102//4200
f 4059//4650 1890//3157 4048//1635
f 1178//780 4503//3796 4621//3185
f 3431//2477 1373//4956 1375//183
f 868//1438 1279//712 1076//714
f 4364//3659 3846//4936 4520//4469
f 2101//1387 1438//1670 2448//1669
f 4157//3170 2234//2436 2730//3038
f 4157//3170 4158//1198 2234//2436
f 225//168 698//4703 286//166
f 1872//3862 1183//783 1873//1241
f 1250//820 2179//936 1443//2352
f 4815//3228 2399//1626 3770//3843
f 2573//284 2575//4902 4864//2858
f 2220//1934 2219//4478 2802//1932
f 3382//2293 2975//3832 2974//2292
f 2815//4324 3926//3043 4150//1943
f 3600//2634 2468//1683 4035//4627
f 2102//1935 1180//2384 955//645
f 85//65 84//64 1526//4350
f 3925//4353 4461//4411 4459//2528
f 4170//2768 2039//4253 2068//2054
f 3948//4754 2817//2002 1073//710
f 1293//2896 1615//1559 3254//3127
f 3472//3351 2152//2925 3949//2964
f 4290//3030 3168//3029 4038//3057
f 3925//4353 2085//2166 4461//4411
f 4585//4983 4586//4127 2085//2166
f 3925//4353 4585//4983 2085//2166
f 3814//2833 1559//2834 527//4826
f 4359//4012 3816//2836 4060//3446
f 3406//1930 4012//4183 3351//4166
f 4014//4895 1208//799 3096//578
f 2089//1989 4339//2663 4771//3411
f 2788//3678 3442//3627 4474//3679
f 134//2394 3851//2870 3852//2395
f 221//1601 1145//2754 433//58
f 3891//3539 3892//3587 35//35
f 4636//4287 924//3520 4769//1162
f 1892//1443 3728//4544 172//4704
f 205//1595 206//3130 1399//2407
f 3167//604 2897//118 1788//4164
f 3212//4283 4693//4628 4230//4389
f 1837//1206 1737//1136 1736//1135
f 3253//2443 3252//3274 2563//4975
f 592//4472 3386//4924 3388//4958
f 592//4472 22//13 3386//4924
f 1471//3924 2740//4595 2739//126
f 1824//301 2055//695 475//697
f 1735//1513 3249//4800 4068//3247
f 2333//1561 374//3939 373//2975
f 1170//1787 3250//2304 2603//1785
f 3829//49 3580//2620 932//829
f 1063//571 1536//1233 1853//1231
f 2774//3052 3037//373 2775//592
f 2647//3979 4729//3961 209//3980
f 959//2854 3775//4531 3259//2310
f 1980//4712 3775//4531 959//2854
f 2180//935 1444//819 1608//4951
f 3491//1608 282//3184 15//1606
f 1308//2556 734//1672 974//450
f 4179//3218 3176//1867 4180//1865
f 1003//119 1898//1837 4315//274
f 3272//4387 3270//4691 3269//925
f 3272//4387 3271//4797 3270//4691
f 3010//4599 3333//3510 2492//1347
f 1142//4528 4967//4642 1804//4529
f 1142//4528 4405//3509 4967//4642
f 3227//3729 644//3728 3519//1110
f 3086//4612 4366//4714 3087//2978
f 2887//4668 3977//4583 837//839
f 1845//104 1844//1223 2364//3498
f 1222//2122 1220//3554 1221//396
f 2584//2012 329//4741 2837//4578
f 2934//375 4665//3 522//376
f 3694//4279 4866//3591 3257//4340
f 708//1143 108//1145 1175//778
f 1830//2859 3808//4807 3809//2860
f 1830//2859 2812//4092 3808//4807
f 723//2928 1549//4177 3791//3938
f 4174//4637 892//2332 4173//3204
f 4348//4920 2331//1088 2330//4290
f 4228//2094 1981//1312 3207//1314
f 4228//2094 3466//2276 1981//1312
f 3074//3993 2930//3994 3073//3723
f 3173//4185 3821//2843 3738//4416
f 4987//4032 228//3042 4983//3044
f 4221//3265 4310//3370 2624//4430
f 4101//3123 3099//4791 4471//254
f 1//1612 3388//4958 4892//4779
f 1155//2093 1156//2890 3466//2276
f 2022//3925 2341//3926 3595//394
f 2301//4074 871//3178 4164//3180
f 1058//3666 1417//4640 723//2928
f 3404//1722 546//3616 4486//3615
f 4783//4080 2063//4986 2686//4081
f 204//1834 4549//4615 2656//4095
f 520//1452 4282//4300 4941//3041
f 1041//4906 2884//3240 427//3239
f 3202//905 1041//4906 427//3239
f 4703//3739 2839//1963 4599//1962
f 954//644 1851//4564 911//608
f 3561//2597 2886//15 2163//1404
f 89//4288 498//2576 952//641
f 1248//4091 4097//4106 3823//3863
f 2485//2602 927//2608 3568//2603
f 427//3239 2551//3241 2552//4763
f 3784//3888 4897//3890 3661//4451
f 1509//4036 508//369 1508//4037
f 2005//2265 3180//3544 2556//724
f 3430//3122 3200//2475 4805//2474
f 4915//2241 3792//2811 3283//915
f 566//605 2634//1811 4398//4347
f 4601//4839 4024//3376 3825//1510
f 2759//1891 126//316 2757//1889
f 2965//4546 2864//763 4615//3791
f 3077//3598 1861//1235 3078//1237
f 2500//577 3198//4242 1831//909
f 4911//2057 4464//1363 4905//2061
f 2471//1819 1457//2299 300//2676
f 3124//2225 3123//4412 2143//1372
f 3124//2225 730//2600 3123//4412
f 2291//4465 1072//708 1071//707
f 669//468 459//2336 668//469
f 475//697 1996//2735 3440//338
f 475//697 2951//2599 1996//2735
f 3772//4833 2763//1827 3099//4791
f 506//367 509//1786 4876//3451
f 2598//354 2225//1483 4544//352
f 4792//4033 1850//3570 228//3042
f 4792//4033 2269//3571 1850//3570
f 4020//595 3248//3362 3746//593
f 4020//595 3653//619 3248//3362
f 2069//4415 1687//4414 4138//4946
f 3571//93 2672//701 3718//2741
f 472//331 628//359 729//455
f 4324//4309 589//432 718//4680
f 1463//953 1644//2568 2545//178
f 3657//3075 718//4680 2159//4303
f 3099//4791 2763//1827 4471//254
f 4806//2138 1940//4130 3050//2135
f 1268//1327 2003//3285 4588//4950
f 4502//3062 2553//2781 2134//2780
f 2965//4546 3858//4660 4614//1946
f 751//3260 750//516 752//518
f 521//1451 3360//3599 2900//3438
f 1875//105 269//201 850//3257
f 1875//105 1845//104 269//201
f 573//420 2373//4075 2370//1604
f 3084//3528 308//1731 858//581
f 29//23 3217//2281 30//24
f 2167//1433 3591//4896 2169//1434
f 4882//4842 2898//4119 2273//2512
f 3822//3861 2807//4108 4094//4107
f 2111//1967 2112//4450 1289//832
f 1241//4066 2357//4822 76//3735
f 4947//3225 3842//4593 4648//2513
f 4947//3225 4226//3441 3842//4593
f 622//453 3120//3393 1854//1234
f 3556//1505 1265//2589 3557//2590
f 4438//2679 1612//1217 1613//1216
f 1790//2683 637//1150 1761//735
f 1188//1484 2225//1483 2598//354
f 2096//649 1259//823 3125//3186
f 2311//76 1466//1548 93//77
f 3564//2028 1902//2290 1357//381
f 734//1672 620//1673 1537//451
f 718//4680 589//432 2159//4303
f 4191//1070 4507//4988 519//4981
f 4191//1070 4267//1069 4507//4988
f 3318//1356 358//261 359//263
f 3546//547 2925//2038 1576//545
f 3688//2008 4748//4009 3687//3208
f 2703//3792 227//171 3221//170
f 4945//4086 4842//4220 3036//2959
f 1047//4560 257//1623 3905//4837
f 372//2943 2697//2942 2226//3781
f 4424//4587 3214//4619 4060//3446
f 4424//4587 4530//4907 3214//4619
f 4494//3746 4572//4780 2705//3296
f 4087//4997 1222//2122 4742//2121
f 1954//3319 1196//4114 618//1857
f 1509//4036 602//439 1809//3710
f 599//440 602//439 1509//4036
f 2215//2151 3069//2152 4789//4767
f 405//2115 2867//2509 1431//2508
f 405//2115 3603//2079 2867//2509
f 4165//4141 1945//3828 3518//3830
f 4165//4141 2914//3694 1945//3828
f 3778//3934 1086//2892 1087//1341
f 1172//182 580//958 1359//773
f 1074//2075 1838//1207 1839//1209
f 1511//3196 1012//4437 4678//3865
f 1511//3196 2566//3711 1012//4437
f 3183//2742 4344//1928 2294//3499
f 288//213 1824//301 1333//1196
f 3226//4554 4936//1268 1907//1267
f 4357//3886 3538//3430 4587//4827
f 4357//3886 3673//2987 3538//3430
f 2573//284 2851//1983 4550//4917
f 1506//2961 862//3714 1953//2962
f 924//3520 925//1163 4769//1162
f 3282//2639 1418//913 3283//915
f 1551//3639 3769//1378 3682//3640
f 1208//799 1209//1170 2391//2723
f 4284//3335 4906//4363 4517//3334
f 1041//4906 2507//4761 2884//3240
f 63//2397 4032//3047 4033//1862
f 1973//3824 27//3033 1351//862
f 3248//3362 3653//619 1914//1822
f 1517//3051 1878//4523 1518//2140
f 3548//2582 4868//888 236//887
f 2800//4067 940//624 1620//841
f 2084//2165 3091//2164 3243//4203
f 3513//2545 322//2365 1016//671
f 613//2712 190//4318 4654//3871
f 3041//4702 3042//2128 3043//2127
f 175//934 4580//3753 1011//3754
f 3468//2480 3434//1649 1404//900
f 452//312 4184//675 1018//674
f 3115//4121 4638//4990 4993//4662
f 3115//4121 3427//4485 4638//4990
f 4803//3768 4188//3226 443//2148
f 1865//2788 1232//26 1231//4162
f 3646//3366 4088//3112 4090//1833
f 3682//3640 3769//1378 4213//2791
f 1850//3570 4803//3768 4150//1943
f 647//2249 646//3374 1653//3373
f 3158//1590 304//1588 1635//2229
f 4047//4960 3742//4448 2333//1561
f 1793//1176 2774//3052 3047//112
f 4948//4870 4645//3848 4646//1900
f 1619//2636 1701//249 333//248
f 3870//3385 1197//4993 994//667
f 102//82 1389//631 103//83
f 2274//2511 1337//852 2273//2512
f 2912//4944 670//3181 2953//181
f 4185//3512 1905//1266 3129//1767
f 2974//2292 4560//4359 4114//4361
f 340//255 3856//4995 4943//1911
f 3722//2743 3//3634 2567//1764
f 2291//4465 1475//959 1072//708
f 2978//4635 2975//3832 2976//3831
f 1664//4344 3288//2278 387//289
f 657//237 2265//4996 3209//1519
f 2051//3991 4734//4985 4735//3230
f 2576//3909 4008//4808 4009//4965
f 3642//3927 4692//3669 2032//1352
f 1907//1267 797//1424 2160//1423
f 4456//3382 4825//4373 4826//4372
f 2892//4799 2061//3507 3706//4480
f 4712//4111 293//685 23//20
f 4790//1131 4002//793 4556//4467
f 360//1704 1994//4369 2546//4609
f 785//878 261//193 3288//2278
f 4600//3156 3901//4866 1655//3780
f 1723//1128 2198//1467 1096//733
f 4672//3224 1302//1823 3659//4973
f 4850//4721 2978//4635 2979//4723
f 3584//2918 3470//2623 4511//2625
f 263//2277 3288//2278 1664//4344
f 1001//3874 1872//3862 1873//1241
f 2567//1764 3//3634 4//3358
f 4288//4384 298//221 2983//4789
f 4288//4384 297//219 298//221
f 133//758 3581//1108 1696//2476
f 3271//4797 429//4187 3270//4691
f 2205//3097 4791//3096 663//1380
f 800//2988 1724//1130 4399//4329
f 2432//2883 2434//2968 3477//2881
f 3745//4689 4582//4401 135//4400
f 4961//3318 1090//2842 413//3607
f 4053//3072 2397//3454 4665//3
f 1497//4267 4383//3478 2707//4272
f 4092//3115 4089//4559 4091//4322
f 1106//739 1053//738 4316//1624
f 1352//4285 2834//4150 1353//2233
f 2248//2893 4381//3475 4466//3476
f 2801//3286 2328//1692 4928//2460
f 1921//1281 304//1588 303//1279
f 2846//4101 2805//1973 2803//3741
f 2846//4101 966//1974 2805//1973
f 3928//4368 4523//2427 4078//2827
f 75//2308 4056//3082 4052//2309
f 2784//3834 1022//682 375//1291
f 955//645 911//608 1535//1699
f 955//645 954//644 911//608
f 2696//3654 4901//3957 617//4745
f 2852//1984 1617//1055 3916//616
f 4393//1798 2618//1797 3276//4809
f 2992//3841 4672//3224 2991//3892
f 3551//2931 1045//2037 4788//2036
f 1678//1083 1679//1084 4198//3856
f 2686//4081 4659//4982 2685//4135
f 85//65 1526//4350 4888//4349
f 3797//2818 3832//4938 3833//4034
f 2912//4944 4134//4881 451//3622
f 1301//4109 1817//1186 1816//1185
f 3905//4837 1045//2037 3904//4561
f 1317//4168 2188//4663 1316//2015
f 638//4072 221//1601 3554//3838
f 3119//4038 1618//1457 960//648
f 260//3436 3344//4382 1327//4024
f 4508//1952 3785//1949 2906//2029
f 4501//3949 4500//628 4103//4738
f 1786//244 672//243 399//293
f 4318//266 4316//1624 4317//3477
f 2366//1033 1357//381 748//1598
f 803//61 802//552 4201//657
f 4087//4997 4742//2121 2160//1423
f 2772//4916 3410//4620 1634//4929
f 3202//905 427//3239 877//906
f 3787//2806 4959//3152 3292//2807
f 2647//3979 3322//2375 2044//842
f 1212//802 1077//950 1280//713
f 3671//3689 4583//4816 3670//4696
f 3365//673 94//78 93//77
f 2596//1783 667//3310 4525//4921
f 2596//1783 1271//2399 667//3310
f 3849//2324 64//640 3280//2325
f 403//4798 1924//1283 1574//3821
f 2243//2966 3890//1853 4989//4980
f 2333//1561 3742//4448 2941//2929
f 1309//2334 836//4445 735//584
f 2047//1359 4260//1656 2351//1581
f 1274//2525 3324//2524 3327//4654
f 2947//2062 4905//2061 2062//1362
f 4687//2997 643//1001 2300//1534
f 4618//1684 2467//1682 4735//3230
f 414//4284 1815//4851 1455//3348
f 2020//1343 3702//4728 1664//4344
f 2623//404 2843//1966 2842//1965
f 3991//4043 1691//1098 1500//1094
f 4265//3608 1603//1046 4209//828
f 893//596 2264//1520 4174//4637
f 596//1757 639//4962 597//1448
f 596//1757 1402//1756 639//4962
f 3106//3024 646//3374 1093//2248
f 4671//3887 3899//4893 4384//3480
f 149//4338 458//834 4552//836
f 1916//4850 1330//849 868//1438
f 1916//4850 1917//2444 1330//849
f 1062//3797 3628//2667 1536//1233
f 3761//2772 1411//2565 659//3338
f 3761//2772 1055//692 1411//2565
f 1144//385 1402//1756 583//386
f 4525//4921 666//1401 2945//1402
f 2177//3996 4740//2984 4744//2983
f 2177//3996 3000//4616 4740//2984
f 283//1576 649//2190 2555//3138
f 4773//4206 1422//4010 2684//1852
f 4758//2060 2947//2062 4759//4594
f 2049//1361 3780//4858 4234//3283
f 4255//4709 4363//4604 3264//3301
f 157//4317 794//2464 2783//2503
f 3481//38 3480//2531 3482//3238
f 258//192 545//403 617//4745
f 202//4771 2648//3276 1199//1148
f 3637//4435 3503//3881 4373//4213
f 2644//2145 3063//2144 3857//3712
f 625//4509 1526//4350 4138//4946
f 1795//4256 2859//2083 851//3701
f 3282//2639 3283//915 825//2640
f 3000//4616 3964//3951 4740//2984
f 1972//1887 4155//283 4156//2706
f 1980//4712 4716//408 3384//3895
f 3722//2743 898//2119 3//3634
f 220//163 438//4163 244//164
f 1727//1472 1023//684 3382//2293
f 4909//4189 418//1632 4321//3621
f 1012//4437 3316//4718 4679//4868
f 2723//1571 2726//1572 2722//509
f 4736//4424 3701//4425 4162//4325
f 1454//297 1815//4851 414//4284
f 4284//3335 2484//1705 4984//3592
f 3838//3431 32//28 33//30
f 217//160 219//162 1592//4656
f 2459//1676 1154//4346 1153//1674
f 4262//3308 2692//3935 4304//3357
f 4334//3960 2655//1830 1933//1666
f 3005//2350 1944//3125 1941//2348
f 4154//3166 4483//3731 4547//4239
f 4292//964 3437//3343 150//4255
f 4163//3176 2435//1652 3650//2690
f 4957//4694 2617//2020 2613//1791
f 2062//1362 4998//4918 2947//2062
f 1335//3782 3257//4340 4866//3591
f 707//328 2476//3847 466//329
f 1865//2788 1725//1129 1232//26
f 2684//1852 2683//636 1191//2344
f 1006//4758 4814//4843 4254//4759
f 1300//3322 79//3002 4273//2065
f 576//1665 2891//2017 575//2019
f 3361//1453 3362//4500 3360//3599
f 3671//3689 4664//4690 1158//765
f 2744//808 1228//810 1227//4534
f 4436//2494 3600//2634 3599//3548
f 3473//2526 1275//2707 3324//2524
f 1789//2167 662//1382 665//1399
f 2441//3699 3312//2361 1160//1657
f 4864//2858 2575//4902 2576//3909
f 2943//2982 983//2948 1924//1283
f 1309//2334 735//584 3291//2242
f 223//1740 2115//1741 1254//4819
f 3773//4832 2305//4834 3772//4833
f 3773//4832 1480//4773 2305//4834
f 4397//2134 1584//3035 4219//2137
f 1123//34 1513//2560 4432//3538
f 2290//1442 3728//4544 1892//1443
f 1316//2015 2382//3189 3747//2016
f 4044//2410 3393//2409 3170//2354
f 2247//2285 3220//2287 450//2504
f 4969//2902 3882//2900 3881//2899
f 3399//4070 2927//3243 745//922
f 2995//4596 2735//2912 4721//2914
f 3574//4605 4130//3394 510//1895
f 3110//3986 2699//3985 3935//2578
f 2197//138 2198//1467 280//209
f 2963//2069 4557//3168 2268//3167
f 3959//2979 3691//2823 3960//2977
f 2936//2606 2693//2698 3568//2603
f 4324//4309 718//4680 4055//3076
f 4486//3615 547//969 1505//975
f 4396//2862 239//1106 3837//1105
f 3683//981 2694//422 1514//1689
f 3574//4605 3572//3858 3301//2612
f 3364//3536 2910//1487 2985//3533
f 4165//4141 4812//3117 364//2032
f 4705//2515 4924//4998 4382//3905
f 3580//2620 1914//1822 2394//1821
f 832//273 366//2499 4633//875
f 3214//4619 4530//4907 611//448
f 514//374 3907//3413 2136//1411
f 2877//3675 98//2077 1857//3683
f 4264//3940 4263//3311 4644//3898
f 264//74 996//4821 995//2063
f 264//74 2014//196 996//4821
f 1852//4854 912//609 3998//4003
f 644//3728 3810//4972 3519//1110
f 851//3701 849//1619 850//3257
f 1132//548 795//550 1133//3917
f 3729//4533 1831//909 3198//4242
f 1129//2358 4608//3783 4607//4887
f 1920//1956 802//552 903//1957
f 3384//3895 1148//1751 1147//1752
f 4364//3659 3847//3658 2195//4937
f 4675//3894 1564//1013 4365//3737
f 4959//3152 4144//3151 3292//2807
f 4458//3193 3862//4572 4267//1069
f 2705//3296 4248//3297 1558//3079
f 2//3188 4269//2169 4460//3629
f 4295//4525 2244//4055 685//485
f 1205//796 2438//497 1476//960
f 3354//144 3203//2273 1260//2272
f 4083//4139 4795//4963 3737//2488
f 1382//2995 1600//2416 1599//139
f 2390//3609 4640//814 2348//813
f 620//1673 1954//3319 618//1857
f 4129//3141 1994//4369 243//4483
f 1219//1289 3627//1288 2116//1394
f 2429//3387 1714//1126 381//864
f 4935//2212 3145//2214 3514//4504
f 2469//2113 2470//4984 3902//2114
f 2469//2113 2471//1819 2470//4984
f 171//2340 167//1838 2293//1536
f 171//2340 172//4704 167//1838
f 4626//736 2325//558 2935//4244
f 3945//2950 3943//2952 4066//4927
f 2971//4489 1606//4880 1075//938
f 3886//1681 3737//2488 4795//4963
f 1829//4245 2161//1428 762//3619
f 2052//110 3254//3127 1615//1559
f 2052//110 83//109 3254//3127
f 3760//2082 1796//3522 2859//2083
f 3377//4001 3924//4897 1932//4374
f 1304//4787 688//3350 3161//1993
f 1478//3661 2302//3027 3016//3026
f 2561//4232 3151//3136 2560//1759
f 1051//3650 1709//3900 2996//4484
f 3617//2180 3102//2182 1819//1190
f 2853//2554 4675//3894 2589//4438
f 3434//1649 3435//2481 4871//4999
f 4055//3076 4323//4756 4324//4309
f 4938//2787 3484//4181 4780//4180
f 4559//4722 4824//1552 4560//4359
f 4559//4722 4560//4359 4851//4899
f 3790//3992 3789//2810 3788//2809
f 2967//2072 2429//3387 4205//3388
f 2547//1324 4149//4790 1993//176
f 3395//1849 3712//2412 2193//1850
f 4003//3016 3748//2328 3750//4565
f 2567//1764 2875//3359 2907//3982
f 4476//3810 3434//1649 4871//4999
f 3706//4480 2613//1791 3705//4079
f 3706//4480 4404//3506 2613//1791
f 1116//3158 67//22 3741//4828
f 4899//1899 3757//3333 4646//1900
f 4783//4080 2614//1793 2063//4986
f 2030//1351 4867//4280 2854//3031
f 4276//3822 4275//4651 4272//3320
f 2404//4025 2403//860 3062//859
f 1548//1907 1653//3373 1700//3145
f 2072//3298 2124//4519 82//4810
f 2637//2176 1992//1322 4414//4301
f 2637//2176 1121//1315 1992//1322
f 3166//3325 1711//4551 1334//4278
f 2281//1529 42//46 2280//1530
f 2281//1529 430//47 42//46
f 329//4741 3724//2857 1305//488
f 1256//206 1051//3650 2996//4484
f 1680//490 206//3130 1490//4017
f 692//492 206//3130 1680//490
f 722//4641 3965//431 4543//3945
f 1192//3190 2675//1846 4624//4405
f 4824//1552 4559//4722 2317//1553
f 728//4088 1432//618 406//2219
f 4037//3056 532//384 4038//3057
f 843//280 1775//1124 1349//3842
f 2768//3651 4516//898 3897//2014
f 3554//3838 2369//1600 3280//2325
f 2576//3909 4009//4965 4010//3023
f 4104//3950 3093//4357 1654//1081
f 3133//4230 1084//3626 1085//4769
f 2083//1381 2120//1398 662//1382
f 4611//2056 4346//1781 4345//4774
f 3650//2690 4510//1654 3651//2691
f 3384//3895 1147//1752 1980//4712
f 213//155 4336//3406 214//156
f 1920//1956 904//3693 1690//3692
f 704//4611 3859//3943 3942//4257
f 1964//3907 3833//4034 4382//3905
f 598//1924 2117//3379 3510//1925
f 378//1643 200//3197 379//1585
f 2271//602 2269//3571 4987//4032
f 4815//3228 3802//2819 2401//4155
f 1976//3065 3494//1306 1975//2046
f 1705//1245 1990//1321 2548//1246
f 190//4318 3719//3455 4727//4294
f 1496//4729 2700//1859 2182//2196
f 3935//2578 2855//1988 3109//883
f 3045//2502 1991//4410 1118//1323
f 2324//333 476//334 1287//3513
f 2128//3484 2032//1352 4692//3669
f 4530//4907 2599//449 611//448
f 2811//1940 2810//1939 1245//4352
f 1207//463 292//218 632//464
f 2185//3004 3798//3003 2316//4503
f 121//3105 277//4891 2327//2111
f 2573//284 4008//4808 2575//4902
f 3418//2447 4610//4442 2896//1317
f 3538//3430 800//2988 4026//3428
f 1314//2506 2027//2505 2028//4351
f 3577//2615 3880//322 3575//4246
f 4344//1928 3183//2742 2114//3422
f 4725//4877 2230//4398 3364//3536
f 4559//4722 4851//4899 4850//4721
f 4708//1063 1628//1065 591//434
f 1266//3198 378//1643 2632//4295
f 2835//716 465//889 63//2397
f 626//4676 1687//4414 3821//2843
f 4890//4777 2316//4503 3798//3003
f 4839//3641 4694//4219 3940//4248
f 1348//2092 2933//1 3512//2543
f 3848//2812 1206//3698 3792//2811
f 2563//4975 2562//1151 3152//2441
f 578//1953 579//957 3028//955
f 4797//1226 4296//4683 2708//2786
f 2146//4508 2385//4541 4504//1331
f 1268//1327 4588//4950 2004//54
f 4667//4165 2273//2512 1337//852
f 4667//4165 4882//4842 2273//2512
f 3739//3873 1891//3963 1556//4815
f 4652//3194 3631//2867 2407//1628
f 2797//1920 2798//257 342//1921
f 3590//4974 3589//3101 2169//1434
f 3413//3304 3414//4226 4106//678
f 1717//984 693//1897 43//985
f 1717//984 1718//2715 693//1897
f 3216//303 3215//4953 610//304
f 4964//2066 2960//2068 858//581
f 3717//3721 4298//467 3716//2246
f 4043//4087 1583//3060 2973//3503
f 714//876 3875//3162 4151//278
f 1587//4717 3025//1036 1672//1035
f 601//441 805//951 602//439
f 3281//2326 4120//4753 4453//3206
f 1986//1589 1633//4930 3490//4948
f 4854//4976 4934//4581 3262//3748
f 4854//4976 4553//847 4934//4581
f 1024//1720 2442//1661 1261//3300
f 1649//1078 963//2203 791//4227
f 3846//4936 2771//976 4520//4469
f 2626//4848 4289//4555 4702//2748
f 2626//4848 2006//1330 4289//4555
f 104//658 802//552 1690//3692
f 3951//4196 3850//3671 4662//3673
f 578//1953 3080//683 3079//2985
f 4836//4908 3780//4858 2049//1361
f 2279//3006 756//4098 3888//851
f 595//2420 2463//1679 2940//2418
f 2272//4563 2898//4119 1336//4120
f 2272//4563 2273//2512 2898//4119
f 1947//2709 1160//1657 3799//3718
f 1110//3772 2013//1335 1109//1337
f 1517//3051 2161//1428 3640//1427
f 4402//4060 4403//4005 3700//2726
f 1283//830 4812//3117 362//270
f 4308//3364 2501//4243 4873//4776
f 947//633 1997//2704 1388//896
f 4107//3667 4147//3155 3954//3668
f 1111//1492 865//582 2236//4775
f 401//3201 1451//3202 170//117
f 2708//2786 2707//4272 1849//3008
f 1034//3073 2232//392 538//391
f 4498//3707 3063//2144 2645//2146
f 3507//4209 4862//4863 2538//1864
f 248//954 49//53 3830//4238
f 248//954 247//3020 49//53
f 4568//3742 4569//4520 3755//3295
f 1103//465 1761//735 2562//1151
f 1649//1078 2095//1383 963//2203
f 835//1847 1193//2450 2675//1846
f 3720//4064 3268//4431 3267//4065
f 419//2730 3569//3361 3092//626
f 98//2077 2877//3675 2878//3998
f 1623//1059 3305//4935 3094//4376
f 4410//3568 2786//4603 839//2675
f 1746//1138 1748//1139 226//1141
f 42//46 2214//48 1459//2650
f 1794//1706 4517//3334 404//1794
f 1341//4932 3251//4212 613//2712
f 3932//1997 3412//296 410//295
f 3983//4014 573//420 571//419
f 4069//2084 278//480 1546//3182
f 4774//1982 4008//4808 4550//4917
f 4774//1982 2849//4063 4008//4808
f 3462//4068 4648//2513 3464//2514
f 1023//684 2975//3832 3382//2293
f 961//4671 962//3456 3992//2783
f 4490//1144 3320//1146 3652//433
f 3850//3671 3951//4196 4791//3096
f 497//356 1955//2571 3993//4214
f 195//1696 4195//1297 1128//748
f 4589//979 2483//1688 2871//2649
f 2039//4253 2066//4954 2068//2054
f 4501//3949 4566//3948 3920//2922
f 2054//3823 2737//3564 2053//3251
f 3525//4636 3509//2537 3526//3785
f 1430//2661 1240//2157 3027//1101
f 126//316 1637//3471 2753//3846
f 126//316 3888//851 1637//3471
f 4417//4987 4695//3449 240//3524
f 3049//4089 1281//2665 3048//4867
f 2596//1783 4525//4921 2945//1402
f 115//70 547//969 2517//1721
f 190//4318 2401//4155 2400//2188
f 3627//1288 1928//1285 587//428
f 3937//2940 4451//698 4423//2944
f 4571//4367 4250//3745 3638//3747
f 14//3083 1469//4824 13//2717
f 14//3083 2823//4396 1469//4824
f 2880//4655 3753//2757 3510//1925
f 3223//2974 4925//4631 3222//2972
f 3429//4407 3428//4473 1960//4911
f 1757//3551 200//3197 1266//3198
f 3338//1432 2170//2380 2167//1433
f 1454//297 2611//4145 1235//1879
f 803//61 982//4477 70//62
f 3534//522 1436//4549 2475//2222
f 2851//1983 2573//284 2876//4216
f 4649//4994 3848//2812 2779//1658
f 2152//2925 4457//4423 2155//2926
f 4800//1981 2851//1983 4869//4281
f 4116//3820 404//1794 2379//1172
f 4116//3820 983//2948 404//1794
f 1996//2735 2949//4624 3709//2733
f 4243//4813 4245//3291 2706//1531
f 596//1757 597//1448 2187//4018
f 2748//1603 2746//4291 2370//1604
f 612//1188 2860//3620 4468//4443
f 4967//4642 4405//3509 4990//3505
f 2077//1181 2765//1375 2078//1370
f 4567//3684 559//2534 1586//2697
f 2293//1536 2076//1374 1213//1373
f 1327//4024 3344//4382 2367//3014
f 4189//4558 4384//3480 1498//4557
f 2512//4811 2239//1495 4455//2585
f 3917//727 233//664 3408//2431
f 3666//1888 4296//4683 2750//1886
f 839//2675 2656//4095 4549//4615
f 1980//4712 1147//1752 1146//2613
f 388//4482 3931//4225 787//4343
f 1911//1276 3385//4941 1418//913
f 1922//3381 4901//3957 2696//3654
f 2101//1387 2100//1386 3708//1776
f 1957//1806 649//2190 822//1807
f 3175//4647 3178//4939 4186//586
f 3529//2558 4136//4872 4331//3401
f 3704//501 2025//1345 703//499
f 3704//501 2154//1419 2025//1345
f 3392//2591 3391//2593 2398//3576
f 174//2601 2481//1687 1514//1689
f 2051//3991 4939//2254 2579//4884
f 2011//1333 2690//2289 733//1273
f 1545//4552 3765//4856 1541//2784
f 2704//1868 1054//4584 4685//355
f 3562//2596 4848//2595 3561//2597
f 3442//3627 181//920 3218//2282
f 56//3769 3066//2150 3201//4132
f 4968//3402 1569//1019 3150//3970
f 2557//3752 4963//2264 2556//724
f 2554//4947 283//1576 2555//3138
f 2554//4947 4720//1577 283//1576
f 3806//2930 4523//2427 4624//4405
f 3806//2930 4078//2827 4523//2427
f 1561//1015 1560//1014 3885//2901
f 1127//744 3396//743 4727//4294
f 2204//1471 3382//2293 1442//717
f 4020//595 1965//2767 3654//2696
f 2404//4025 2402//3904 755//1079
f 3107//2635 337//251 144//3891
f 3416//2442 1407//903 1406//902
f 4690//4967 132//1645 4991//4992
f 4690//4967 4207//3245 132//1645
f 569//755 3304//4104 3070//2357
f 1903//3713 2541//1745 4477//1747
f 4807//4131 2177//3996 2175//1440
f 4807//4131 3000//4616 2177//3996
f 2435//1652 4163//3176 4260//1656
f 2017//1496 4169//3199 1575//1025
f 2716//3090 698//4703 2428//3685
f 2716//3090 287//211 698//4703
f 4529//4419 3320//1146 4853//2374
f 4529//4419 3321//587 3320//1146
f 2887//4668 837//839 2622//840
f 1592//4656 1591//79 217//160
f 4810//585 3566//4420 3176//1867
f 759//519 3140//3814 2087//3416
f 759//519 760//3815 3140//3814
f 3314//2363 3045//2502 1118//1323
f 3793//4297 4347//4296 352//1610
f 2565//4326 3701//4425 2770//1902
f 707//328 4579//502 2476//3847
f 4537//3687 1295//4506 4536//4336
f 703//499 2024//1344 2603//1785
f 3569//3361 3500//3809 3499//1082
f 97//1473 2570//1475 4662//3673
f 3082//3657 3690//2171 2378//974
f 2093//1855 635//916 634//2662
f 2093//1855 1239//917 635//916
f 129//3762 1076//714 1280//713
f 4814//4843 2056//3405 4254//4759
f 4176//4862 3406//1930 3407//1854
f 4176//4862 4827//1931 3406//1930
f 859//4021 3535//1690 856//579
f 859//4021 860//2561 3535//1690
f 2630//3439 3142//4222 4655//3606
f 4//3358 1465//4536 2875//3359
f 3258//629 1132//548 1133//3917
f 2577//3800 4623//3799 2997//3540
f 1653//3373 1651//563 647//2249
f 4589//979 91//73 2359//75
f 4968//3402 2310//630 1569//1019
f 4802//2432 3408//2431 4726//4274
f 1444//819 3360//3599 3163//4499
f 1444//819 2900//3438 3360//3599
f 4625//4933 4970//3106 4523//2427
f 203//4914 1199//1148 1321//2041
f 1417//4640 1058//3666 2156//3665
f 1959//3215 2840//4004 4439//3552
f 92//285 3051//4969 4155//283
f 92//285 1097//99 3051//4969
f 165//774 448//1407 166//772
f 2380//2221 164//108 901//4913
f 4627//3803 1480//4773 3773//4832
f 1043//4732 478//2483 1904//2482
f 3983//4014 2373//4075 573//420
f 2258//978 2256//2540 2257//2866
f 3503//3881 3637//4435 3502//3116
f 4766//4046 4325//4047 3695//2719
f 3436//1840 4012//4183 3406//1930
f 814//567 1897//1262 1896//1261
f 2554//4947 71//63 70//62
f 4495//3625 3341//3434 2216//1474
f 2522//387 1495//971 533//3635
f 81//2713 3164//3102 82//4810
f 3568//2603 927//2608 2132//2605
f 4678//3865 1012//4437 4679//4868
f 3915//617 3698//2725 406//2219
f 2429//3387 2018//2243 1714//1126
f 1097//99 806//555 136//97
f 2015//1737 3160//2240 1173//59
f 4124//4333 4879//4334 1230//4618
f 2882//2408 1324//944 3393//2409
f 3178//4939 3177//4540 4186//586
f 3924//4897 3376//2498 4459//2528
f 965//2405 938//720 3348//4397
f 4921//4123 1745//2021 4497//4785
f 2976//3831 3081//2158 2979//4723
f 2145//1414 1666//3677 1665//1031
f 2573//284 4155//283 2876//4216
f 1087//1341 3725//1584 1758//1339
f 3388//4958 1//1612 3387//4841
f 2347//654 1305//488 3724//2857
f 190//4318 4727//4294 2401//4155
f 3395//1849 3419//2446 728//4088
f 3873//2011 398//292 113//1287
f 3028//955 249//4912 578//1953
f 4004//3018 653//877 1310//1086
f 2381//1611 3826//2847 351//1609
f 3531//3845 3532//3266 3060//353
f 62//983 1379//2453 1380//1743
f 4512//1477 2224//1481 2663//1843
f 1751//2007 2527//4388 307//1729
f 2977//3717 4115//4362 4341//4364
f 3587//2627 3582//4971 4511//2625
f 3587//2627 3586//2626 3582//4971
f 689//3349 3400//4138 688//3350
f 1099//4462 4994//4486 3114//3340
f 2277//1524 2275//1523 1091//3545
f 981//1636 1108//4977 197//1334
f 2916//335 1796//3522 421//4124
f 4273//2065 133//758 4216//3244
f 3880//322 4735//3230 4590//323
f 3061//2841 3819//2840 781//972
f 1010//4903 1314//2506 4580//3753
f 1218//3514 1219//1289 978//655
f 387//289 3288//2278 261//193
f 3309//1760 3431//2477 1374//1761
f 4768//3660 4364//3659 4520//4469
f 1858//912 1412//911 658//2172
f 4478//2808 1329//845 3787//2806
f 2763//1827 2305//4834 2653//1826
f 4642//3844 3771//1625 3111//3390
f 3315//1980 3314//2363 1983//1316
f 2482//3262 173//2414 2871//2649
f 1147//1752 523//377 1146//2613
f 1880//159 479//339 587//428
f 4776//4931 4795//4963 4083//4139
f 931//614 2962//2070 1028//615
f 1989//150 2918//149 1990//1321
f 3913//2614 3672//2708 3578//2617
f 4749//4016 2398//3576 2886//15
f 4863//524 69//3174 3533//2562
f 4711//4874 3326//1067 4191//1070
f 564//412 2523//1724 437//4460
f 3564//2028 1585//2027 1586//2697
f 523//377 1328//4742 1146//2613
f 93//77 1262//1771 219//162
f 1742//4688 2243//2966 3996//3213
f 1742//4688 1741//1538 2243//2966
f 547//969 2696//3654 545//403
f 4175//843 4443//268 2535//267
f 438//4163 220//163 2679//3457
f 4239//2174 4237//1583 2352//1582
f 4239//2174 2350//1579 4237//1583
f 1341//4932 3486//4543 3251//4212
f 1230//4618 4879//4334 4060//3446
f 1299//838 2290//1442 1307//1444
f 535//4726 2667//4959 1760//2801
f 3390//3921 4427//2779 3391//2593
f 72//973 330//4146 469//1096
f 3326//1067 4894//2378 136//97
f 4272//3320 1300//3322 4273//2065
f 3323//2377 3051//4969 1097//99
f 2459//1676 4519//4194 1154//4346
f 3590//4974 3591//4896 3589//3101
f 2574//4319 3511//2541 4966//3022
f 1572//4031 1456//4447 1339//4526
f 455//3496 2493//1714 3866//1713
f 135//4400 1891//3963 577//3077
f 4153//1204 2649//3855 812//565
f 4696//4716 4695//3449 4417//4987
f 3226//4554 3371//4731 4936//1268
f 902//1958 904//3693 1920//1956
f 4833//4292 1035//4488 1036//4648
f 2459//1676 1772//1157 4739//4853
f 3549//1395 2669//3419 4752//3418
f 4597//3777 1229//3630 3216//303
f 1746//1138 1101//2305 1370//872
f 2672//701 1785//4665 935//67
f 260//3436 3077//3598 3344//4382
f 191//133 3458//135 1215//474
f 1215//474 3672//2708 191//133
f 2635//1813 3641//1746 4883//4299
f 1295//4506 3067//4515 4781//4337
f 4237//1583 4746//3999 2351//1581
f 380//528 2018//2243 775//529
f 1738//1137 2428//3685 290//215
f 1571//4547 253//185 872//184
f 4869//4281 2750//1886 2850//2566
f 4107//3667 1139//4905 1138//752
f 53//2794 1125//745 1127//744
f 4916//411 1591//79 1733//81
f 3273//4254 505//366 504//365
f 2643//949 92//285 129//3762
f 2643//949 1097//99 92//285
f 4642//3844 3111//3390 3801//2820
f 1558//3079 1891//3963 1555//1005
f 4906//4363 4284//3335 4984//3592
f 3975//2999 3527//2557 1843//1215
f 782//3652 1403//899 4516//898
f 1464//262 358//261 3398//4464
f 3421//2454 4919//3246 2794//4532
f 3169//2253 3956//2973 2579//4884
f 2579//4884 4939//2254 3169//2253
f 4756//3530 4366//4714 3086//4612
f 4541//2058 4659//4982 2413//1637
f 4541//2058 2064//4428 4659//4982
f 4288//4384 1419//4386 3677//2710
f 1361//1459 777//532 1362//1460
f 1361//1459 2016//533 777//532
f 2421//508 1976//3065 3495//4989
f 874//188 2302//3027 3911//4945
f 3035//4687 3834//2960 3036//2959
f 4382//3905 641//2516 4705//2515
f 1931//3954 1932//4374 4461//4411
f 3628//2667 1537//451 623//454
f 2879//2010 2837//4578 4214//3177
f 1632//4700 2894//4057 325//3851
f 1632//4700 1833//1259 2894//4057
f 250//1961 4563//4115 4599//1962
f 3611//3134 4720//1577 3820//4409
f 4243//4813 4244//3527 4425//4812
f 3252//3274 3253//2443 1963//2532
f 281//210 280//209 2198//1467
f 4470//3588 1347//2090 1348//2092
f 2100//1386 4900//931 840//930
f 2905//1182 1806//1184 3457//2507
f 4458//3193 4267//1069 3484//4181
f 1508//4037 508//369 1510//2331
f 3410//4620 2772//4916 528//4621
f 4577//2048 2943//2982 159//3600
f 4292//964 1636//1071 3437//3343
f 3435//2481 3675//4964 4871//4999
f 4638//4990 1170//1787 4993//4662
f 1714//1126 1713//1125 381//864
f 1506//2961 52//1183 53//2794
f 1506//2961 2754//3220 52//1183
f 3865//1905 3206//3812 2964//1903
f 4972//2550 4066//4927 3943//2952
f 1163//106 1787//1171 1162//768
f 3279//3805 3278//3804 4141//3144
f 2981//4125 4897//3890 2497//3889
f 1315//2685 450//2504 1312//2686
f 1228//810 2865//4029 1227//4534
f 4779//2076 2201//1468 4539//4705
f 4946//3755 2396//4305 4539//4705
f 4502//3062 331//3450 330//4146
f 4737//4701 2514//1717 3350//3495
f 1319//2716 100//1222 3380//2871
f 1669//1922 4229//2670 1272//1923
f 3276//4809 3278//3804 3277//2321
f 3684//937 1753//1210 1075//938
f 821//2338 2009//2337 1697//1111
f 1064//3070 1869//4224 1065//3071
f 2617//2020 4957//4694 2616//1790
f 4294//3347 1982//1313 3466//2276
f 2128//3484 4389//3481 2032//1352
f 570//4020 1151//1605 2958//4715
f 747//4233 3686//1447 3685//1446
f 3660//2699 2693//2698 2694//422
f 3315//1980 4682//3719 4684//4925
f 2517//1721 2518//2006 4369//71
f 1790//2683 1789//2167 665//1399
f 1001//3874 1377//4002 1872//3862
f 3358//3521 1820//1195 4413//3519
f 3209//1519 892//2332 2677//2547
f 3896//3267 4859//3902 1937//4311
f 3700//2726 4836//4908 2048//1360
f 760//3815 2989//4061 3779//4193
f 760//3815 759//519 2989//4061
f 3345//4606 2374//3490 2959//4241
f 4873//4776 389//291 390//290
f 1675//3461 792//3460 1662//4045
f 4346//1781 4611//2056 3985//4041
f 38//41 2001//1326 4001//3727
f 3944//2949 3949//2964 704//4611
f 2456//2220 2224//1481 2455//1480
f 1496//4729 2182//2196 2181//2195
f 4565//3738 2841//1964 2840//4004
f 302//330 471//4381 476//334
f 4227//3277 1121//1315 1120//2175
f 1286//2257 2355//2256 2354//84
f 2039//4253 2307//2875 2066//4954
f 4347//4296 543//401 3021//3420
f 4483//3731 2846//4101 4849//4240
f 2735//2912 4498//3707 1498//4557
f 1936//1294 3294//2347 4722//4452
f 3373//2702 3662//2018 4057//2485
f 2627//1805 2714//3452 1473//4678
f 2722//509 2724//1880 2725//507
f 3801//2820 4815//3228 3770//3843
f 3801//2820 3802//2819 4815//3228
f 3141//2209 2767//2211 2766//2773
f 1840//1208 1838//1207 2970//3231
f 1942//2461 1944//3125 527//4826
f 2540//2546 3513//2545 4125//4432
f 3188//4674 2312//1549 2313//1551
f 2951//2599 216//696 225//168
f 1545//4552 2477//3342 3765//4856
f 3022//3613 1166//771 3995//3614
f 4939//2254 3672//2708 1215//474
f 4468//4443 2861//4237 612//1188
f 188//132 3233//2295 186//130
f 1395//2953 4415//1214 1139//4905
f 2001//1326 675//4817 4001//3727
f 2029//869 3635//4099 3636//4013
f 2438//497 701//496 629//2298
f 389//291 3196//2269 3195//198
f 4564//4172 296//4171 2176//4617
f 3667//4979 3407//1854 1744//1537
f 527//4826 1944//3125 3814//2833
f 1978//1310 1979//1311 449//1271
f 4256//4890 3264//3301 3853//3040
f 3093//4357 4956//4652 1654//1081
f 2025//1345 3235//4008 555//1346
f 2720//987 2687//4022 1356//4608
f 3190//4252 101//3849 3788//2809
f 3333//3510 3010//4599 2490//2270
f 4338//1506 4192//3307 4337//1068
f 3895//1749 1686//1090 4521//1089
f 3256//4128 1486//1987 4975//4673
f 1165//770 1166//771 3022//3613
f 2034//2193 4240//4743 1387//4885
f 3356//3716 2041//3249 3343//3561
f 319//2388 1046//2389 1387//4885
f 529//3326 4874//2313 2773//4458
f 4102//3662 2863//1996 3100//3663
f 2512//4811 2238//1494 2239//1495
f 726//3378 3343//3561 2041//3249
f 3577//2615 3913//2614 3879//2618
f 3847//3658 2194//4768 4841//3794
f 1310//1086 1683//1085 1423//3447
f 201//146 2424//1650 2425//4957
f 1332//598 456//835 2279//3006
f 2971//4489 2970//3231 2972//3966
f 2277//1524 1863//4575 1864//4713
f 4497//4785 4215//3976 4496//4679
f 3384//3895 160//407 161//2466
f 101//3849 260//3436 1327//4024
f 2737//3564 2054//3823 83//109
f 1281//2665 2619//1799 3048//4867
f 4702//2748 3487//3973 2626//4848
f 3726//402 3432//3724 1505//975
f 4518//4698 1083//723 2688//4378
f 4518//4698 534//1715 1083//723
f 2146//4508 4587//4827 2385//4541
f 930//2774 1489//4836 3762//2775
f 3653//619 1913//4304 1914//1822
f 4982//4613 1468//4784 853//3817
f 4551//3910 2576//3909 382//4838
f 1650//4056 2244//4055 4904//4354
f 2152//2925 294//711 1073//710
f 2965//4546 4614//1946 2964//1903
f 829//676 4184//675 3414//4226
f 1943//1547 3343//3561 1466//1548
f 1885//1253 2891//2017 1359//773
f 3695//2719 14//3083 13//2717
f 2796//1918 4919//3246 3421//2454
f 1145//2754 639//4962 1402//1756
f 4857//2555 2853//2554 1565//4634
f 2732//3582 2658//1835 1339//4526
f 2732//3582 2659//1836 2658//1835
f 3057//740 1447//4629 3743//4788
f 1115//2230 1117//4148 2114//3422
f 1706//1755 931//614 1801//2821
f 2994//3708 2735//2912 2995//4596
f 1463//953 1462//952 1644//2568
f 3113//4692 677//3870 3112//2187
f 4327//3637 2173//3269 2172//1437
f 4328//3400 1336//4120 180//120
f 1670//3353 4939//2254 2051//3991
f 2478//3131 1490//4017 206//3130
f 81//2713 1550//3730 3719//3455
f 81//2713 1445//4518 1550//3730
f 1611//1050 4017//3028 4538//4978
f 1264//824 3255//3558 4441//4878
f 1529//3720 862//3714 4140//996
f 3328//3579 4798//4757 1968//3580
f 1036//4648 2183//4198 4835//3638
f 193//4667 1725//1129 2386//2789
f 1432//618 3239//1056 3916//616
f 543//401 1220//3554 3021//3420
f 1591//79 1425//2656 95//80
f 3469//680 4150//1943 1009//681
f 4498//3707 4907//5000 1099//4462
f 4498//3707 2994//3708 4907//5000
f 2824//757 1470//4103 569//755
f 4924//4998 4705//2515 3219//3906
f 2026//3458 4724//410 437//4460
f 817//1200 1834//1201 1631//1260
f 308//1731 2528//1730 856//579
f 1604//234 710//505 893//596
f 1859//2341 1213//1373 4581//1180
f 4049//4740 4000//4512 63//2397
f 4082//2491 3446//2633 4436//2494
f 2772//4916 4874//2313 3303//2312
f 2804//4517 2805//1973 1542//1975
f 1909//1275 449//1271 2010//1332
f 1977//3066 2420//966 2038//2874
f 1137//754 3920//2922 4566//3948
f 1834//1201 1895//1258 1631//1260
f 225//168 1057//694 698//4703
f 3268//4431 2539//2760 4837//2762
f 3519//1110 1700//3145 1697//1111
f 1942//2461 4666//2462 1944//3125
f 3993//4214 4373//4213 497//356
f 567//2750 4356//3445 737//3444
f 4445//3555 4449//4277 4447//3559
f 347//3069 344//3068 342//1921
f 3996//3213 3997//3214 1742//4688
f 4506//3958 4651//1296 1937//4311
f 3723//2747 4702//2748 2200//2745
f 1663//1342 786//576 3702//4728
f 4067//2154 3072//2156 3122//3248
f 2909//2031 164//108 163//107
f 4450//1829 3941//2945 4694//4219
f 912//609 1378//886 913//610
f 4783//4080 3707//2731 2614//1793
f 2265//4996 2646//4355 4668//190
f 2265//4996 4668//190 3209//1519
f 2119//1397 1449//1396 2388//4686
f 3417//3656 57//3523 4360//3313
f 1046//2389 3357//4883 1387//4885
f 1172//182 3028//955 580//958
f 2739//126 3547//125 713//3203
f 2647//3979 2130//3937 4729//3961
f 3214//4619 1230//4618 4060//3446
f 1171//180 1359//773 4134//4881
f 4924//4998 3219//3906 4382//3905
f 1099//4462 2994//3708 1169//4922
f 1099//4462 4907//5000 2994//3708
f 1022//682 1750//4735 1749//1290
f 2508//418 3938//2941 4326//416
f 4419//3931 2982//3235 2233//3234
f 4231//4542 4160//3172 4230//4389
f 633//3337 275//4869 958//1971
f 657//237 3209//1519 2263//597
f 3174//1545 529//3326 45//4118
f 2645//2146 1498//4557 4498//3707
f 87//1613 3449//3649 3349//2934
f 4117//4730 4452//1194 2416//1638
f 3685//1446 2184//1445 3034//2124
f 2110//2583 1350//229 1567//2234
f 458//834 149//4338 148//4339
f 2081//1392 4221//3265 2113//1390
f 3496//1528 2280//1530 18//2632
f 1611//1050 2097//1384 1609//1048
f 2835//716 63//2397 1442//717
f 3675//4964 4476//3810 4871//4999
f 388//4482 3195//198 2019//197
f 3412//296 2021//4666 539//393
f 4121//3463 100//1222 4369//71
f 4459//2528 3477//2881 3008//4260
f 2888//1784 4697//4122 1170//1787
f 355//1736 1085//4769 3778//3934
f 355//1736 3133//4230 1085//4769
f 928//4151 582//2700 2278//4749
f 2331//1088 4348//4920 4521//1089
f 3090//2824 3087//2978 4995//4909
f 3066//2150 56//3769 443//2148
f 2752//4706 1894//2631 2136//1411
f 992//16 750//516 751//3260
f 2509//4195 3912//11 4546//10
f 3300//1040 2358//2654 1425//2656
f 4948//4870 2539//2760 3720//4064
f 245//177 2418//1642 1645//1075
f 2326//4235 2935//4244 1434//921
f 2726//1572 2345//737 711//2544
f 761//3853 2213//85 111//87
f 3962//2981 4378//3896 3963//3897
f 4330//3399 4866//3591 1334//4278
f 2366//1033 748//1598 1109//1337
f 4324//4309 1263//825 3634//2671
f 3647//2356 3304//4104 972//3007
f 451//3622 874//188 3911//4945
f 686//486 3950//2963 1073//710
f 3121//2734 215//1393 1995//3706
f 4087//4997 2160//1423 1222//2122
f 3421//2454 4943//1911 3856//4995
f 4429//3670 4692//3669 3238//908
f 644//3728 2521//1498 460//3941
f 1991//4410 3853//3040 1992//1322
f 781//972 4196//29 3061//2841
f 3122//3248 1735//1513 4068//3247
f 295//4991 3182//3946 3964//3951
f 2297//1541 1216//803 3575//4246
f 746//4234 747//4233 2365//1599
f 273//207 2476//3847 446//310
f 2798//257 348//3067 347//3069
f 2798//257 347//3069 342//1921
f 2395//3306 4495//3625 98//2077
f 1170//1787 2870//500 3250//2304
f 3184//3160 1720//1926 4344//1928
f 161//2466 4484//2468 1148//1751
f 2561//4232 1777//4310 3151//3136
f 2164//3063 2134//2780 2162//3936
f 3330//827 932//829 4210//4602
f 1377//4002 1249//646 1248//4091
f 2480//926 3596//1702 3597//3094
f 3617//2180 1819//1190 615//2181
f 2811//1940 1223//815 3339//1937
f 68//2814 740//4137 542//399
f 736//1795 4022//3036 4817//158
f 3777//3995 1660//1651 1309//2334
f 3860//2205 3861//2877 4124//4333
f 1858//912 658//2172 4375//2339
f 1874//4249 2633//4250 2632//4295
f 3435//2481 3676//538 3675//4964
f 1198//3154 2648//3276 147//1142
f 1919//260 1495//971 2961//426
f 1730//1134 4847//3734 156//1244
f 2578//3801 2577//3800 1119//3623
f 396//1655 4163//3176 395//3175
f 3182//3946 295//4991 296//4171
f 4624//4405 3805//2825 3806//2930
f 1493//2001 594//436 1657//4697
f 969//2797 2844//1970 2845//1969
f 1146//2613 140//102 3776//101
f 1840//1208 2970//3231 123//1211
f 3694//4279 4325//4047 3693//3590
f 4823//4711 1581//1814 4891//345
f 3008//4260 3477//2881 3009//2970
f 408//2369 2463//1679 595//2420
f 491//3126 488//348 487//347
f 4060//3446 4879//4334 4359//4012
f 4978//223 315//222 1122//3221
f 3303//2312 2494//2311 2165//2355
f 485//2864 192//660 790//1942
f 2285//2939 4242//3288 2289//3290
f 683//482 255//2088 4870//483
f 2290//1442 1298//600 3208//4390
f 3728//4544 2290//1442 3208//4390
f 927//2608 2486//2521 393//910
f 927//2608 393//910 1214//2500
f 1534//230 1350//229 2110//2583
f 1346//4019 4331//3401 1347//2090
f 4505//1295 4438//2679 3639//2678
f 2780//2832 12//4394 2044//842
f 1583//3060 4806//2138 4219//2137
f 435//174 241//92 237//172
f 4572//4780 4493//1870 2705//3296
f 2261//1514 1490//4017 1294//1517
f 4170//2768 2040//2873 2039//4253
f 3615//1173 2502//2658 4796//4117
f 3671//3689 1556//4815 4583//4816
f 4845//762 3634//2671 2864//763
f 3741//4828 67//22 66//1587
f 3825//1510 4971//891 4601//4839
f 2108//2218 4767//4900 2833//4820
f 2108//2218 2109//2584 4767//4900
f 1066//873 4492//4457 836//4445
f 2266//1910 2117//3379 2268//3167
f 3936//1725 61//57 60//56
f 3918//2920 1175//778 1174//777
f 4081//3504 2002//2459 3424//2458
f 2517//1721 547//969 546//3616
f 3086//4612 4989//4980 3407//1854
f 424//3377 362//270 363//272
f 1442//717 63//2397 2204//1471
f 4147//3155 1138//752 3900//2915
f 4147//3155 4107//3667 1138//752
f 3628//2667 2427//4733 1537//451
f 3902//2114 1877//1818 1707//1121
f 2474//3964 1593//1301 826//1300
f 4977//3165 2190//3183 966//1974
f 4995//4909 3960//2977 3090//2824
f 689//3349 743//299 742//4071
f 3579//2136 2636//2619 4397//2134
f 2477//3342 1543//2782 3765//4856
f 930//2774 205//1595 929//1594
f 4708//1063 4073//3098 4658//1062
f 1175//778 4834//2035 2919//779
f 4794//282 3245//3517 2315//3516
f 4994//4486 1099//4462 1169//4922
f 480//1901 3365//673 3967//4084
f 3486//4543 830//991 3736//4157
f 2792//1916 341//1912 2791//1914
f 4012//4183 4013//4167 3351//4166
f 772//525 774//527 1349//3842
f 1905//1266 493//2387 3129//1767
f 1059//3839 4332//2109 4333//4755
f 986//4736 2768//3651 4283//3332
f 816//569 815//568 491//3126
f 3369//2629 4253//2110 4045//2112
f 2480//926 236//887 1776//1700
f 1780//134 3337//1247 1883//1249
f 2226//3781 4453//3206 372//2943
f 2226//3781 3281//2326 4453//3206
f 4742//2121 1221//396 1844//1223
f 55//3081 1544//3050 54//3049
f 2896//1317 4610//4442 2193//1850
f 2595//3233 2591//1780 4944//4289
f 2872//2003 3026//2456 725//3597
f 3697//703 3433//3722 1785//4665
f 78//2005 90//3981 2872//2003
f 3990//4792 1029//2267 3989//2266
f 833//874 713//3203 1589//1038
f 3870//3385 1196//4114 1197//4993
f 3870//3385 317//1858 1196//4114
f 1231//4162 1232//26 1617//1055
f 212//154 4154//3166 2057//1004
f 3242//4204 1743//2163 2107//4510
f 4050//3064 2164//3063 4865//1403
f 413//3607 4265//3608 1888//4505
f 3011//4622 1986//1589 3490//4948
f 753//517 3906//789 754//1229
f 3231//7 2381//1611 4793//8
f 4765//4501 1040//2792 3646//3366
f 2722//509 2421//508 3495//4989
f 1133//3917 122//3916 1569//1019
f 4933//2317 4393//1798 4750//2323
f 568//415 141//2049 4356//3445
f 3455//4497 4940//4919 2946//1364
f 1739//514 877//906 749//515
f 1739//514 1740//1544 877//906
f 364//2032 2914//3694 4165//4141
f 1060//4786 682//478 212//154
f 1060//4786 1059//3839 682//478
f 2194//4768 1233//3750 4841//3794
f 1570//1053 2741//1884 4872//1020
f 4115//4362 4560//4359 4824//1552
f 4225//2694 4877//3690 2902//2025
f 223//1740 2537//3537 2536//1694
f 1133//3917 2008//788 2940//2418
f 438//4163 2679//3457 3855//3459
f 3101//1828 3976//4725 3617//2180
f 3609//2648 1553//4607 3470//2623
f 550//114 4030//3046 157//4317
f 419//2730 465//889 1141//1955
f 419//2730 236//887 465//889
f 3204//721 1083//723 843//280
f 2794//4532 4919//3246 4988//2736
f 4547//4239 4483//3731 4849//4240
f 4295//4525 4661//3879 3621//3473
f 2814//653 4185//3512 3129//1767
f 2931//129 185//128 4133//3140
f 3107//2635 1701//249 1619//2636
f 3376//2498 4596//2497 3476//2527
f 934//1318 2896//1317 1988//3317
f 1772//1157 1771//1156 1415//4370
f 876//3774 2552//4763 2551//3241
f 3848//2812 4649//4994 3312//2361
f 1654//1081 4305//3360 3499//1082
f 1654//1081 4956//4652 4305//3360
f 1788//4164 2897//118 2898//4119
f 6//775 7//3636 1494//970
f 4302//1985 1457//2299 3239//1056
f 2527//4388 1751//2007 1024//1720
f 1961//3437 4623//3799 3429//4407
f 2282//2129 3190//4252 3191//3644
f 1417//4640 4543//3945 724//3947
f 3726//402 3433//3722 3432//3724
f 2293//1536 1213//1373 171//2340
f 2363//1597 1243//2433 2389//1573
f 1419//4386 1643//4385 2339//4894
f 4142//4814 4840//4793 4213//2791
f 1142//4528 52//1183 2905//1182
f 3008//4260 4950//4569 4585//4983
f 1804//4529 4285//3336 1126//4530
f 388//4482 787//4343 389//291
f 3373//2702 1414//3391 2830//1954
f 796//750 1131//749 4062//3092
f 1865//2788 1231//4162 3768//3272
f 4058//3085 4896//4144 2538//1864
f 2474//3964 826//1300 1912//914
f 2604//4670 3700//2726 2048//1360
f 3944//2949 3472//3351 3949//2964
f 1617//1055 397//25 3916//616
f 483//341 482//340 1584//3035
f 1617//1055 1232//26 397//25
f 923//3019 123//1211 4122//1191
f 4191//1070 1630//1066 3325//1507
f 892//2332 3594//4455 222//1450
f 4743//4818 675//4817 2001//1326
f 542//399 3794//2813 68//2814
f 4931//4463 1054//4584 4466//3476
f 3911//4945 2302//3027 670//3181
f 1326//1118 1667//1415 4093//3602
f 4747//68 2541//1745 2253//69
f 2530//1733 2475//2222 2988//1734
f 2385//4541 106//1365 799//1329
f 2272//4563 4330//3399 1334//4278
f 2272//4563 1336//4120 4330//3399
f 3465//2517 1762//1152 4705//2515
f 889//4479 716//1044 1416//1043
f 3135//3410 2179//936 3134//3965
f 2620//1800 2621//1802 4141//3144
f 358//261 114//2572 3398//4464
f 2834//4150 1352//4285 1522//4050
f 732//3574 1419//4386 2339//4894
f 1969//812 1970//3978 2581//811
f 2142//2228 2151//4760 730//2600
f 4759//4594 4911//2057 4758//2060
f 3336//4737 493//2387 354//258
f 4984//3592 1211//993 1527//992
f 2856//1990 2089//1989 4771//3411
f 460//3941 4701//3146 3810//4972
f 4245//3291 4242//3288 2706//1531
f 3359//4847 4739//4853 234//4664
f 1884//1252 1414//3391 4057//2485
f 884//4269 4124//4333 1229//3630
f 3575//4246 1216//803 4028//2616
f 4902//4966 2318//893 1386//895
f 2003//3285 4928//2460 3366//4923
f 4016//2958 3947//2957 3834//2960
f 600//438 1540//1408 1539//1003
f 1657//4697 1491//4470 1492//4857
f 2060//2449 491//3126 3020//2426
f 3835//2937 3186//3761 3187//2938
f 1817//1186 4846//3578 2451//3039
f 3900//2915 3980//2910 1655//3780
f 4517//3334 4906//4363 1161//3798
f 233//664 4726//4274 3408//2431
f 4711//4874 4191//1070 519//4981
