# Blender 4.0.2
# www.blender.org
mtllib dragon.mtl
o dragon
v 0.082422 0.387555 -0.386072
v 0.257456 0.255941 -0.316279
v 0.028413 0.339806 -0.143319
v -0.109995 0.486286 -0.204747
v -0.328845 0.518421 0.102704
v -0.191388 0.862710 0.144900
v -0.142541 0.480935 0.141174
v -0.112710 0.645666 0.044658
v -0.218403 0.743296 0.205744
v -0.132715 0.720209 0.175297
v 0.124136 0.189136 -0.109576
v 0.055279 0.325413 -0.022020
v -0.452150 0.217008 0.166837
v 0.075633 0.498746 -0.328476
v 0.116684 0.466407 -0.267594
v 0.324110 0.115907 -0.340361
v -0.198842 0.379453 0.141294
v -0.407460 0.615462 0.292875
v 0.377843 0.052169 -0.140032
v -0.305759 0.881132 0.187676
v -0.277705 0.193767 0.414917
v -0.168829 0.774189 0.005957
v -0.419923 0.272179 0.126962
v 0.131091 0.721135 -0.274151
v 0.120951 -0.003905 -0.282627
v -0.371483 0.673678 0.167339
v 0.141155 0.646751 -0.407869
v 0.253942 0.651705 -0.299526
v -0.082476 0.165746 0.363081
v -0.081526 0.091521 0.467030
v -0.183589 0.635655 0.307125
v -0.366127 0.683022 0.406134
v -0.212451 0.741959 0.232973
v 0.350346 0.290019 -0.085768
v 0.324995 0.375708 -0.126381
v -0.148121 0.008053 0.352484
v 0.069527 0.519020 -0.054206
v 0.342464 0.138292 -0.390264
v 0.045359 0.008537 0.210773
v -0.001335 0.076470 0.339860
v 0.293459 0.070661 -0.054830
v -0.210729 0.779523 0.366069
v -0.228660 0.860480 0.249866
v -0.013996 0.108659 -0.347986
v 0.326157 0.367460 -0.366506
v 0.363745 0.505173 -0.432665
v 0.042872 0.163586 -0.346754
v -0.307563 0.682599 0.368922
v -0.204285 0.712588 0.258316
v -0.437858 0.594911 0.390371
v -0.325340 0.019018 -0.058527
v 0.092354 0.183356 -0.404272
v 0.505444 0.065837 -0.258433
v -0.511260 0.045465 0.220014
v 0.327226 0.610769 -0.448909
v 0.308684 0.477283 -0.406080
v -0.405122 0.742134 0.321243
v -0.195161 0.301598 0.146237
v 0.270571 0.020418 -0.038166
v -0.192865 0.856586 0.070877
v -0.275445 0.876652 0.095966
v -0.243514 0.895819 0.029200
v 0.086028 0.008798 0.192122
v 0.477886 0.187011 -0.395714
v -0.381438 0.802433 0.157204
v 0.042188 0.580731 -0.350023
v 0.060062 0.536793 -0.336874
v -0.442109 0.097309 0.125952
v -0.519521 0.047537 0.150573
v -0.385513 0.046025 0.241174
v 0.237997 0.031686 -0.122549
v -0.093865 0.630646 -0.069683
v -0.246626 0.850666 0.034597
v -0.330647 0.850807 0.094457
v 0.280958 0.173943 -0.286162
v -0.147760 0.822408 0.061283
v 0.357519 0.496994 -0.482734
v -0.195934 0.738528 -0.031693
v -0.318398 0.617299 0.020981
v 0.125695 -0.001992 -0.182263
v -0.244816 0.135581 -0.083029
v 0.081472 0.426717 -0.328899
v -0.019638 0.000665 0.154033
v -0.029076 0.032607 0.111738
v 0.006442 0.037240 0.095874
v 0.000652 0.028070 0.104242
v 0.012735 0.022235 0.099734
v 0.012198 0.029766 0.093880
v 0.012903 0.173289 -0.059711
v -0.056118 0.665042 -0.021646
v -0.042531 0.753256 -0.044914
v 0.192367 0.694695 -0.324665
v 0.001464 0.145429 -0.299502
v 0.259541 0.181143 -0.213584
v 0.239058 0.266541 -0.298541
v -0.168929 0.506022 0.220566
v -0.082163 0.787911 0.052419
v -0.130051 0.937598 -0.078858
v -0.151370 0.887307 -0.055017
v -0.238260 0.245831 -0.095302
v -0.179776 0.180482 -0.103006
v -0.078200 0.093288 0.257075
v -0.024581 0.096678 0.316523
v -0.131422 0.479463 -0.041066
v -0.270082 0.613584 0.514652
v -0.070933 0.240177 -0.155187
v -0.153101 0.574273 -0.042305
v -0.006622 0.683320 -0.138506
v 0.195922 0.081658 -0.077886
v 0.151322 0.094267 -0.083486
v 0.026165 0.127228 0.155684
v -0.428711 0.070935 0.129187
v -0.371274 0.304855 0.164584
v -0.252008 0.774376 -0.133237
v -0.271291 0.764552 -0.141227
v -0.192062 0.390477 0.074717
v 0.259925 0.092258 -0.408796
v 0.242069 0.017005 -0.340660
v 0.394820 0.217882 -0.335329
v 0.195355 0.136267 -0.065824
v -0.041549 0.014391 -0.413121
v 0.269261 0.070662 -0.042517
v 0.273567 0.099710 -0.068392
v -0.206294 0.735982 0.310394
v -0.342216 0.823395 0.457669
v -0.109371 0.919858 0.082192
v -0.127877 0.828633 0.138696
v -0.160928 0.846186 0.105486
v -0.182260 0.049246 0.344428
v -0.155355 0.039279 0.310769
v 0.263518 0.035629 -0.109897
v -0.008992 0.139672 0.126204
v -0.348609 0.657451 0.277318
v -0.322561 0.674258 -0.010813
v -0.265115 0.663871 -0.126863
v 0.370188 0.029001 -0.431761
v -0.465342 0.625272 0.482632
v -0.048964 0.034371 0.430367
v -0.039770 0.008594 0.357061
v 0.278248 0.256872 -0.099319
v 0.504986 0.224509 -0.252572
v -0.331498 0.540277 0.150066
v -0.127699 0.018965 0.141678
v -0.375246 0.835520 0.175743
v 0.506451 0.084838 -0.314750
v -0.095119 0.649039 0.032372
v -0.153113 0.306625 0.294426
v 0.018399 0.304665 0.048721
v -0.315592 0.839628 -0.002158
v -0.133875 0.184507 0.345745
v 0.334362 0.187428 -0.287650
v -0.312030 0.793254 0.395091
v 0.317258 0.018526 -0.061080
v 0.102057 0.082199 -0.350618
v -0.261301 -0.001331 -0.073688
v 0.350875 0.221016 -0.150153
v 0.065824 0.301496 -0.192437
v -0.416734 0.644370 0.497909
v 0.406113 0.305238 -0.072384
v -0.265610 0.820295 0.002274
v -0.262314 0.837999 -0.117466
v 0.218032 0.475535 -0.452016
v -0.259485 0.659826 0.390756
v -0.231214 0.691188 0.265540
v -0.285315 0.700166 0.411139
v 0.472517 0.530931 -0.529521
v -0.347539 0.676598 0.323442
v -0.388010 0.667604 0.400412
v -0.414637 0.087524 0.267364
v 0.198123 0.037581 -0.000572
v -0.185571 0.309783 0.096679
v 0.424631 0.003566 -0.226115
v -0.145366 0.890533 0.099666
v -0.214093 0.938011 0.056148
v 0.190838 0.000701 -0.315648
v -0.287793 0.320074 0.126361
v -0.201512 0.269083 -0.089804
v -0.279923 0.589817 0.009603
v -0.101310 0.074643 0.277481
v -0.396300 0.735186 0.539756
v -0.402096 0.720294 0.478757
v -0.407512 0.594132 0.333074
v -0.186669 0.775672 0.295785
v -0.210254 0.815466 0.265343
v -0.180467 0.096480 0.398436
v 0.184517 -0.000823 -0.150955
v -0.458661 0.769764 0.382873
v -0.444351 0.750234 0.289582
v 0.308163 0.178692 -0.169482
v 0.230844 0.201142 -0.266265
v -0.129635 0.521403 -0.018536
v -0.171887 0.842682 0.201630
v -0.002054 0.068919 -0.457399
v 0.394443 0.608542 -0.428510
v 0.492393 0.663027 -0.513992
v 0.052188 0.087601 0.160026
v 0.089316 0.496219 -0.087607
v -0.240690 0.247313 0.029193
v -0.284887 0.842624 -0.121368
v -0.263846 0.761471 0.407163
v -0.103572 0.397019 -0.203088
v -0.437378 0.215420 0.272880
v -0.400640 0.743445 0.205135
v -0.032039 0.757619 -0.023717
v -0.084933 0.722235 0.011063
v -0.037707 0.281897 0.105534
v -0.260293 0.660160 -0.032751
v -0.240052 0.975142 0.067035
v -0.189560 0.900882 0.048651
v -0.113629 0.880003 0.154039
v -0.329763 0.708895 -0.014329
v -0.298949 0.700439 -0.057639
v 0.056832 0.689071 -0.335799
v 0.401632 0.328015 -0.132625
v -0.406465 0.385462 0.238944
v -0.539055 0.092908 0.183840
v -0.513369 0.089402 0.210056
v -0.282070 0.658857 -0.041984
v -0.329585 0.669815 0.055523
v -0.417875 0.131220 0.136807
v -0.220649 0.086663 -0.104502
v -0.429233 0.120739 0.166733
v 0.326655 0.089248 -0.406797
v 0.307040 0.504309 -0.479997
v -0.259171 0.663940 -0.068703
v -0.234300 0.703728 -0.039903
v 0.226133 0.352367 -0.218610
v 0.130869 0.438678 -0.249747
v 0.052983 0.718293 -0.202462
v -0.096849 0.784380 0.003741
v 0.541234 0.187453 -0.292690
v -0.156476 0.905136 -0.108796
v 0.087303 0.100773 0.124646
v 0.092028 0.067646 0.172184
v 0.482239 0.658109 -0.489092
v 0.225082 0.079355 0.050402
v -0.300053 0.803315 -0.067758
v -0.266989 0.802665 -0.079418
v -0.294197 0.528800 0.238218
v -0.253571 0.561395 0.218550
v -0.432817 0.766878 0.371792
v 0.140370 0.247056 -0.380378
v 0.301182 0.410418 -0.370588
v -0.414812 0.291152 0.213226
v -0.039430 0.156998 0.395280
v -0.030061 0.123504 -0.405733
v -0.010432 0.172197 -0.364356
v -0.304617 0.610079 0.057953
v -0.272739 0.708625 0.219414
v -0.304027 0.834549 0.304466
v -0.158367 0.546613 0.010637
v -0.083648 0.526175 -0.025818
v -0.056068 0.628478 -0.088801
v -0.132407 0.279639 0.220895
v -0.367075 0.896095 0.374400
v 0.161886 0.092901 -0.001533
v -0.175288 0.234578 0.361579
v -0.419145 0.724688 0.559034
v -0.329361 0.913386 -0.018933
v 0.374295 0.000449 -0.177822
v -0.008380 0.060683 -0.395923
v -0.180274 0.704069 0.247958
v -0.553225 0.035361 0.218913
v -0.181834 0.161798 0.396849
v 0.360107 0.167270 -0.304988
v -0.082965 0.835366 0.039799
v -0.080088 0.848101 0.056250
v -0.332816 0.754432 -0.003740
v -0.025044 0.109473 0.300897
v -0.348080 0.714692 0.090456
v 0.373829 0.491979 -0.457580
v 0.367158 0.424726 -0.464216
v -0.232587 0.224421 -0.045128
v -0.003276 0.127822 -0.377306
v -0.114443 0.626586 0.068109
v 0.360700 0.583732 -0.422527
v 0.328833 0.527792 -0.412819
v 0.296447 0.302253 -0.140815
v 0.276986 0.372511 -0.397419
v 0.309614 0.535124 -0.425349
v 0.297737 0.568031 -0.425689
v -0.218621 0.421873 0.318867
v 0.001421 0.733947 -0.174806
v -0.039464 0.680405 -0.161269
v -0.154903 0.702777 -0.010623
v -0.226769 0.023134 0.154521
v 0.002820 0.457291 -0.235080
v 0.047388 0.462032 -0.217476
v 0.059676 0.641011 -0.090155
v 0.039200 0.051650 -0.276233
v 0.380362 0.288244 -0.371548
v 0.238270 0.615313 -0.231929
v -0.159474 0.619310 0.164711
v 0.443497 0.556589 -0.525744
v -0.290078 0.744529 -0.069933
v 0.283587 0.482537 -0.171108
v 0.161391 0.053197 -0.087395
v -0.122021 0.656291 0.025192
v -0.047475 0.673992 -0.000986
v -0.246691 0.536770 -0.002203
v -0.123814 0.887649 0.075463
v 0.362018 0.643735 -0.460878
v -0.210092 0.265198 0.090798
v -0.336676 0.785052 0.010451
v -0.301037 0.783638 -0.082479
v -0.011548 0.216550 0.118627
v -0.192830 0.646722 0.228644
v -0.362958 0.618766 0.259325
v -0.342589 0.635257 0.195125
v -0.292598 0.629917 0.241048
v -0.429773 0.725943 0.531025
v -0.384875 0.684049 0.500163
v 0.102442 0.029828 -0.065018
v 0.122310 0.046052 -0.072727
v 0.150663 0.079514 -0.090359
v -0.196864 0.722146 0.206326
v 0.408758 0.000582 -0.296314
v -0.085952 0.000969 0.165149
v -0.119452 0.023237 0.248866
v -0.381920 0.764390 0.341468
v -0.332975 0.633286 0.161919
v 0.346911 0.138942 -0.124772
v -0.487767 0.051694 0.258491
v -0.045125 0.041615 0.323369
v -0.086939 0.011410 0.319380
v -0.316774 0.629549 0.538122
v 0.290500 0.257810 -0.140217
v 0.059050 0.025584 -0.218163
v -0.038846 0.087533 -0.348606
v -0.412790 0.687122 0.469341
v 0.124902 0.516907 -0.191529
v -0.017441 0.139762 -0.293663
v -0.396799 0.805182 0.423330
v -0.429392 0.812656 0.418912
v -0.440364 0.041481 0.268239
v -0.009328 0.067832 0.313452
v 0.361490 0.358984 -0.096765
v -0.234219 0.807029 0.341444
v -0.262673 0.080949 -0.111777
v 0.027555 0.210315 0.058218
v 0.024167 0.141292 0.048617
v 0.179055 0.021744 0.080935
v -0.229982 0.882127 0.125062
v 0.119599 0.435582 -0.421812
v 0.152936 0.039983 -0.018212
v -0.152341 0.418943 0.028197
v -0.253532 0.754354 -0.137946
v -0.263972 0.322814 0.390488
v 0.321990 0.199878 -0.162231
v -0.294461 0.143109 0.411213
v -0.199733 0.323145 0.115145
v 0.359944 0.312048 -0.174509
v -0.431874 0.215502 0.231112
v -0.368516 0.395603 0.170375
v -0.273966 0.628131 -0.008990
v -0.397271 0.643717 0.320391
v -0.264052 0.819845 0.432689
v -0.189636 0.531174 -0.007766
v -0.235905 0.147753 -0.041947
v -0.311878 0.836975 0.415450
v 0.421526 0.608459 -0.520283
v -0.239977 0.925957 0.044939
v 0.037144 0.124901 -0.382696
v 0.094813 0.132394 -0.426637
v 0.110789 0.143331 -0.395695
v 0.014215 0.259253 -0.320539
v 0.480731 0.361766 -0.385511
v -0.202222 0.182367 0.378319
v -0.323695 0.675311 0.213010
v -0.358834 0.794073 0.272421
v -0.385333 0.815041 0.235933
v -0.202839 0.834839 0.022774
v -0.062201 0.002901 0.095632
v 0.264534 0.406170 -0.177317
v -0.262233 0.776002 0.428798
v 0.371071 0.350572 -0.356611
v 0.342824 0.335535 -0.359632
v -0.035038 0.125944 0.374070
v 0.297439 0.295269 -0.127009
v -0.343034 0.852837 0.280687
v -0.359033 0.042243 0.318580
v 0.347462 0.553297 -0.506685
v -0.203231 0.915725 0.034340
v 0.000729 0.081431 -0.415712
v 0.146634 0.070235 0.015894
v -0.069135 0.722034 0.062051
v -0.106004 0.799670 0.113895
v -0.339584 0.624091 0.079080
v -0.306214 0.616666 0.110698
v -0.369594 0.858094 0.029282
v -0.147824 0.144102 0.384132
v -0.429027 0.617144 0.422514
v -0.461791 0.834737 0.438389
v 0.405821 0.202760 -0.100958
v -0.129043 0.297389 0.084615
v -0.153725 0.291545 0.082414
v 0.369766 0.016013 -0.063466
v -0.441964 0.663453 0.448243
v 0.293095 0.106017 -0.349151
v -0.383043 0.253209 0.383914
v 0.273407 0.007204 -0.439834
v -0.310692 0.637529 0.131970
v -0.091682 0.646471 0.084861
v -0.337866 0.875922 0.467648
v -0.270014 0.126931 0.006919
v -0.087973 0.634469 -0.087838
v -0.106852 0.590835 -0.059909
v -0.263317 0.499046 0.286567
v -0.246628 0.018359 0.330505
v 0.415984 0.489084 -0.492328
v -0.389493 0.122884 0.177270
v -0.145288 0.095940 0.437378
v 0.169649 0.611597 -0.427195
v -0.459699 0.582640 0.402424
v 0.380925 0.004980 -0.390159
v 0.380302 0.013747 -0.342313
v 0.423037 0.517433 -0.498428
v 0.063886 0.159624 0.111875
v 0.303279 0.226163 -0.075986
v 0.314076 0.210676 -0.081130
v -0.372132 0.070597 0.158931
v 0.307962 0.425993 -0.179035
v -0.099034 0.132302 0.434344
v 0.447598 0.557037 -0.498895
v 0.372173 0.200114 -0.052384
v -0.125881 0.621096 0.144255
v -0.120212 0.844547 0.102387
v 0.299522 0.071208 -0.102152
v 0.360062 0.159916 -0.130376
v 0.366835 0.185298 -0.139233
v 0.301346 0.091140 -0.122025
v -0.046023 0.116009 0.440834
v 0.182898 0.068119 0.020196
v -0.377482 0.772200 0.224960
v -0.319226 0.832537 -0.030322
v 0.190399 0.189450 -0.334322
v -0.029302 0.703565 -0.149338
v -0.107181 0.787052 0.096296
v -0.149789 0.614461 -0.014952
v -0.227941 0.616589 0.369952
v -0.086343 0.616221 -0.120142
v -0.113814 0.570288 -0.163436
v -0.351422 0.866752 0.418019
v 0.041613 0.245858 -0.177027
v -0.369384 0.851425 0.150794
v -0.143196 0.468105 0.009174
v -0.116998 0.390648 0.027670
v 0.048196 0.047458 -0.416743
v 0.305057 0.256835 -0.151863
v 0.458700 0.601342 -0.495148
v -0.116724 0.975689 -0.173519
v -0.387899 0.783232 0.251485
v -0.300637 0.744011 0.192272
v -0.413699 0.872081 0.439740
v -0.373759 0.593684 0.205775
v -0.212128 0.993942 0.015014
v 0.233823 0.036117 0.050674
v 0.043098 0.005299 0.088769
v -0.058657 0.687558 -0.121028
v -0.169564 0.803790 0.221838
v 0.018174 0.035980 0.346518
v 0.063084 0.721475 -0.269966
v 0.113168 0.745067 -0.285990
v -0.058728 0.566101 -0.259832
v -0.416836 0.661730 0.377978
v -0.425373 0.676435 0.401437
v 0.299561 0.578340 -0.435723
v -0.086557 0.704903 0.091573
v -0.076011 0.668720 0.043948
v -0.179305 0.314318 0.033493
v -0.415458 0.822739 0.367811
v -0.244351 0.278052 0.124728
v 0.071285 0.118080 0.158068
v -0.045359 0.035489 0.179062
v 0.136057 0.055132 -0.093947
v -0.229161 0.697198 0.239945
v -0.283149 0.707236 0.204197
v -0.170740 0.882642 -0.054434
v 0.028821 0.582653 -0.041547
v 0.060930 0.111595 0.064857
v 0.315199 0.286235 -0.156744
v -0.285323 0.814844 0.353217
v -0.101595 0.565402 -0.203217
v -0.337145 0.734921 0.073113
v 0.111384 0.053091 0.115788
v -0.266859 0.002817 0.026316
v -0.384540 0.433728 0.257424
v -0.296095 0.631112 -0.044326
v 0.291287 0.431283 -0.418293
v -0.338603 0.772175 0.316433
v 0.082972 0.236207 -0.395300
v -0.447218 0.099191 0.274359
v -0.468074 0.092196 0.251903
v -0.173533 0.468111 0.070519
v 0.254724 0.490550 -0.167448
v -0.127450 0.274353 0.332878
v -0.398462 0.795318 0.319687
v 0.253617 0.211640 -0.292009
v -0.156273 0.752310 0.204686
v 0.308728 0.437517 -0.321679
v -0.164720 0.496376 -0.005532
v -0.334138 0.103234 0.001599
v 0.341089 0.328628 -0.176898
v -0.337769 0.000981 -0.012961
v -0.285972 0.083741 0.394701
v -0.373879 0.105361 0.369956
v -0.101578 0.971242 -0.173387
v 0.114884 0.077595 -0.045485
v 0.217205 0.197922 -0.169624
v 0.156688 0.083777 -0.433707
v -0.189814 0.859792 0.000287
v 0.187564 0.730407 -0.348560
v 0.245183 0.675363 -0.395176
v 0.217833 0.693622 -0.377289
v -0.384240 0.600228 0.282032
v -0.181242 0.641899 0.198928
v -0.143003 0.615430 0.170839
v 0.215882 0.714348 -0.376885
v -0.368447 0.810639 0.111588
v -0.347246 0.814344 0.059392
v -0.153789 0.636646 0.245252
v 0.068809 0.753034 -0.249983
v -0.236324 0.800675 0.312754
v -0.137710 0.495643 -0.005614
v 0.030243 0.422236 -0.193842
v 0.101696 0.760054 -0.280562
v 0.466524 0.359763 -0.424308
v -0.287249 0.856766 0.296363
v -0.329734 0.512426 0.221843
v -0.216547 0.845521 0.295995
v -0.237104 0.828531 0.297338
v -0.023291 0.174126 0.338690
v 0.271449 0.166086 -0.160147
v 0.308578 0.148834 -0.148622
v 0.311000 0.160157 -0.143304
v 0.107898 0.382558 -0.228443
v 0.308707 0.151912 -0.137314
v 0.309027 0.148302 -0.133462
v 0.307622 0.146641 -0.129414
v 0.330172 0.151806 -0.142147
v 0.332558 0.162641 -0.153745
v -0.257090 0.602562 0.453348
v 0.271342 0.363594 -0.149687
v -0.022140 0.530001 -0.278516
v 0.152163 0.744105 -0.321619
v -0.170060 0.459707 0.032346
v 0.151848 0.070493 -0.120829
v -0.202034 0.347282 0.108357
v 0.159149 0.498709 -0.230313
v -0.301694 0.678406 0.454332
v -0.198897 -0.000445 0.017810
v -0.350978 0.603506 0.158280
v 0.431107 0.637745 -0.464637
v -0.309067 0.771724 0.323472
v 0.074439 0.095649 -0.433212
v -0.054634 0.217664 0.188627
v -0.082817 0.276686 0.140295
v -0.133763 0.742074 0.147810
v 0.299273 0.323744 -0.149626
v 0.314554 0.449032 -0.395297
v 0.338310 0.393478 -0.378054
v -0.197128 0.612924 -0.033251
v -0.286060 0.417557 0.351575
v -0.040182 0.840513 -0.037247
v 0.343858 0.212578 -0.158278
v 0.346400 0.178358 -0.138001
v -0.365249 0.707601 0.201085
v 0.204940 0.087382 0.041263
v 0.003829 0.099084 0.000714
v 0.291880 0.323488 -0.365906
v 0.233234 0.296569 -0.353468
v -0.071459 0.729664 -0.014359
v -0.300464 0.834511 0.019505
v -0.278581 0.204758 0.028193
v -0.420632 0.772131 0.410822
v 0.372205 0.145002 -0.159650
v 0.016890 0.021967 -0.439902
v -0.233040 0.020199 0.007886
v 0.258650 0.637216 -0.378057
v 0.282581 0.608724 -0.420643
v -0.284014 0.135742 -0.068199
v -0.207762 0.298236 -0.036444
v -0.263018 0.827954 -0.129886
v -0.217165 0.848964 0.017155
v -0.367224 0.814310 0.436161
v -0.010147 0.029064 0.316210
v -0.063269 0.636652 -0.233184
v -0.179556 0.434356 0.044646
v 0.090959 0.359839 -0.220145
v -0.213353 0.698416 0.269507
v -0.228284 0.694080 0.286415
v 0.105166 0.489364 -0.238997
v -0.314190 0.695266 0.232286
v -0.183355 0.019464 0.068983
v 0.490811 0.575973 -0.543248
v -0.277856 0.810962 0.296371
v -0.394811 0.676021 0.344960
v -0.353276 0.366682 0.366686
v 0.037866 0.743295 -0.221348
v -0.173197 0.783907 -0.033550
v -0.176557 0.469822 0.018339
v -0.409171 0.751732 0.369076
v -0.297568 0.760767 0.286699
v -0.422564 0.234493 0.338085
v 0.403079 0.128231 -0.379332
v -0.111331 0.628084 0.131491
v -0.450880 0.620221 0.411023
v -0.270857 0.870881 0.248639
v -0.345579 0.830179 0.311706
v -0.317003 0.786381 0.450194
v -0.300568 0.766081 0.419758
v -0.335623 0.806213 0.450870
v -0.297360 0.673432 0.401747
v -0.328646 0.774611 0.340536
v 0.014958 0.275840 -0.125421
v -0.007654 0.220006 -0.114758
v 0.221459 0.212958 -0.216004
v -0.318671 0.234635 0.416241
v -0.505616 0.111165 0.245082
v 0.113756 0.178344 -0.135533
v -0.418023 0.755813 0.390793
v -0.041209 0.717226 -0.137012
v -0.157961 0.643083 -0.048841
v 0.142101 0.089028 -0.035862
v -0.172738 0.332940 0.071614
v -0.367858 0.150721 0.388744
v -0.197930 0.373368 0.095928
v 0.320525 0.323963 -0.175237
v 0.317020 0.341498 -0.177986
v -0.341352 0.062897 -0.024315
v -0.160378 0.688222 -0.057117
v -0.155124 0.432934 -0.143651
v -0.015093 0.017476 -0.421980
v -0.263797 0.704522 0.243734
v 0.003807 0.711208 -0.208412
v -0.136000 0.689013 0.164981
v -0.056614 0.178709 0.286764
v -0.029644 0.201027 0.255669
v -0.341934 0.695113 0.167639
v 0.302582 0.284418 -0.129773
v 0.518376 0.250068 -0.382675
v 0.359639 0.663140 -0.416013
v -0.469239 0.116098 0.209497
v -0.300664 0.665877 0.384399
v 0.146798 0.691450 -0.184446
v -0.253677 0.669176 -0.052834
v -0.109494 0.089595 -0.075804
v 0.354502 0.257531 -0.156717
v -0.313152 0.870152 0.289330
v 0.131304 0.017718 -0.004483
v 0.068750 0.139889 -0.141493
v 0.134525 0.713571 -0.335701
v 0.324017 0.276003 -0.155011
v -0.416992 0.105612 0.253400
v -0.302968 0.089043 -0.042490
v -0.014229 0.060676 0.365581
v 0.264874 0.642507 -0.412006
v -0.347334 0.606593 0.131440
v 0.296464 0.270882 -0.148765
v 0.390406 0.532653 -0.505224
v 0.168983 0.172080 -0.404415
v -0.354950 0.767491 0.080195
v -0.402027 0.797268 0.401211
v -0.186157 0.739539 0.211457
v 0.251347 0.090977 -0.095564
v 0.003980 0.081043 0.069655
v 0.071136 0.243453 -0.373479
v 0.292911 0.343722 -0.129938
v 0.012168 0.029048 0.093000
v 0.017857 0.041024 0.089064
v -0.339316 0.461887 0.295598
v -0.144403 0.628100 0.197500
v 0.178741 0.017033 0.066611
v 0.344424 0.236459 -0.150968
v 0.330816 0.204965 -0.151437
v 0.308537 0.179541 -0.148873
v -0.247114 0.711269 0.221108
v -0.148477 0.403760 -0.004918
v -0.063631 0.148140 0.469653
v 0.381021 0.267256 -0.322050
v 0.282645 0.385145 -0.278301
v -0.312814 0.635696 0.182490
v 0.133746 0.048114 0.004497
v 0.121179 0.028137 0.016624
v -0.299851 0.682009 0.436616
v -0.060826 0.049506 -0.023261
v 0.304244 0.236949 -0.150413
v -0.205283 0.864793 0.221277
v 0.251596 0.252086 -0.326583
v 0.032157 0.751174 -0.203307
v -0.077975 0.743439 0.044837
v 0.267083 0.247909 -0.139784
v -0.182695 0.636481 0.231196
v 0.310972 0.373248 -0.376657
v 0.337296 0.180934 -0.154833
v -0.254956 0.717308 0.198243
v 0.276075 0.291792 -0.343538
v 0.359754 0.231978 -0.063116
v -0.418224 0.302642 0.328469
v -0.012132 0.619629 -0.066496
v 0.233685 0.262400 -0.250928
v -0.469483 0.833151 0.404605
v -0.275273 0.010443 0.218767
v -0.182624 0.002809 0.261380
v -0.286267 0.691968 0.293499
v 0.326800 0.203970 -0.165768
v 0.214430 0.073593 -0.108455
v -0.399401 0.724658 0.353545
v -0.393797 0.196190 0.376259
v 0.414823 0.239156 -0.404703
v -0.308609 0.667027 0.413295
v -0.387146 0.674481 0.356433
v -0.341221 0.864452 0.246396
v -0.338696 0.358091 0.139705
v -0.367509 0.753232 0.085851
v -0.409471 0.691411 0.358101
v 0.292027 0.348893 -0.163267
v -0.115731 0.314629 -0.179497
v -0.316068 0.633196 0.166903
v 0.331047 0.305348 -0.158064
v 0.406715 0.340142 -0.325871
v -0.162820 0.734384 -0.052817
v -0.138998 0.782481 0.194398
v -0.374467 0.651842 0.368128
v -0.388350 0.666673 0.372540
v 0.128673 0.078016 -0.086030
v -0.323673 0.872480 0.406380
v -0.040630 0.023148 0.037178
v -0.372835 0.651196 0.523588
v -0.308307 0.846201 0.488079
v -0.043779 0.069370 0.255753
v 0.249778 0.586335 -0.431747
v 0.317483 0.061435 -0.423241
v 0.119087 0.157778 -0.099565
v -0.409127 0.850146 0.364698
v 0.179566 0.059452 -0.090806
v -0.397732 0.663953 0.421280
v -0.302756 0.665535 0.507784
v -0.329114 0.657950 0.537097
v 0.421696 0.084518 -0.385147
v -0.227798 0.629843 0.385282
v 0.058568 0.408480 -0.025397
v -0.332304 0.685955 0.196152
v 0.053909 0.194542 -0.152749
v 0.320545 0.137739 -0.144756
v -0.244224 0.630761 0.330522
v 0.172009 0.217312 -0.154980
v 0.092234 0.240079 -0.155345
v 0.454940 0.338996 -0.313862
v 0.173030 0.545059 -0.448782
v -0.267303 0.750605 0.193622
v 0.258678 0.391959 -0.156092
v -0.263071 0.661553 0.358530
v -0.286659 0.736399 0.419321
v 0.275403 0.375731 -0.177024
v 0.394443 0.632941 -0.495621
v 0.061139 0.071885 0.201010
v 0.190289 0.368407 -0.431392
v -0.340993 0.309338 0.393941
v -0.022366 0.267677 -0.150477
v -0.009721 0.304319 -0.160470
v -0.217012 0.620267 0.184769
v -0.001198 0.688991 -0.270823
v 0.265486 0.435546 -0.179351
v 0.139981 0.077627 -0.020376
v -0.096822 0.661600 0.026041
v -0.088402 0.657429 0.007871
v 0.283000 0.495442 -0.433943
v 0.373786 0.299308 -0.169302
v -0.159133 0.528439 -0.021955
v -0.308355 0.763732 0.439981
v -0.053291 0.071547 -0.342565
v 0.188216 0.043041 0.037076
v -0.364515 0.593255 0.149332
v 0.235863 0.189016 -0.298391
v -0.395061 0.864482 0.406316
v -0.330984 0.676849 0.457306
v 0.073848 0.050261 -0.160597
v -0.158941 0.623861 0.235771
v 0.340506 0.022722 -0.086008
v 0.298091 0.142699 -0.135131
v 0.219128 0.053224 -0.119394
v 0.083031 0.331971 -0.208382
v -0.407470 0.834614 0.226925
v -0.186425 0.307098 0.335492
v -0.248171 0.662510 -0.055036
v -0.404667 0.663025 0.402931
v -0.105507 0.493672 -0.012625
v -0.114677 0.582009 -0.041931
v -0.001134 0.254576 -0.262413
v -0.312264 0.212469 0.063622
v -0.298511 0.756327 0.271560
v 0.311617 0.083131 -0.099707
v -0.035946 0.378328 -0.201098
v 0.326186 0.419376 -0.387125
v -0.388433 0.667422 0.330160
v 0.435349 0.247235 -0.422428
v 0.243696 0.494656 -0.232414
v 0.240016 0.565209 -0.225252
v 0.089910 0.660040 -0.379028
v 0.194312 0.052704 -0.097444
v -0.404276 0.364893 0.305928
v -0.148187 0.845831 0.155482
v -0.037831 0.108769 -0.062161
v 0.008512 0.448770 0.014518
v -0.117277 0.605476 0.151610
v -0.421906 0.169934 0.328402
v -0.157106 0.008591 -0.014905
v -0.007065 0.128150 -0.243592
v -0.337112 0.739184 0.203810
v 0.349338 0.227289 -0.161691
v 0.262031 0.027350 -0.251388
v -0.285532 0.754096 0.242731
v 0.355225 0.236864 -0.160183
v -0.414879 0.180573 0.079350
v 0.110185 0.157705 -0.122990
v -0.312730 0.243520 0.106480
v -0.168553 0.344020 -0.135880
v -0.137650 0.225696 -0.139684
v 0.027273 0.142028 -0.169764
v -0.109615 0.659068 0.035376
v 0.322348 0.070080 -0.083501
v 0.349481 0.315805 -0.178538
v 0.239822 0.085164 -0.108696
v 0.005511 0.645619 -0.322879
v 0.310114 0.085560 -0.112743
v 0.360941 0.292077 -0.346116
v 0.114176 0.069543 -0.411399
v -0.158617 0.337066 0.260849
v -0.126138 0.549068 -0.029121
v -0.129565 0.010446 0.432605
v 0.292126 0.061132 -0.115824
v -0.162394 0.405447 0.240497
v -0.417914 0.698647 0.430898
v 0.147344 0.401214 -0.436798
v 0.345539 0.267584 -0.161381
v 0.065389 0.688593 -0.135856
v -0.138866 0.749824 0.025862
v -0.481726 0.039782 0.304192
v 0.044933 0.243669 0.010240
v -0.074114 0.711324 0.038563
v 0.333416 0.107094 -0.109647
v -0.104567 0.325135 0.075887
v -0.062980 0.079560 -0.359747
v 0.313968 0.355546 -0.097749
v 0.269010 0.038629 -0.120676
v -0.133111 0.778721 0.150997
v 0.481151 0.075568 -0.203904
v -0.293258 0.397513 0.089273
v 0.317542 0.176206 -0.149167
v 0.353120 0.279957 -0.158953
v -0.350871 0.818258 0.429870
v 0.300587 0.527172 -0.443765
v -0.185246 0.869199 -0.029476
v -0.452044 0.806539 0.358368
v -0.324459 0.011430 0.176743
v 0.041013 0.274222 -0.080833
v -0.073611 0.666215 -0.097131
v -0.150321 0.469463 -0.102995
v -0.401142 0.708354 0.257253
v -0.420485 0.675883 0.422875
v -0.385192 0.664892 0.354119
v 0.422919 0.171143 -0.190898
v -0.398575 0.666849 0.388471
v 0.120905 0.579064 -0.419204
v -0.249591 0.711173 -0.069869
v -0.350964 0.818823 0.406511
v -0.293595 0.496323 0.048877
v -0.039835 0.130219 -0.291605
v -0.312949 0.693647 0.469316
v -0.004932 0.535399 -0.011465
v -0.297392 0.712086 0.178017
v -0.317599 0.037895 0.091434
v -0.263685 0.610383 0.173288
v -0.119300 0.639152 0.113096
v 0.415906 0.685898 -0.452099
v -0.355348 0.673445 0.232066
v -0.169881 0.616874 0.250766
v 0.231878 0.623212 -0.415616
v -0.142398 0.614481 0.143621
v -0.529734 0.034637 0.274575
v 0.052637 0.214801 -0.159292
v 0.053810 0.243219 -0.164348
v 0.144600 0.596438 -0.140287
v -0.192211 0.613539 0.300899
v -0.188823 0.352543 -0.082276
v -0.305739 0.605792 0.347946
v 0.512349 0.127201 -0.233026
v -0.247015 0.255913 0.401756
v -0.287688 0.673723 0.428353
v 0.294401 0.047675 -0.111928
v -0.337630 0.716268 0.151171
v -0.018811 0.154448 -0.311844
v 0.256326 0.451245 -0.164072
v 0.512542 0.299581 -0.329594
v 0.294900 0.329681 -0.112358
v 0.225124 0.020618 -0.194171
v 0.075539 0.159434 -0.140933
v 0.375605 0.267210 -0.156928
v -0.025362 0.348141 0.062674
v -0.439977 0.223218 0.122035
v -0.341269 0.677684 0.216199
v -0.085008 0.797203 -0.001107
v 0.217269 0.231873 -0.209310
v 0.299363 0.122808 -0.121284
v 0.033291 0.107535 -0.329535
v 0.355408 0.194115 -0.149259
v 0.068150 0.482674 -0.243434
v 0.129106 0.059993 -0.034139
v -0.283963 0.679790 0.396264
v 0.221795 0.252990 -0.221494
v -0.215092 0.645806 0.269890
v 0.021505 0.372858 0.027232
v -0.331300 0.683486 0.407204
v 0.349416 0.365706 -0.439323
v 0.299815 0.506279 -0.398379
v 0.449137 0.229365 -0.238788
v -0.129275 0.547318 0.121257
v 0.020812 0.228224 0.117701
v 0.003259 0.133243 0.276376
v 0.002463 0.328644 -0.166110
v 0.099936 0.149230 -0.133923
v 0.206842 0.674963 -0.232677
v 0.300722 0.559966 -0.316383
v -0.155281 0.374874 0.045343
v -0.179540 0.873831 -0.022604
v -0.229135 0.706748 0.219425
v 0.409046 0.429997 -0.374499
v 0.069911 0.152291 0.130142
v -0.340723 0.603031 0.149204
v -0.191796 0.864468 -0.017110
v 0.316074 0.299145 -0.087794
v -0.304385 0.010757 0.126504
v -0.190525 0.423483 0.064128
v 0.327315 0.190081 -0.154861
v -0.298553 0.701769 0.231383
v 0.454417 0.111768 -0.174440
v 0.254463 0.486664 -0.186765
v -0.323886 0.008757 0.259140
v -0.015952 0.268104 -0.148243
v 0.029363 0.165900 -0.339498
v -0.125344 0.316910 0.063733
v 0.122739 0.086138 -0.077317
v -0.349932 0.411519 0.337653
v -0.281078 0.616210 0.441686
v -0.201101 0.107263 0.378551
v 0.173283 0.576522 -0.175585
v 0.372875 0.233357 -0.316052
v -0.039567 0.142608 -0.292323
v 0.210942 0.055795 -0.107302
v 0.361033 0.286203 -0.171408
v 0.099776 0.041613 -0.038567
v 0.279004 0.465887 -0.262774
v -0.288828 0.622693 0.138244
v 0.379088 0.141833 -0.345085
v -0.350019 0.751603 0.263330
v -0.389364 0.658714 0.340888
v -0.296896 0.751615 0.211673
v 0.229530 0.216885 -0.080563
v 0.086459 0.548116 -0.392023
v -0.298448 0.615953 0.290863
v -0.241570 0.666216 -0.070328
v -0.350011 0.172583 0.033517
v -0.479514 0.046192 0.276150
v 0.072077 0.453344 -0.133713
v -0.295645 0.693335 0.262801
v -0.371773 0.653363 0.308396
v -0.287325 0.629191 0.178793
v -0.399958 0.687398 0.435361
v -0.291032 0.626824 0.163716
v 0.437292 0.312395 -0.445497
v 0.313341 0.111236 -0.121494
v -0.049081 0.433017 0.032288
v -0.179386 0.098276 -0.075365
v 0.052178 0.165279 -0.149057
v 0.313556 0.111543 -0.130146
v 0.257965 0.096038 -0.104312
v 0.011203 0.163403 -0.329028
v -0.072308 0.256875 0.272774
v -0.371086 0.669533 0.370117
v -0.351378 0.699217 0.490254
v 0.374326 0.409937 -0.359444
v 0.127905 0.342474 -0.196775
v 0.173658 0.300942 -0.189087
v -0.277624 0.695166 0.271494
v 0.295178 0.360300 -0.178862
v -0.330450 0.738792 0.188727
v -0.289152 0.748050 0.397185
v 0.083033 0.582951 -0.081386
v -0.320359 0.690737 0.171167
v 0.373061 0.282070 -0.163374
v -0.311418 0.688672 0.282085
v -0.311276 0.671928 0.437360
v -0.288942 0.743216 0.178043
v 0.358969 0.248894 -0.153069
v 0.360612 0.216845 -0.150900
v 0.406818 0.292798 -0.158740
v -0.321400 0.614203 0.105403
v 0.279330 0.248455 -0.139171
v -0.290581 0.770197 0.350377
vn -0.9791 0.2021 -0.0248
vn -0.4094 0.3756 0.8314
vn -0.6485 0.2753 0.7097
vn 0.7875 0.2688 0.5547
vn 0.8695 0.4919 -0.0454
vn 0.7325 0.2714 -0.6243
vn 0.2114 -0.9066 0.3651
vn 0.2736 -0.9012 0.3362
vn -0.0726 -0.9169 0.3926
vn -0.9222 0.3654 -0.1270
vn -0.8782 0.1918 -0.4382
vn -0.7751 0.0322 -0.6310
vn 0.9701 -0.2158 -0.1106
vn 0.9538 -0.0624 -0.2939
vn 0.6078 -0.6495 -0.4569
vn -0.8875 0.1391 -0.4393
vn -0.7843 -0.0153 -0.6202
vn -0.9995 -0.0048 0.0327
vn -0.3492 0.8379 -0.4195
vn -0.1393 0.8110 -0.5681
vn -0.8972 0.3506 0.2687
vn 0.5979 0.7939 -0.1102
vn 0.7031 0.6910 0.1679
vn 0.7382 0.6691 0.0863
vn 0.6813 0.3669 -0.6333
vn 0.1515 0.8150 -0.5593
vn 0.2291 0.7041 -0.6721
vn 0.2387 0.7997 0.5509
vn 0.7997 0.5924 -0.0977
vn -0.9098 0.0430 0.4127
vn -0.9489 -0.1577 0.2734
vn -0.8519 -0.5053 0.1377
vn 0.5855 0.0014 -0.8106
vn 0.7840 0.5887 0.1969
vn 0.9461 -0.1569 -0.2832
vn 0.1204 -0.8090 -0.5753
vn 0.0498 -0.9985 -0.0206
vn 0.6493 -0.7368 -0.1885
vn -0.9466 -0.1718 -0.2728
vn -0.4334 -0.8619 -0.2632
vn 0.0375 -0.9982 0.0469
vn -0.4479 0.7495 -0.4875
vn -0.1058 0.8964 0.4305
vn 0.0601 0.9063 0.4184
vn -0.3327 0.3920 -0.8577
vn -0.1471 0.7218 -0.6763
vn 0.1822 -0.9221 -0.3413
vn 0.1653 -0.5340 -0.8292
vn -0.4151 -0.3737 -0.8295
vn 0.7838 -0.1012 -0.6127
vn -0.4459 0.0875 -0.8908
vn 0.4819 -0.4792 -0.7336
vn -0.2231 0.4927 -0.8411
vn -0.4169 0.4580 -0.7851
vn 0.4793 0.8076 -0.3437
vn 0.1358 -0.9745 0.1789
vn 0.5222 -0.7110 0.4709
vn -0.1461 0.9185 0.3675
vn -0.4080 0.5130 0.7553
vn 0.4268 0.6524 0.6263
vn 0.6419 0.7110 0.2872
vn -0.5829 0.8001 -0.1417
vn -0.2087 0.9776 0.0274
vn 0.2709 0.9141 0.3017
vn 0.7535 0.4534 0.4761
vn 0.6717 -0.6190 0.4069
vn -0.6999 -0.2525 -0.6682
vn -0.8028 -0.5115 -0.3065
vn -0.7121 -0.0085 -0.7020
vn -0.3150 -0.8485 -0.4252
vn -0.3416 -0.9353 0.0922
vn -0.4454 -0.5420 -0.7126
vn 0.1462 0.5463 0.8247
vn 0.6631 0.6681 0.3376
vn -0.0209 0.8897 0.4560
vn -0.9730 0.1743 -0.1511
vn -0.6227 0.3542 -0.6977
vn -0.2848 0.9568 0.0594
vn -0.9585 0.2593 0.1186
vn -0.5336 0.5099 0.6747
vn -0.5473 0.5431 0.6368
vn -0.4637 -0.8854 -0.0322
vn 0.0975 -0.7597 -0.6429
vn 0.5060 -0.5530 -0.6619
vn -0.4415 -0.4547 -0.7735
vn 0.7727 0.6187 0.1419
vn 0.8642 0.4824 0.1431
vn 0.6806 0.6679 0.3011
vn -0.9137 0.3250 -0.2441
vn -0.8146 0.0191 -0.5796
vn -0.5219 0.4486 -0.7255
vn -0.6416 -0.0960 -0.7610
vn -0.5819 -0.4795 -0.6569
vn -0.2127 -0.4460 -0.8694
vn 0.9337 -0.0304 0.3569
vn 0.9097 0.0905 0.4053
vn 0.5824 0.3372 -0.7397
vn 0.2914 0.5023 -0.8141
vn -0.0869 0.0210 -0.9960
vn 0.7769 0.0030 -0.6296
vn -0.8010 0.4838 -0.3526
vn -0.2783 0.4797 -0.8321
vn -0.5065 0.6488 -0.5680
vn -0.1765 0.1408 -0.9742
vn 0.1100 -0.0708 -0.9914
vn -0.3083 -0.1470 -0.9399
vn 0.5045 0.7611 0.4077
vn 0.1316 0.9823 -0.1333
vn 0.2150 0.8961 -0.3883
vn -0.5128 0.3789 -0.7704
vn -0.8473 -0.0948 -0.5226
vn -0.5362 0.6927 -0.4824
vn 0.3679 -0.8943 0.2546
vn 0.2279 -0.8179 0.5283
vn 0.7478 -0.4459 0.4919
vn 0.6563 -0.6933 0.2977
vn 0.4176 -0.8446 0.3350
vn 0.3549 -0.8832 0.3067
vn 0.8079 0.3188 0.4957
vn 0.8938 -0.1702 0.4149
vn 0.6931 0.6992 -0.1752
vn 0.4496 0.8637 -0.2277
vn -0.4377 0.4764 -0.7626
vn 0.3878 0.7759 -0.4976
vn -0.5214 -0.8456 -0.1146
vn 0.1999 -0.8295 -0.5216
vn 0.3132 -0.8497 0.4242
vn -0.7764 -0.1349 -0.6156
vn 0.1126 -0.2841 -0.9521
vn -0.9039 -0.3042 -0.3005
vn 0.7709 0.5761 -0.2717
vn -0.5182 0.6457 0.5608
vn -0.2469 0.4842 0.8394
vn -0.1204 0.0980 0.9879
vn -0.1794 -0.9809 -0.0756
vn 0.1942 -0.9760 0.0988
vn -0.2816 -0.9527 0.1145
vn -0.5108 -0.7424 0.4335
vn -0.7795 0.5627 -0.2753
vn 0.7463 0.6455 -0.1625
vn -0.5143 0.5750 -0.6363
vn 0.1219 -0.9580 -0.2595
vn -0.1488 -0.9662 -0.2107
vn -0.4130 -0.8945 -0.1710
vn -0.7872 -0.0903 0.6100
vn -0.5832 0.2038 0.7864
vn 0.0096 0.2850 -0.9585
vn -0.7685 0.2502 -0.5889
vn -0.1008 0.7271 0.6791
vn 0.2898 -0.8026 0.5214
vn -0.4374 -0.2574 0.8617
vn -0.6085 0.7277 -0.3165
vn -0.8601 0.4994 0.1037
vn -0.6930 0.6992 -0.1757
vn 0.1263 0.9908 0.0492
vn 0.4657 0.7907 -0.3974
vn -0.7220 0.3215 -0.6126
vn 0.2404 -0.9252 -0.2937
vn 0.3103 -0.9505 0.0166
vn 0.5659 -0.7809 -0.2644
vn -0.0602 0.0682 -0.9959
vn -0.2023 0.5936 -0.7789
vn -0.0392 -0.1088 -0.9933
vn -0.8590 0.4899 -0.1485
vn -0.6317 0.4290 -0.6457
vn -0.6273 0.7143 -0.3102
vn -0.0804 -0.9305 -0.3574
vn -0.2368 -0.9219 -0.3068
vn -0.4067 -0.8748 -0.2632
vn 0.4751 0.8391 -0.2651
vn 0.4810 0.7242 -0.4942
vn 0.8825 0.0488 -0.4679
vn -0.4535 -0.1893 -0.8709
vn 0.0790 -0.3841 -0.9199
vn 0.9730 0.1592 -0.1673
vn -0.2122 -0.7831 -0.5846
vn 0.3421 -0.0371 -0.9389
vn 0.9617 -0.1110 0.2505
vn 0.9882 0.1508 0.0282
vn 0.0403 -0.3259 -0.9445
vn 0.3807 0.8128 0.4410
vn 0.7022 0.5494 0.4528
vn 0.8710 0.2276 0.4353
vn -0.6947 0.5140 -0.5032
vn -0.6452 -0.6648 0.3765
vn -0.8788 0.4356 -0.1950
vn 0.0106 0.7467 -0.6650
vn 0.5116 0.8571 -0.0602
vn 0.0903 0.8031 -0.5890
vn -0.9535 0.2672 -0.1396
vn -0.8718 0.4749 0.1201
vn -0.9228 0.1059 -0.3705
vn -0.3314 0.5625 0.7575
vn -0.5907 0.4980 0.6348
vn -0.2142 0.9543 0.2082
vn 0.8323 -0.0624 -0.5508
vn 0.1378 -0.3257 -0.9354
vn -0.4795 0.0444 -0.8764
vn -0.6549 -0.0972 0.7495
vn -0.4973 -0.1466 0.8551
vn 0.1144 -0.0478 0.9923
vn 0.2760 0.8799 0.3868
vn 0.5663 0.5975 0.5677
vn 0.7140 0.5512 -0.4317
vn -0.1403 0.6592 0.7388
vn -0.5020 0.2853 0.8165
vn 0.9827 0.0289 0.1828
vn 0.9551 0.2858 0.0785
vn 0.9654 -0.1980 -0.1695
vn 0.3633 -0.5735 0.7343
vn 0.8636 0.1602 0.4780
vn 0.7605 0.5850 0.2819
vn 0.9361 -0.3361 -0.1039
vn 0.0859 -0.6919 -0.7168
vn 0.3808 -0.5316 -0.7566
vn -0.7265 0.6338 -0.2654
vn -0.3753 0.9265 -0.0288
vn -0.6813 0.6686 -0.2980
vn 0.7049 -0.3660 0.6076
vn 0.3765 -0.2493 0.8922
vn 0.4526 -0.8895 -0.0635
vn -0.4958 -0.8617 0.1078
vn -0.5946 -0.6824 0.4253
vn 0.1264 -0.7931 0.5959
vn -0.3463 -0.7861 0.5119
vn 0.2417 -0.9687 0.0573
vn 0.0093 -0.9981 -0.0610
vn -0.9299 0.2538 -0.2661
vn -0.7926 0.2192 -0.5690
vn -0.0270 0.6345 0.7724
vn 0.8539 0.5095 -0.1060
vn 0.5995 0.7871 0.1452
vn 0.3664 -0.3902 -0.8447
vn 0.6155 -0.2916 -0.7322
vn 0.5493 -0.0807 -0.8317
vn -0.2841 -0.1868 -0.9404
vn 0.4083 0.0292 -0.9124
vn -0.3209 -0.0667 0.9448
vn -0.9627 0.2601 0.0740
vn -0.6963 -0.3690 0.6156
vn 0.0535 0.1101 0.9925
vn -0.8271 0.5613 0.0300
vn -0.0381 0.2331 0.9717
vn 0.0147 0.0505 0.9986
vn -0.7060 0.4512 0.5459
vn -0.6269 -0.5371 0.5644
vn 0.3407 -0.0457 0.9391
vn -0.2315 -0.1008 -0.9676
vn -0.6015 -0.1211 -0.7897
vn -0.9640 0.2598 0.0570
vn -0.6608 0.3400 0.6692
vn -0.6131 0.4092 0.6758
vn 0.3260 -0.9418 0.0822
vn -0.2129 -0.9770 -0.0081
vn 0.1059 -0.9791 -0.1738
vn -0.7879 0.5903 0.1756
vn -0.1713 0.5988 -0.7823
vn -0.7099 -0.0411 -0.7031
vn 0.5259 -0.4291 -0.7344
vn 0.5291 -0.2879 -0.7982
vn -0.3913 -0.5650 0.7264
vn 0.3598 0.2139 0.9082
vn 0.6012 0.7958 -0.0725
vn 0.1765 0.8764 0.4480
vn 0.5983 0.4141 0.6860
vn 0.8488 -0.0373 0.5274
vn 0.9945 0.0193 0.1034
vn 0.3637 0.1938 0.9111
vn 0.3356 -0.8352 0.4357
vn 0.8967 0.4281 -0.1125
vn 0.8160 0.4030 0.4144
vn 0.2203 0.9562 -0.1930
vn -0.3067 0.8814 0.3592
vn -0.3822 -0.7683 -0.5135
vn -0.4814 -0.7937 -0.3719
vn -0.9126 0.2936 -0.2845
vn -0.6279 0.4774 -0.6146
vn -0.5209 0.6176 -0.5892
vn -0.7124 0.0807 0.6972
vn -0.4920 0.0483 0.8693
vn -0.4902 -0.5745 0.6555
vn -0.7390 -0.4077 0.5363
vn -0.0765 -0.9505 0.3011
vn 0.2274 0.2295 0.9464
vn 0.6092 0.6086 -0.5085
vn 0.0611 -0.9051 -0.4208
vn -0.2305 -0.6592 -0.7157
vn 0.1960 -0.9360 -0.2925
vn -0.0459 -0.0209 0.9987
vn -0.6455 0.6160 0.4516
vn 0.2017 0.7147 0.6698
vn -0.3376 0.3571 0.8709
vn -0.3355 0.9397 -0.0659
vn 0.0627 0.9458 0.3188
vn -0.3311 -0.9405 0.0758
vn -0.1521 -0.9727 0.1751
vn 0.5404 0.4902 0.6839
vn 0.5908 0.4228 0.6872
vn 0.4494 0.1748 0.8761
vn -0.9371 -0.3360 -0.0949
vn -0.6706 -0.6139 -0.4164
vn -0.8714 -0.2027 -0.4468
vn -0.3666 0.9264 0.0856
vn 0.1161 0.9713 0.2074
vn 0.9035 0.3194 0.2860
vn -0.0261 0.9983 0.0512
vn 0.4108 0.9024 0.1297
vn -0.3851 0.8578 -0.3405
vn 0.1978 0.8880 -0.4150
vn 0.0226 -0.4775 -0.8784
vn 0.9613 -0.2733 -0.0355
vn 0.1106 -0.1668 -0.9798
vn -0.4434 0.3111 0.8406
vn -0.7962 0.2311 0.5592
vn 0.0425 -0.2968 -0.9540
vn 0.7930 -0.4501 -0.4105
vn 0.0438 -0.2181 -0.9749
vn -0.1397 -0.9121 0.3854
vn -0.7833 -0.2209 0.5811
vn -0.0524 0.4259 0.9033
vn 0.0236 0.4036 0.9146
vn -0.0575 0.4140 0.9085
vn -0.5503 -0.5671 -0.6128
vn 0.4828 -0.7616 -0.4322
vn -0.2778 0.2957 -0.9140
vn -0.0632 0.6293 -0.7746
vn -0.2961 0.8093 -0.5072
vn -0.3500 0.7706 -0.5327
vn -0.8502 0.5265 -0.0030
vn -0.3484 0.8267 -0.4418
vn -0.5768 -0.4660 0.6709
vn -0.9741 -0.2040 0.0974
vn -0.1058 0.9925 0.0619
vn -0.4108 0.6741 0.6138
vn 0.1529 -0.4523 -0.8786
vn -0.7903 -0.5812 -0.1940
vn -0.7044 -0.2943 -0.6459
vn -0.0562 0.8128 0.5798
vn 0.0648 0.5223 0.8503
vn -0.2077 -0.6411 0.7388
vn 0.3184 0.9272 0.1971
vn 0.5772 0.7884 0.2127
vn -0.0272 0.9908 0.1327
vn 0.5478 -0.8358 -0.0370
vn 0.9823 0.0288 0.1850
vn -0.7772 0.6265 -0.0590
vn -0.5029 -0.4349 0.7469
vn -0.6632 -0.4390 0.6062
vn -0.4400 -0.7718 -0.4591
vn 0.8438 -0.3215 -0.4296
vn -0.1882 -0.4930 -0.8494
vn 0.3064 0.6176 -0.7243
vn 0.4348 0.2570 -0.8631
vn -0.3004 0.2292 -0.9259
vn 0.0796 0.5703 0.8176
vn -0.1848 0.9796 0.0786
vn -0.6797 0.6529 0.3343
vn -0.5953 0.8034 0.0102
vn 0.8916 -0.3954 0.2207
vn 0.0817 -0.8396 0.5370
vn -0.1745 -0.9259 -0.3350
vn -0.1676 -0.9231 -0.3460
vn -0.2764 -0.6326 -0.7235
vn -0.3692 -0.5903 -0.7178
vn -0.9514 -0.0915 -0.2942
vn -0.2437 0.0385 -0.9691
vn 0.3213 -0.1921 -0.9273
vn 0.8748 -0.3413 -0.3437
vn 0.3802 -0.5197 -0.7651
vn 0.3716 -0.8043 -0.4637
vn 0.1249 -0.9833 -0.1324
vn -0.1131 -0.9919 0.0570
vn -0.0315 -0.9946 0.0987
vn -0.1122 0.6373 0.7624
vn 0.1776 0.6802 0.7112
vn -0.1721 -0.9670 -0.1879
vn -0.2875 -0.9575 -0.0235
vn -0.7161 -0.2031 -0.6678
vn -0.3525 0.3383 -0.8725
vn -0.7684 -0.6028 0.2149
vn 0.8459 0.5333 0.0050
vn -0.6713 -0.7360 0.0869
vn -0.2734 -0.8757 -0.3981
vn -0.7242 -0.6891 -0.0250
vn 0.4077 0.8915 0.1972
vn 0.7999 0.2421 0.5492
vn 0.3258 0.0299 0.9450
vn 0.3784 0.9047 0.1956
vn 0.7150 -0.6989 -0.0197
vn 0.9860 -0.1451 0.0823
vn -0.5136 0.6602 0.5481
vn 0.6366 -0.2770 -0.7198
vn 0.6037 0.2775 -0.7474
vn -0.8321 0.5082 0.2222
vn -0.8330 0.5451 -0.0943
vn -0.7299 0.6674 0.1480
vn -0.8761 -0.2354 0.4207
vn -0.2295 0.9546 0.1897
vn -0.9672 0.2498 0.0467
vn -0.5233 -0.1529 -0.8383
vn -0.0948 -0.9209 0.3781
vn 0.3033 -0.8263 -0.4745
vn -0.0480 -0.6467 -0.7613
vn 0.8829 -0.3941 -0.2552
vn -0.0967 -0.9211 0.3771
vn -0.4891 0.6717 0.5565
vn -0.4901 0.5650 0.6638
vn 0.1245 -0.5117 0.8501
vn 0.6047 -0.6961 0.3870
vn 0.3408 0.8943 -0.2900
vn -0.0149 0.9829 -0.1835
vn 0.2670 0.9616 -0.0630
vn 0.4763 -0.8641 0.1626
vn -0.2531 0.7893 0.5594
vn -0.0652 0.9964 0.0535
vn -0.4869 0.7573 0.4353
vn -0.0212 -0.9647 0.2626
vn 0.1016 -0.9673 0.2324
vn 0.3739 -0.1938 -0.9070
vn -0.4989 0.5206 -0.6929
vn 0.6488 -0.0626 0.7584
vn 0.7320 0.2729 0.6243
vn 0.6118 -0.2697 0.7437
vn -0.8302 -0.4282 -0.3570
vn -0.7723 0.0823 -0.6299
vn 0.3075 0.7610 0.5712
vn 0.8686 -0.0458 0.4934
vn -0.0572 0.2351 0.9703
vn 0.4229 0.3973 0.8145
vn 0.0612 0.6905 0.7207
vn 0.7418 0.3071 0.5962
vn 0.0577 0.5309 0.8455
vn 0.3483 -0.5430 -0.7641
vn 0.5345 -0.4910 -0.6879
vn 0.5094 0.2089 -0.8348
vn -0.6061 0.4228 -0.6737
vn -0.5019 -0.5577 -0.6611
vn -0.6568 -0.7457 -0.1119
vn -0.8267 -0.3632 0.4297
vn -0.8977 0.4239 -0.1202
vn 0.1831 0.6291 0.7554
vn 0.5074 0.1035 0.8554
vn 0.0454 0.6525 0.7564
vn -0.3680 -0.3323 -0.8685
vn 0.1399 0.1071 0.9843
vn 0.5611 0.4217 0.7123
vn 0.6000 0.5557 -0.5756
vn 0.6847 0.5695 -0.4548
vn -0.9554 0.2786 -0.0980
vn -0.9153 0.4014 -0.0320
vn 0.8868 -0.0591 0.4583
vn 0.8825 -0.4123 0.2260
vn -0.7469 0.6262 -0.2236
vn 0.3818 -0.8862 0.2624
vn -0.4654 -0.8018 -0.3749
vn -0.1894 -0.9685 -0.1619
vn -0.7963 -0.0525 -0.6027
vn 0.4176 -0.2272 -0.8798
vn 0.2166 -0.9751 -0.0475
vn 0.9609 0.1528 0.2310
vn 0.9551 0.2330 0.1831
vn -0.1444 0.9437 0.2978
vn -0.7807 0.5647 -0.2678
vn -0.1061 0.9307 0.3500
vn -0.5003 0.5376 0.6788
vn -0.9091 0.1079 0.4023
vn -0.4063 0.0733 0.9108
vn -0.9329 -0.0049 -0.3601
vn -0.9281 -0.1165 -0.3537
vn -0.9145 0.2132 -0.3438
vn -0.1732 0.9699 0.1714
vn -0.2978 0.9441 0.1414
vn 0.0531 -0.9669 0.2496
vn 0.7985 0.4741 -0.3710
vn 0.8434 0.3160 0.4345
vn -0.3379 0.7382 0.5839
vn -0.3399 0.5678 0.7497
vn -0.7906 0.2093 -0.5755
vn -0.8110 0.0041 -0.5851
vn -0.3165 -0.2981 -0.9005
vn -0.9473 0.2931 -0.1292
vn 0.2831 0.3266 0.9018
vn 0.5817 0.3999 0.7083
vn 0.9896 0.0069 -0.1434
vn 0.5466 -0.5632 -0.6198
vn 0.9361 -0.3518 0.0049
vn -0.1839 0.9586 -0.2173
vn 0.3835 0.7595 0.5254
vn -0.1448 0.9880 0.0531
vn 0.0661 -0.5372 0.8409
vn 0.1354 0.4017 0.9057
vn -0.4079 -0.3193 0.8554
vn -0.5060 0.7807 -0.3666
vn -0.5493 0.4906 0.6765
vn 0.3803 0.1708 0.9089
vn -0.4640 -0.4682 -0.7520
vn -0.3570 0.0573 0.9323
vn -0.5349 0.4655 0.7051
vn -0.5298 0.3864 -0.7550
vn 0.2995 0.9341 0.1941
vn 0.3641 -0.5723 -0.7348
vn 0.4725 -0.3754 -0.7974
vn 0.3149 -0.4104 -0.8558
vn 0.0886 -0.4398 -0.8937
vn -0.5157 0.6855 -0.5139
vn 0.1594 0.9258 -0.3428
vn 0.5197 -0.8421 -0.1441
vn -0.0841 -0.6663 -0.7409
vn -0.4091 0.7019 0.5831
vn -0.7031 0.6902 0.1712
vn 0.1462 0.7981 0.5845
vn 0.3332 0.5459 0.7687
vn 0.4774 0.6993 0.5321
vn 0.8936 -0.4416 0.0807
vn 0.3909 -0.4404 -0.8082
vn -0.4339 0.4033 0.8056
vn 0.9918 0.1220 0.0380
vn 0.5424 -0.0023 -0.8401
vn -0.4517 0.8333 -0.3186
vn 0.6125 -0.7879 -0.0635
vn 0.6608 -0.7294 -0.1772
vn -0.2738 0.1278 0.9532
vn -0.4105 -0.0744 0.9088
vn -0.5579 0.1791 0.8104
vn -0.7628 0.5742 0.2974
vn 0.0016 0.3714 -0.9285
vn 0.6766 0.6102 0.4122
vn 0.3762 0.4748 0.7956
vn 0.6566 0.7369 0.1605
vn -0.6257 0.1333 -0.7685
vn 0.1336 -0.3503 -0.9270
vn 0.3162 -0.0560 -0.9470
vn -0.3282 0.7216 -0.6095
vn -0.4002 -0.6014 -0.6915
vn 0.3562 0.8550 -0.3769
vn -0.1894 -0.3800 -0.9054
vn -0.6870 0.6384 -0.3471
vn 0.0892 0.9888 0.1199
vn 0.5533 0.6772 0.4850
vn 0.2961 0.4614 0.8363
vn 0.2270 0.9732 0.0361
vn -0.2647 0.8550 -0.4460
vn -0.9913 0.1153 -0.0635
vn -0.6334 -0.7737 0.0108
vn -0.4584 -0.2944 0.8386
vn 0.2750 -0.6588 -0.7002
vn -0.2507 -0.3253 0.9118
vn -0.0710 0.3493 0.9343
vn 0.3019 0.1795 0.9363
vn -0.9658 0.1233 -0.2281
vn -0.9488 0.2094 -0.2364
vn 0.0682 -0.8077 -0.5857
vn 0.6168 0.3250 0.7169
vn 0.2913 -0.9522 -0.0918
vn 0.0388 -0.1828 -0.9824
vn 0.8166 0.4786 0.3226
vn 0.1035 0.9542 0.2807
vn -0.8820 0.2382 0.4067
vn -0.9997 -0.0060 0.0243
vn -0.9015 0.0419 0.4308
vn 0.0834 0.3987 -0.9133
vn 0.5650 0.7601 -0.3210
vn 0.9417 -0.2883 0.1736
vn 0.9450 0.3221 0.0565
vn 0.8362 0.0606 0.5451
vn 0.3312 0.2440 0.9115
vn -0.1737 0.0020 0.9848
vn 0.3466 -0.9124 -0.2175
vn -0.0474 0.4416 0.8960
vn -0.7531 0.4076 0.5164
vn 0.6737 0.2160 0.7067
vn 0.5076 0.7739 0.3786
vn 0.5595 0.1721 0.8107
vn -0.3698 -0.2504 -0.8947
vn -0.4034 -0.9045 -0.1384
vn 0.2472 -0.5172 -0.8194
vn 0.9642 -0.2640 -0.0235
vn 0.9865 -0.1166 0.1148
vn -0.8965 0.4202 -0.1407
vn 0.9191 -0.0548 0.3903
vn 0.8518 -0.4891 -0.1878
vn 0.9856 0.0434 -0.1637
vn -0.5955 0.7115 0.3731
vn -0.4693 0.7073 0.5286
vn 0.4895 0.0214 0.8717
vn -0.4842 0.7948 -0.3659
vn -0.2446 -0.3460 -0.9058
vn 0.3977 0.1888 -0.8979
vn -0.1476 -0.9865 0.0713
vn -0.2118 0.3002 0.9301
vn -0.4698 0.1800 0.8642
vn -0.1829 -0.9823 0.0410
vn -0.2158 0.3982 -0.8916
vn -0.0809 0.7243 -0.6847
vn -0.7544 -0.0650 -0.6532
vn -0.9716 0.1956 0.1332
vn 0.8112 -0.0073 0.5847
vn 0.5880 -0.5302 0.6109
vn 0.3882 -0.9216 0.0041
vn -0.8432 -0.5214 -0.1309
vn -0.9408 -0.0518 -0.3349
vn 0.4188 -0.2363 -0.8768
vn -0.2354 -0.0857 0.9681
vn -0.5939 0.4495 0.6673
vn -0.2684 0.2292 0.9357
vn -0.6535 0.3849 0.6518
vn -0.2565 -0.6864 -0.6805
vn 0.5783 0.3213 0.7499
vn -0.8818 0.3758 -0.2848
vn -0.3614 0.2976 -0.8836
vn -0.2364 -0.2841 -0.9292
vn 0.5387 -0.2749 -0.7963
vn -0.0087 -0.5542 -0.8323
vn -0.0430 -0.1465 -0.9883
vn 0.3340 -0.0878 0.9385
vn -0.4618 0.7077 -0.5347
vn 0.7628 0.4863 0.4262
vn -0.5467 0.6764 -0.4936
vn -0.0186 -0.0133 -0.9997
vn -0.0997 0.2173 -0.9710
vn 0.5353 -0.4277 -0.7283
vn 0.7704 -0.3351 -0.5424
vn 0.3782 -0.9043 0.1980
vn 0.0582 -0.9699 -0.2366
vn 0.9503 -0.1401 0.2780
vn -0.1820 0.3376 -0.9235
vn -0.3968 -0.9169 0.0427
vn -0.7527 -0.2603 0.6047
vn -0.8899 0.3000 -0.3437
vn 0.9520 -0.1396 0.2723
vn 0.8547 0.0138 -0.5189
vn 0.1721 -0.1841 -0.9677
vn 0.2960 -0.1672 -0.9404
vn 0.3828 0.1462 -0.9122
vn 0.1564 -0.4512 -0.8786
vn -0.3122 0.8746 0.3711
vn 0.9058 0.2639 0.3315
vn -0.3485 -0.4299 0.8329
vn -0.9973 -0.0693 0.0227
vn -0.6718 -0.5000 0.5466
vn -0.4538 -0.8550 0.2513
vn 0.8199 0.3659 0.4403
vn -0.0346 -0.4971 0.8670
vn -0.6022 -0.4229 0.6771
vn 0.9914 0.1234 0.0445
vn 0.9646 -0.1274 0.2307
vn -0.0831 0.3371 0.9378
vn 0.0607 0.8305 0.5537
vn -0.5042 0.4728 0.7227
vn -0.8883 0.3665 0.2767
vn -0.1595 -0.9867 -0.0299
vn -0.0930 -0.9755 0.1993
vn -0.3548 -0.0545 -0.9333
vn 0.1004 0.6627 0.7422
vn 0.4358 0.8995 -0.0317
vn 0.3221 0.6111 0.7231
vn -0.7895 0.5183 -0.3286
vn -0.2071 0.2303 0.9508
vn -0.6403 -0.2030 0.7408
vn 0.4234 0.0287 0.9055
vn -0.2283 0.6371 -0.7362
vn 0.7401 0.2611 -0.6197
vn 0.4324 0.1786 -0.8838
vn 0.9324 -0.3006 0.2009
vn 0.2498 -0.5626 -0.7881
vn 0.1374 0.6489 0.7484
vn 0.3020 0.9070 0.2934
vn -0.3528 0.9049 -0.2382
vn -0.6132 0.6064 0.5061
vn -0.3151 0.2829 0.9059
vn -0.2975 0.6148 0.7304
vn -0.3706 0.8719 0.3202
vn 0.8903 -0.3376 -0.3056
vn -0.1339 0.4069 -0.9036
vn 0.1902 0.9394 -0.2851
vn 0.7382 -0.3002 0.6042
vn -0.8144 -0.3687 -0.4482
vn -0.9983 0.0510 -0.0277
vn 0.5838 0.8055 0.1021
vn -0.8862 -0.2310 -0.4016
vn 0.6638 -0.1284 -0.7369
vn 0.9765 -0.1291 0.1728
vn 0.5695 -0.2770 -0.7739
vn -0.2413 0.8104 -0.5340
vn 0.4937 -0.5313 -0.6885
vn -0.0341 0.0487 -0.9982
vn -0.2790 -0.5640 0.7772
vn 0.1434 -0.9717 0.1877
vn -0.1756 0.8126 0.5558
vn 0.7609 0.4671 0.4503
vn -0.9509 0.3067 0.0415
vn -0.9008 0.1554 -0.4054
vn 0.2647 -0.6996 0.6637
vn 0.1839 -0.9550 0.2328
vn 0.5362 -0.7654 0.3559
vn -0.7390 0.3446 -0.5789
vn 0.7580 0.2561 0.5998
vn 0.6825 -0.7288 -0.0557
vn 0.1733 -0.9105 -0.3754
vn 0.2789 -0.9404 -0.1946
vn -0.0071 -0.1736 0.9848
vn 0.4383 0.7724 0.4597
vn 0.4880 0.7883 0.3749
vn -0.5205 0.5200 0.6773
vn 0.8942 -0.4417 -0.0730
vn 0.9023 -0.0168 0.4307
vn 0.9010 -0.4338 0.0003
vn -0.2584 -0.3435 -0.9029
vn -0.2972 -0.5031 -0.8115
vn -0.3272 0.6643 -0.6720
vn 0.1216 -0.8907 -0.4381
vn -0.4087 -0.8438 -0.3477
vn 0.8160 -0.4861 0.3129
vn 0.7419 0.0821 -0.6655
vn -0.0819 0.3653 -0.9273
vn -0.5102 0.1473 -0.8473
vn 0.4803 0.8036 0.3516
vn 0.3488 0.8934 -0.2830
vn 0.4688 0.5327 -0.7046
vn -0.7584 -0.2425 -0.6050
vn -0.0623 -0.9948 0.0807
vn 0.1919 -0.9592 0.2075
vn 0.1130 -0.9770 0.1810
vn 0.8836 -0.4513 -0.1249
vn -0.2158 -0.9270 0.3068
vn -0.6719 -0.7205 0.1714
vn -0.3823 0.8953 0.2287
vn -0.7845 0.5042 -0.3610
vn -0.7755 0.5489 0.3120
vn 0.6344 0.6127 0.4712
vn -0.2354 0.9706 0.0499
vn -0.3988 0.9111 -0.1040
vn -0.6063 0.6225 -0.4949
vn -0.8802 0.1288 -0.4568
vn -0.0028 -0.8340 -0.5518
vn 0.4247 -0.6903 -0.5858
vn -0.8814 0.0602 -0.4686
vn -0.0330 -0.7414 -0.6702
vn 0.1207 0.9891 -0.0838
vn -0.1525 0.6358 -0.7566
vn 0.1821 0.7151 -0.6749
vn -0.3968 0.9171 -0.0394
vn -0.3866 0.9214 0.0406
vn 0.8544 0.3986 0.3332
vn -0.6700 -0.0650 -0.7395
vn -0.5990 0.1896 -0.7780
vn -0.0589 0.9479 -0.3131
vn 0.3704 0.9270 -0.0585
vn 0.0301 -0.8457 0.5328
vn -0.3758 -0.7766 0.5055
vn -0.4542 -0.8816 -0.1286
vn 0.3578 -0.8524 0.3813
vn -0.0422 -0.8684 0.4940
vn -0.4028 -0.7452 0.5315
vn -0.9471 0.0637 -0.3146
vn -0.3177 -0.9411 -0.1155
vn 0.5932 -0.7757 0.2153
vn -0.5545 -0.7831 -0.2816
vn 0.4426 -0.4191 -0.7927
vn 0.4133 -0.6889 0.5955
vn -0.5021 0.0775 0.8614
vn 0.6115 0.2622 0.7465
vn 0.7024 0.1118 0.7030
vn 0.7426 0.0121 0.6696
vn 0.9091 -0.2537 0.3303
vn -0.7519 0.2626 -0.6048
vn -0.2673 0.8999 0.3446
vn -0.0935 0.9577 -0.2723
vn 0.7291 -0.3242 0.6027
vn -0.9754 0.2194 0.0216
vn -0.6718 0.4794 0.5647
vn -0.6024 -0.1173 -0.7895
vn -0.8538 0.0655 0.5164
vn 0.8496 0.4757 0.2278
vn 0.0343 -0.9991 -0.0245
vn 0.3339 0.7124 0.6173
vn -0.7261 0.5543 0.4069
vn 0.1959 -0.9422 0.2718
vn 0.9387 0.0489 0.3411
vn 0.7654 -0.5522 -0.3306
vn 0.5910 0.5722 0.5686
vn -0.3239 -0.4370 -0.8391
vn 0.4335 0.6245 0.6497
vn -0.4129 0.8933 0.1775
vn 0.1415 0.9245 0.3539
vn 0.1384 0.9124 0.3852
vn -0.0809 -0.4072 -0.9098
vn 0.8972 -0.2054 -0.3909
vn 0.3028 0.8678 -0.3941
vn -0.8147 0.4519 -0.3633
vn -0.4965 0.5115 0.7013
vn -0.0457 0.8481 0.5278
vn 0.5639 -0.4427 -0.6972
vn 0.8192 -0.3861 -0.4241
vn 0.4838 -0.5400 -0.6887
vn 0.0495 0.6182 0.7844
vn -0.9064 -0.1934 0.3756
vn -0.9542 0.0518 -0.2946
vn -0.1717 0.8872 -0.4282
vn 0.3645 -0.9310 -0.0183
vn 0.9446 -0.0848 0.3172
vn 0.8728 -0.0037 0.4881
vn -0.0000 -0.1966 -0.9805
vn 0.4980 -0.2858 -0.8187
vn -0.9023 0.3815 -0.2008
vn -0.3308 0.7183 -0.6120
vn 0.3080 0.4158 0.8557
vn -0.4179 0.9079 -0.0333
vn 0.0092 0.7744 -0.6326
vn -0.9098 0.0736 -0.4084
vn 0.2596 -0.6200 0.7404
vn -0.2067 -0.9373 0.2805
vn -0.0440 -0.9650 0.2584
vn -0.6072 0.6994 -0.3771
vn -0.6787 0.2711 -0.6826
vn 0.6526 -0.4850 -0.5822
vn -0.2089 0.2107 0.9550
vn 0.7779 0.5039 0.3754
vn -0.7253 -0.0828 0.6835
vn -0.5870 0.2296 0.7764
vn -0.7589 -0.5053 0.4109
vn -0.0451 -0.5219 0.8518
vn -0.4260 0.7350 0.5275
vn -0.5834 0.0730 0.8089
vn -0.1357 -0.4443 0.8856
vn -0.6757 -0.6312 0.3809
vn 0.0044 0.9614 0.2751
vn 0.4836 0.8010 0.3529
vn 0.3639 0.9092 -0.2023
vn 0.1867 -0.9658 -0.1798
vn 0.4537 -0.8897 -0.0500
vn -0.7452 0.2907 -0.6001
vn 0.6384 0.6341 0.4362
vn -0.1683 0.9777 0.1253
vn -0.9673 -0.1611 0.1958
vn -0.8606 -0.2217 0.4584
vn 0.1799 -0.9812 0.0703
vn -0.9625 0.2017 0.1812
vn 0.6831 0.7263 -0.0766
vn -0.6464 0.7465 -0.1578
vn 0.1595 0.9869 0.0225
vn -0.3986 0.9035 0.1572
vn 0.1823 0.4109 0.8933
vn 0.9912 -0.1214 -0.0527
vn -0.2278 0.6664 -0.7099
vn -0.5817 -0.0302 -0.8129
vn -0.8236 0.0810 -0.5614
vn 0.7686 -0.4993 -0.3999
vn -0.2266 0.5544 0.8008
vn 0.8469 0.3942 -0.3568
vn -0.2716 -0.9492 -0.1591
vn -0.9463 -0.0306 -0.3218
vn -0.1712 -0.9788 0.1121
vn -0.4128 -0.3897 -0.8232
vn 0.4441 0.4842 0.7539
vn 0.5003 -0.5204 -0.6920
vn -0.6060 0.1346 0.7840
vn -0.3114 0.3075 0.8992
vn -0.0873 -0.9624 0.2574
vn -0.0493 -0.8639 0.5013
vn -0.1876 -0.9814 0.0412
vn 0.2995 0.6983 -0.6501
vn 0.8716 0.0058 0.4903
vn 0.2227 0.7271 -0.6494
vn 0.0378 -0.2838 0.9581
vn 0.7887 0.0398 0.6135
vn 0.9800 -0.1127 0.1643
vn 0.8459 -0.5323 -0.0316
vn 0.9852 -0.0903 0.1456
vn 0.3540 0.9168 0.1846
vn 0.4260 0.9047 -0.0019
vn -0.7900 -0.3569 0.4985
vn -0.3369 -0.7272 0.5981
vn 0.1151 -0.5497 -0.8274
vn 0.2462 -0.9126 0.3264
vn 0.3938 -0.9071 -0.1486
vn 0.1367 0.4187 0.8978
vn 0.9107 -0.2820 -0.3018
vn 0.9747 -0.0593 0.2153
vn -0.8546 0.3784 0.3557
vn 0.9001 -0.4315 -0.0607
vn 0.6716 -0.7090 0.2151
vn 0.4497 -0.5346 -0.7155
vn -0.7791 -0.3343 -0.5304
vn -0.1626 -0.0621 -0.9847
vn 0.6421 -0.4648 0.6097
vn 0.7041 -0.5375 -0.4640
vn 0.9495 -0.2323 0.2109
vn 0.7922 -0.0587 0.6075
vn -0.5769 0.2543 -0.7762
vn 0.7196 -0.3571 -0.5955
vn -0.4787 0.5186 -0.7085
vn -0.5032 -0.1127 -0.8568
vn -0.7822 0.4828 0.3939
vn -0.5832 0.5168 -0.6267
vn 0.4575 0.2740 0.8459
vn 0.4861 0.3490 0.8012
vn 0.6857 0.1685 0.7081
vn 0.1701 0.2382 -0.9562
vn 0.4138 0.5714 -0.7087
vn 0.6342 -0.4386 -0.6367
vn 0.6653 -0.5003 -0.5541
vn 0.8897 0.0349 0.4552
vn 0.1746 0.9565 0.2339
vn 0.8262 -0.4681 -0.3134
vn -0.8246 0.4777 -0.3030
vn 0.4565 -0.4055 -0.7919
vn 0.2104 -0.9699 0.1223
vn 0.1849 0.3438 -0.9207
vn 0.8643 -0.4516 0.2214
vn 0.9103 -0.1056 0.4002
vn 0.1809 -0.9805 -0.0767
vn -0.7088 -0.6344 -0.3084
vn 0.0374 -0.0616 0.9974
vn -0.4497 0.7411 0.4986
vn 0.9241 0.1361 -0.3570
vn 0.6952 -0.4357 -0.5718
vn -0.9987 -0.0490 0.0110
vn 0.1077 0.0246 -0.9939
vn -0.2598 -0.5917 0.7632
vn 0.3934 -0.8953 -0.2091
vn 0.8982 0.0246 0.4390
vn 0.7262 -0.6342 0.2655
vn -0.7438 0.6632 0.0836
vn -0.1449 0.9846 0.0974
vn 0.8720 0.1843 0.4534
vn -0.3840 0.5043 -0.7735
vn 0.3458 0.3139 -0.8842
vn -0.3911 -0.1052 -0.9143
vn -0.2922 -0.9260 0.2393
vn 0.2613 -0.9328 0.2482
vn -0.2976 -0.8429 0.4482
vn 0.6130 -0.6523 0.4458
vn -0.5360 -0.3285 -0.7777
vn -0.6214 0.2323 -0.7483
vn -0.6769 -0.0200 -0.7358
vn -0.2740 -0.4101 -0.8699
vn -0.4733 0.7146 0.5152
vn 0.1652 -0.4691 -0.8676
vn -0.8181 -0.4589 -0.3467
vn 0.8014 -0.5398 0.2577
vn -0.1622 -0.7031 -0.6923
vn 0.3109 -0.9412 0.1321
vn -0.2583 -0.7372 0.6243
vn 0.2360 0.6238 0.7451
vn -0.0295 -0.8766 0.4803
vn -0.0962 -0.5549 0.8263
vn -0.5602 -0.5499 0.6195
vn -0.6730 -0.3444 -0.6546
vn 0.3436 0.2762 0.8976
vn 0.7002 0.5313 0.4770
vn -0.5193 0.7513 -0.4072
vn -0.3960 0.8727 -0.2856
vn -0.0514 0.7582 -0.6500
vn 0.4612 -0.8851 0.0627
vn 0.8230 -0.5582 0.1056
vn -0.0195 0.7104 -0.7035
vn -0.0325 0.0945 -0.9950
vn -0.9032 0.3435 0.2574
vn -0.8484 0.5227 0.0840
vn -0.0634 0.9840 -0.1663
vn 0.7957 0.6033 0.0537
vn 0.4245 0.3612 0.8302
vn 0.8428 0.3604 0.3997
vn 0.8908 -0.2240 0.3953
vn -0.3832 -0.8029 -0.4566
vn -0.2859 -0.3609 -0.8877
vn -0.1244 0.3745 -0.9188
vn 0.6329 -0.0521 0.7724
vn -0.3747 0.7892 0.4866
vn -0.6797 0.5138 -0.5234
vn -0.1143 0.6056 0.7875
vn -0.4315 0.6901 -0.5810
vn -0.5211 0.1470 -0.8407
vn 0.6855 -0.4684 0.5574
vn -0.0826 0.9696 0.2303
vn -0.4028 0.9152 0.0102
vn -0.5601 0.8267 -0.0523
vn 0.6901 -0.2240 0.6882
vn -0.1912 0.8816 -0.4315
vn -0.4968 0.8615 -0.1047
vn -0.0488 0.6243 -0.7797
vn 0.3416 -0.7916 -0.5067
vn -0.1518 0.9727 0.1757
vn 0.7810 -0.6074 -0.1450
vn -0.4510 -0.4454 0.7734
vn -0.2725 -0.3451 -0.8982
vn -0.8205 0.4534 0.3482
vn -0.3156 -0.1036 -0.9432
vn -0.0052 -0.9939 0.1098
vn -0.0219 0.4444 0.8955
vn -0.5318 0.2597 -0.8061
vn -0.0269 -0.8248 0.5648
vn -0.5865 0.8098 0.0164
vn -0.3935 0.7870 0.4751
vn -0.0111 0.4610 0.8873
vn -0.5766 0.7831 0.2329
vn 0.7991 -0.2023 -0.5662
vn 0.7033 0.5415 -0.4607
vn 0.2807 0.5063 0.8154
s 1
usemtl wire_087224198
f 948//1 721//2 680//3
f 46//4 367//5 527//6
f 260//7 846//8 186//9
f 442//10 483//11 4//12
f 251//13 439//14 8//15
f 901//16 815//17 13//18
f 181//19 969//20 330//21
f 254//22 979//23 556//24
f 436//25 399//26 117//27
f 396//28 58//29 254//22
f 668//30 752//31 543//32
f 480//33 418//34 485//35
f 325//36 130//37 179//38
f 18//39 774//40 455//41
f 247//42 893//43 978//44
f 247//42 47//45 363//46
f 908//47 287//48 544//49
f 866//50 115//51 347//52
f 27//53 800//54 514//55
f 130//37 704//56 319//57
f 256//58 433//59 122//60
f 254//22 147//61 979//23
f 61//62 20//63 343//64
f 234//65 63//66 485//35
f 66//67 67//68 464//69
f 112//70 70//71 69//72
f 679//73 245//74 29//75
f 220//76 68//77 222//78
f 790//79 157//80 589//81
f 83//82 458//83 63//66
f 666//84 458//83 85//85
f 28//86 579//87 92//88
f 244//89 354//90 113//91
f 224//92 915//93 489//94
f 438//95 97//96 564//97
f 503//98 629//99 997//100
f 655//101 963//102 405//103
f 750//104 162//105 835//106
f 24//107 545//108 463//109
f 265//110 119//111 955//112
f 124//113 664//114 499//115
f 810//116 987//117 956//118
f 127//119 387//120 267//121
f 573//122 73//123 160//124
f 504//125 155//126 486//127
f 212//128 135//129 134//130
f 225//131 135//129 866//50
f 140//132 959//133 419//134
f 704//56 143//135 318//136
f 70//71 939//137 381//138
f 435//139 161//140 199//141
f 578//142 551//143 933//144
f 820//145 882//146 790//79
f 162//105 750//104 732//147
f 61//62 62//148 73//123
f 492//149 335//150 169//151
f 303//152 470//153 198//154
f 6//155 126//156 173//157
f 84//158 373//159 728//160
f 687//161 449//162 674//163
f 359//164 81//165 581//166
f 175//167 25//168 154//169
f 509//170 687//161 533//171
f 160//124 238//172 161//140
f 201//173 287//48 794//174
f 204//175 572//176 91//177
f 386//178 841//179 205//180
f 557//181 396//28 254//22
f 192//182 210//183 126//156
f 855//184 187//185 702//186
f 128//187 427//188 76//189
f 215//190 142//191 5//192
f 696//193 872//194 477//195
f 595//196 294//197 382//198
f 709//199 626//200 21//201
f 553//202 235//203 195//204
f 240//205 874//206 142//191
f 833//207 829//208 17//209
f 375//210 42//211 357//212
f 494//213 116//214 934//215
f 465//216 716//217 356//218
f 260//7 848//219 19//220
f 448//221 906//222 261//223
f 83//82 39//224 731//225
f 551//143 286//226 703//227
f 254//22 58//29 829//208
f 115//51 295//228 305//229
f 35//230 214//231 296//232
f 205//180 90//233 298//234
f 623//235 562//236 631//237
f 330//21 312//238 311//239
f 44//240 329//241 261//223
f 330//21 398//242 312//238
f 277//243 46//4 276//244
f 949//245 869//246 332//247
f 176//248 113//91 714//249
f 678//250 346//251 446//252
f 440//253 945//254 746//255
f 349//256 706//257 189//258
f 770//259 107//260 251//13
f 125//261 375//210 730//262
f 730//262 360//263 404//264
f 375//210 124//113 42//211
f 141//265 888//266 231//267
f 41//268 122//60 59//269
f 70//71 381//138 169//151
f 174//270 209//271 383//272
f 208//273 343//64 209//271
f 345//274 650//275 683//276
f 363//46 384//277 246//278
f 734//279 922//280 547//281
f 389//282 402//283 998//284
f 866//50 114//285 238//172
f 854//286 584//287 478//288
f 734//279 120//289 11//290
f 109//291 977//292 120//289
f 967//293 877//294 356//218
f 1000//295 554//296 124//113
f 496//297 785//298 257//299
f 14//300 908//47 67//68
f 785//298 147//61 829//208
f 668//30 717//301 559//302
f 20//63 713//303 608//304
f 723//305 183//306 42//211
f 94//307 151//308 75//309
f 77//310 271//311 272//312
f 882//146 883//313 444//314
f 648//315 851//316 899//317
f 592//318 14//300 15//319
f 447//320 788//321 446//252
f 447//320 973//322 788//321
f 458//83 83//82 87//323
f 287//48 908//47 288//324
f 230//325 97//96 204//175
f 223//326 16//327 38//328
f 55//329 224//92 467//330
f 778//331 820//145 809//332
f 171//333 625//334 303//152
f 230//325 204//175 91//177
f 324//335 325//36 179//38
f 5//192 248//336 178//337
f 927//338 316//339 9//340
f 890//341 163//342 165//343
f 658//344 930//345 774//40
f 68//77 69//72 216//346
f 909//347 952//348 313//349
f 166//350 660//351 382//198
f 600//352 722//353 78//354
f 253//355 622//356 459//357
f 872//194 593//358 477//195
f 397//359 41//268 153//360
f 828//361 118//362 154//169
f 488//363 355//364 219//365
f 155//126 339//366 221//367
f 428//368 780//369 131//370
f 310//371 682//372 968//373
f 253//355 700//374 108//375
f 912//376 310//371 307//377
f 5//192 178//337 868//378
f 261//223 193//379 121//380
f 343//64 6//155 60//381
f 152//382 988//383 611//384
f 523//385 184//386 531//387
f 338//388 183//306 523//385
f 428//368 891//389 826//390
f 29//75 423//391 679//73
f 548//392 351//393 176//248
f 487//394 142//191 215//190
f 452//395 370//396 371//397
f 534//398 538//399 535//400
f 84//158 83//82 474//401
f 588//402 601//403 546//404
f 547//281 186//9 71//405
f 671//406 487//394 944//407
f 15//319 549//408 331//409
f 777//410 993//411 914//412
f 321//413 658//344 402//283
f 493//414 643//415 619//416
f 554//296 614//417 490//418
f 554//296 1000//295 614//417
f 674//163 996//419 156//420
f 799//421 292//422 947//423
f 248//336 658//344 388//424
f 853//425 732//147 467//330
f 35//230 337//426 214//231
f 243//427 795//428 560//429
f 240//205 408//430 96//431
f 671//406 563//432 408//430
f 571//433 689//434 775//435
f 950//436 801//437 707//438
f 402//283 389//282 954//439
f 18//39 26//440 774//40
f 576//441 937//442 863//443
f 300//444 355//364 562//236
f 579//87 280//445 281//446
f 657//447 579//87 580//448
f 886//449 582//450 678//250
f 841//179 468//451 469//452
f 713//303 20//63 144//453
f 392//454 414//455 50//456
f 237//457 199//141 583//458
f 945//254 887//459 746//255
f 916//460 579//87 924//461
f 476//462 590//463 49//464
f 845//465 896//466 932//467
f 268//468 211//469 662//470
f 966//471 936//472 593//358
f 286//226 551//143 594//473
f 617//474 904//475 94//307
f 395//476 557//181 843//477
f 177//478 818//479 819//480
f 177//478 273//481 582//450
f 886//449 818//479 177//478
f 563//432 348//482 282//483
f 822//484 842//485 394//486
f 599//487 229//488 522//489
f 326//490 739//491 729//492
f 809//332 941//493 93//494
f 348//482 889//495 785//298
f 469//452 767//496 90//233
f 311//239 312//238 258//497
f 734//279 11//290 620//498
f 319//57 704//56 318//136
f 553//202 756//499 876//500
f 324//335 179//38 103//501
f 761//502 760//503 106//504
f 462//505 599//487 522//489
f 24//107 526//506 522//489
f 415//507 118//362 401//508
f 858//509 406//510 253//355
f 837//511 289//512 645//513
f 694//514 279//515 489//94
f 598//516 563//432 944//407
f 118//362 175//167 154//169
f 646//517 866//50 226//518
f 466//519 465//216 398//242
f 417//520 271//311 410//521
f 922//280 620//498 898//522
f 651//523 898//522 744//524
f 216//346 217//525 222//78
f 657//447 580//448 879//526
f 637//527 150//528 532//529
f 869//246 247//42 44//240
f 667//530 758//531 242//532
f 427//188 127//119 267//121
f 88//533 458//83 87//323
f 86//534 87//323 83//82
f 87//323 86//534 85//85
f 670//535 669//536 88//533
f 599//487 635//537 690//538
f 132//539 418//34 919//540
f 969//20 787//541 861//542
f 773//543 673//544 342//545
f 212//128 134//130 211//469
f 355//364 488//363 207//546
f 946//547 264//548 368//549
f 662//470 65//550 519//551
f 298//234 821//552 8//15
f 997//100 214//231 159//553
f 158//554 414//455 392//454
f 687//161 674//163 676//555
f 190//556 617//474 94//307
f 298//234 8//15 439//14
f 60//381 128//187 76//189
f 927//338 696//193 677//557
f 699//558 202//559 604//560
f 117//27 223//326 733//561
f 514//55 579//87 513//562
f 103//501 269//563 40//564
f 911//565 984//566 904//475
f 21//201 618//567 709//199
f 416//568 118//362 415//507
f 252//569 830//570 788//321
f 233//571 929//572 473//573
f 794//174 106//504 718//574
f 856//575 933//144 703//227
f 714//249 113//91 354//90
f 221//367 974//576 155//126
f 96//431 7//577 918//578
f 406//510 858//509 441//579
f 243//427 95//580 697//581
f 340//582 418//34 480//33
f 529//583 239//584 240//205
f 194//585 876//500 302//586
f 986//587 422//588 997//100
f 402//283 719//589 321//413
f 982//590 376//591 721//2
f 71//405 170//592 801//437
f 176//248 472//593 817//594
f 960//595 82//596 14//300
f 656//597 138//598 139//599
f 678//250 582//450 470//153
f 484//600 715//601 211//469
f 733//561 136//602 401//508
f 420//603 123//604 698//605
f 788//321 830//570 191//606
f 232//607 584//287 62//148
f 184//386 530//608 531//387
f 184//386 192//182 530//608
f 144//453 20//63 445//609
f 281//446 467//330 579//87
f 605//610 797//611 740//612
f 903//613 564//97 97//96
f 173//157 301//614 427//188
f 114//285 866//50 347//52
f 584//287 73//123 62//148
f 394//486 425//615 822//484
f 425//615 394//486 159//553
f 205//180 230//325 572//176
f 370//396 452//395 497//616
f 98//617 383//272 209//271
f 211//469 219//365 484//600
f 23//618 963//102 815//17
f 555//619 193//379 384//277
f 300//444 601//403 934//215
f 999//620 687//161 509//170
f 761//502 921//621 3//622
f 869//246 44//240 332//247
f 96//431 282//483 833//207
f 172//623 260//7 897//624
f 450//625 361//626 195//204
f 486//127 578//142 873//627
f 414//455 137//628 607//629
f 95//580 701//630 190//556
f 729//492 945//254 326//490
f 641//631 971//632 527//6
f 939//137 70//71 856//575
f 769//633 352//634 997//100
f 769//633 997//100 991//635
f 568//636 773//543 342//545
f 468//451 386//178 847//637
f 772//638 844//639 261//223
f 415//507 401//508 136//602
f 263//640 54//641 216//346
f 438//95 691//642 97//96
f 729//492 137//628 158//554
f 348//482 563//432 598//516
f 381//138 505//643 506//644
f 498//645 689//434 2//646
f 444//314 157//80 790//79
f 984//566 748//647 747//648
f 683//276 385//649 765//650
f 41//268 397//359 822//484
f 33//651 124//113 603//652
f 768//653 224//92 489//94
f 250//654 482//655 596//656
f 441//579 459//357 284//657
f 561//658 795//428 45//659
f 798//660 799//421 549//408
f 768//653 489//94 162//105
f 450//625 235//203 194//585
f 253//355 459//357 858//509
f 232//607 451//661 507//662
f 336//663 461//664 586//665
f 528//666 530//608 43//667
f 609//668 250//654 380//669
f 549//408 228//670 798//660
f 990//671 872//194 639//672
f 996//419 907//673 565//674
f 814//675 156//420 996//419
f 166//350 294//197 424//676
f 668//30 278//677 379//678
f 438//95 266//679 387//120
f 311//239 181//19 330//21
f 520//680 662//470 519//551
f 566//681 429//682 695//683
f 149//684 161//140 435//139
f 428//368 822//484 780//369
f 428//368 793//685 822//484
f 503//98 352//634 823//686
f 994//687 892//688 872//194
f 528//666 608//304 649//689
f 192//182 184//386 460//690
f 58//29 17//209 829//208
f 886//449 859//691 632//692
f 602//693 708//694 320//695
f 198//154 273//481 574//696
f 418//34 148//697 919//540
f 478//288 99//698 926//699
f 416//568 317//700 175//167
f 605//610 38//328 955//112
f 941//493 47//45 247//42
f 21//201 626//200 350//701
f 368//549 150//528 257//299
f 180//702 258//497 981//703
f 589//81 536//704 82//596
f 606//705 636//706 426//707
f 653//708 823//686 836//709
f 652//710 462//505 545//108
f 146//711 766//712 767//496
f 646//517 786//713 962//714
f 498//645 190//556 75//309
f 413//715 865//716 27//53
f 439//14 251//13 107//260
f 439//14 107//260 623//235
f 7//577 251//13 918//578
f 688//717 192//182 6//155
f 221//367 339//366 81//165
f 986//587 997//100 629//99
f 694//514 489//94 45//659
f 512//718 518//719 514//55
f 915//93 971//632 710//720
f 813//721 792//722 958//723
f 908//47 965//724 288//324
f 216//346 54//641 217//525
f 80//725 778//331 328//726
f 624//727 943//728 508//729
f 739//491 326//490 738//730
f 203//731 65//550 662//470
f 776//732 471//733 702//186
f 366//734 941//493 809//332
f 808//735 686//736 728//160
f 131//370 846//8 891//389
f 676//555 850//737 535//400
f 297//738 170//592 345//274
f 13//18 23//618 901//16
f 466//519 864//739 465//216
f 716//217 597//740 957//741
f 967//293 980//742 133//743
f 967//293 957//741 980//742
f 269//563 920//744 532//529
f 720//745 823//686 481//746
f 459//357 441//579 858//509
f 685//747 550//748 890//341
f 409//749 129//750 946//547
f 139//599 36//751 325//36
f 427//188 128//187 173//157
f 433//59 568//636 122//60
f 200//752 611//384 754//753
f 200//752 771//754 611//384
f 270//755 639//672 872//194
f 421//756 112//70 873//627
f 945//254 440//253 542//757
f 442//10 4//12 632//692
f 877//294 639//672 356//218
f 693//758 912//376 307//377
f 15//319 536//704 228//670
f 302//586 876//500 756//499
f 914//412 181//19 180//702
f 143//135 594//473 373//159
f 280//445 277//243 281//446
f 842//485 430//759 394//486
f 11//290 747//648 620//498
f 663//760 320//695 614//417
f 959//133 120//289 419//134
f 975//761 882//146 820//145
f 603//652 956//118 792//722
f 989//762 37//763 884//764
f 197//765 965//724 331//409
f 502//766 220//76 815//17
f 998//284 658//344 389//282
f 497//616 855//184 471//733
f 909//347 624//727 508//729
f 108//375 283//767 437//768
f 558//769 468//451 723//305
f 104//770 524//771 191//606
f 374//772 752//31 894//773
f 276//244 46//4 194//585
f 217//525 619//416 643//415
f 231//267 895//774 141//265
f 545//108 512//718 652//710
f 193//379 633//775 121//380
f 186//9 897//624 260//7
f 69//72 335//150 54//641
f 864//739 725//776 465//216
f 184//386 523//385 183//306
f 744//524 898//522 748//647
f 110//777 109//291 120//289
f 561//658 376//591 982//590
f 987//117 453//778 958//723
f 316//339 49//464 10//779
f 114//285 115//51 305//229
f 697//581 570//780 243//427
f 467//330 879//526 580//448
f 467//330 732//147 879//526
f 196//781 234//65 233//571
f 628//782 720//745 278//677
f 46//4 928//783 367//5
f 356//218 639//672 26//440
f 369//784 743//785 902//786
f 539//787 535//400 538//399
f 537//788 539//787 905//789
f 873//627 578//142 933//144
f 441//579 587//790 442//10
f 925//791 470//153 625//334
f 642//792 55//329 276//244
f 616//793 89//794 804//795
f 158//554 392//454 729//492
f 264//548 150//528 368//549
f 264//548 391//796 150//528
f 506//644 626//200 807//797
f 305//229 304//798 237//457
f 861//542 398//242 834//799
f 779//800 521//801 31//802
f 995//803 648//315 899//317
f 252//569 788//321 973//322
f 113//91 176//248 817//594
f 797//611 64//804 740//612
f 485//35 233//571 234//65
f 65//550 203//731 434//805
f 692//806 140//132 379//678
f 37//763 989//762 479//807
f 202//559 699//558 215//190
f 74//808 259//809 390//810
f 58//29 396//28 171//333
f 99//698 478//288 232//607
f 788//321 524//771 446//252
f 637//527 496//297 150//528
f 467//330 224//92 853//425
f 293//811 517//812 516//813
f 480//33 458//83 666//84
f 260//7 19//220 846//8
f 181//19 311//239 180//702
f 587//790 763//814 825//815
f 548//392 176//248 627//816
f 34//817 140//132 419//134
f 635//537 587//790 284//657
f 757//818 196//781 920//744
f 750//104 865//716 413//715
f 391//796 185//819 412//820
f 892//688 994//687 987//117
f 71//405 782//821 547//281
f 361//626 595//196 382//198
f 65//550 144//453 519//551
f 512//718 92//88 518//719
f 715//601 662//470 211//469
f 284//657 459//357 622//356
f 334//822 454//823 393//824
f 610//825 612//826 152//382
f 476//462 677//557 634//827
f 476//462 927//338 677//557
f 196//781 473//573 111//828
f 898//522 651//523 922//280
f 409//749 939//137 704//56
f 550//748 777//410 870//829
f 961//830 887//459 308//831
f 612//826 610//825 125//261
f 2//646 95//580 498//645
f 502//766 630//832 220//76
f 293//811 96//431 918//578
f 23//618 815//17 901//16
f 477//195 593//358 936//472
f 645//513 923//833 24//107
f 98//617 60//381 99//698
f 129//750 409//749 704//56
f 9//340 316//339 664//114
f 992//834 966//471 593//358
f 827//835 376//591 377//836
f 440//253 912//376 885//837
f 371//397 380//669 784//838
f 108//375 700//374 837//511
f 712//839 716//217 725//776
f 514//55 92//88 579//87
f 613//840 711//841 890//341
f 665//842 109//291 122//60
f 665//842 824//843 109//291
f 820//145 651//523 975//761
f 90//233 205//180 299//844
f 817//594 791//845 113//91
f 960//595 344//846 1//847
f 632//692 859//691 442//10
f 740//612 145//848 416//568
f 925//791 396//28 942//849
f 600//352 22//850 722//353
f 945//254 182//851 887//459
f 4//12 544//49 201//173
f 188//852 715//601 860//853
f 533//171 534//398 576//441
f 849//854 354//90 868//378
f 371//397 434//805 452//395
f 678//250 104//770 859//691
f 973//322 843//477 206//855
f 304//798 662//470 520//680
f 160//124 161//140 149//684
f 322//856 695//683 429//682
f 23//618 244//89 113//91
f 699//558 400//857 759//858
f 614//417 152//382 867//859
f 714//249 354//90 849//854
f 196//781 233//571 473//573
f 585//860 867//859 852//861
f 174//270 456//862 208//273
f 174//270 208//273 209//271
f 766//712 90//233 767//496
f 264//548 946//547 185//819
f 337//426 34//817 159//553
f 432//863 138//598 656//597
f 24//107 512//718 545//108
f 24//107 92//88 512//718
f 782//821 707//438 547//281
f 723//305 499//115 558//769
f 198//154 582//450 273//481
f 829//208 833//207 785//298
f 730//262 375//210 357//212
f 535//400 539//787 537//788
f 905//789 538//399 537//788
f 781//864 535//400 537//788
f 354//90 5//192 868//378
f 969//20 834//799 330//21
f 762//865 293//811 516//813
f 390//810 259//809 520//680
f 953//866 500//867 924//461
f 891//389 846//8 832//868
f 340//582 840//869 148//697
f 48//870 711//841 644//871
f 305//229 237//457 238//172
f 182//851 945//254 392//454
f 683//276 684//872 385//649
f 652//710 512//718 514//55
f 847//637 723//305 468//451
f 150//528 391//796 29//75
f 800//54 865//716 960//595
f 831//873 129//750 36//751
f 324//335 586//665 139//599
f 961//830 308//831 310//371
f 686//736 647//874 804//795
f 731//225 103//501 102//875
f 99//698 60//381 511//876
f 252//569 973//322 871//877
f 857//878 12//879 840//869
f 598//516 802//880 699//558
f 918//578 275//881 880//882
f 501//883 251//13 546//404
f 91//177 572//176 230//325
f 137//628 729//492 312//238
f 664//114 124//113 33//651
f 605//610 955//112 119//111
f 248//336 388//424 79//884
f 33//651 603//652 813//721
f 329//241 44//240 844//639
f 350//701 505//643 21//201
f 327//885 449//162 999//620
f 957//741 356//218 716//217
f 824//843 977//292 109//291
f 573//122 74//808 73//123
f 331//409 965//724 908//47
f 668//30 559//302 278//677
f 704//56 703//227 286//226
f 673//544 170//592 457//886
f 343//64 60//381 209//271
f 972//887 431//888 976//889
f 278//677 640//890 379//678
f 355//364 300//444 178//337
f 3//622 857//878 615//891
f 809//332 820//145 790//79
f 938//892 764//893 894//773
f 739//491 312//238 729//492
f 407//894 859//691 104//770
f 675//895 674//163 156//420
f 63//66 458//83 485//35
f 605//610 223//326 38//328
f 78//354 226//518 160//124
f 805//896 900//897 913//898
f 648//315 995//803 674//163
f 808//735 974//576 647//874
f 22//850 76//189 838//899
f 22//850 372//900 76//189
f 657//447 513//562 579//87
f 541//901 540//902 745//903
f 454//823 443//904 776//732
f 764//893 422//588 374//772
f 192//182 126//156 6//155
f 389//282 142//191 954//439
f 212//128 211//469 115//51
f 682//372 321//413 719//589
f 842//485 429//682 430//759
f 569//905 89//794 840//869
f 800//54 960//595 825//815
f 735//906 497//616 471//733
f 857//878 840//869 89//794
f 93//494 44//240 906//222
f 655//101 502//766 963//102
f 533//171 576//441 94//307
f 252//569 871//877 700//374
f 622//356 108//375 437//768
f 36//751 129//750 130//37
f 298//234 838//899 230//325
f 3//622 940//907 761//502
f 361//626 450//625 595//196
f 18//39 515//908 182//851
f 844//639 246//278 261//223
f 456//862 362//909 208//273
f 435//139 304//798 520//680
f 84//158 728//160 666//84
f 813//721 603//652 792//722
f 875//910 880//882 275//881
f 460//690 803//911 192//182
f 465//216 356//218 607//629
f 461//664 40//564 656//597
f 885//837 878//912 31//802
f 93//494 290//913 809//332
f 408//430 529//583 671//406
f 419//134 698//605 34//817
f 17//209 351//393 548//392
f 989//762 289//512 479//807
f 743//785 369//784 990//671
f 133//743 369//784 877//294
f 454//823 702//186 393//824
f 432//863 679//73 30//914
f 443//904 404//264 360//263
f 815//17 963//102 502//766
f 616//793 647//874 106//504
f 83//82 731//225 474//401
f 252//569 72//915 407//894
f 608//304 43//667 688//717
f 342//545 673//544 457//886
f 439//14 285//916 298//234
f 961//830 912//376 746//255
f 3//622 525//917 965//724
f 550//748 870//829 738//730
f 702//186 471//733 855//184
f 124//113 200//752 1000//295
f 220//76 353//918 13//18
f 826//390 891//389 832//868
f 265//110 151//308 948//1
f 772//638 329//241 844//639
f 597//740 796//919 957//741
f 323//920 54//641 335//150
f 486//127 155//126 578//142
f 222//78 217//525 643//415
f 511//876 931//921 926//699
f 980//742 712//839 725//776
f 37//763 742//922 197//765
f 760//503 940//907 616//793
f 805//896 37//763 871//877
f 774//40 930//345 552//923
f 675//895 349//256 935//924
f 935//924 349//256 676//555
f 505//643 381//138 409//749
f 740//612 64//804 145//848
f 526//506 462//505 522//489
f 129//750 185//819 946//547
f 634//827 677//557 249//925
f 7//577 494//213 251//13
f 31//802 741//926 885//837
f 82//596 366//734 790//79
f 455//41 308//831 515//908
f 781//864 533//171 676//555
f 957//741 967//293 356//218
f 565//674 695//683 706//257
f 651//523 820//145 778//331
f 734//279 110//777 120//289
f 84//158 666//84 85//85
f 491//927 661//928 52//929
f 307//377 968//373 970//930
f 718//574 201//173 794//174
f 956//118 57//931 860//853
f 124//113 499//115 42//211
f 241//932 708//694 602//693
f 672//933 521//801 779//800
f 822//484 793//685 842//485
f 890//341 738//730 163//342
f 741//926 31//802 163//342
f 402//283 658//344 998//284
f 304//798 305//229 268//468
f 374//772 422//588 755//934
f 428//368 826//390 972//887
f 303//152 625//334 470//153
f 763//814 635//537 462//505
f 58//29 171//333 351//393
f 523//385 596//656 338//388
f 900//897 973//322 206//855
f 726//935 315//936 475//937
f 461//664 336//663 40//564
f 191//606 830//570 104//770
f 495//938 296//232 938//892
f 968//373 307//377 310//371
f 747//648 11//290 692//806
f 256//58 109//291 624//727
f 161//140 583//458 199//141
f 80//725 186//9 778//331
f 472//593 303//152 817//594
f 588//402 934//215 601//403
f 951//939 836//709 823//686
f 932//467 337//426 845//465
f 291//940 915//93 710//720
f 308//831 887//459 182//851
f 403//941 146//711 469//452
f 831//873 36//751 139//599
f 218//942 207//546 488//363
f 63//66 234//65 757//818
f 639//672 902//786 743//785
f 648//315 327//885 653//708
f 902//786 877//294 369//784
f 828//361 401//508 118//362
f 747//648 509//170 904//475
f 892//688 567//943 270//755
f 75//309 16//327 775//435
f 627//816 116//214 494//213
f 852//861 612//826 125//261
f 367//5 928//783 895//774
f 751//944 696//193 9//340
f 389//282 248//336 5//192
f 928//783 721//2 749//945
f 202//559 807//797 604//560
f 832//868 19//220 431//888
f 19//220 832//868 846//8
f 621//946 663//760 575//947
f 468//451 558//769 636//706
f 947//423 292//422 923//833
f 50//456 182//851 392//454
f 881//948 323//920 619//416
f 554//296 490//418 956//118
f 463//109 526//506 24//107
f 189//258 695//683 541//901
f 468//451 841//179 386//178
f 320//695 621//946 602//693
f 51//949 155//126 504//125
f 334//822 393//824 187//185
f 560//429 795//428 56//950
f 981//703 258//497 312//238
f 880//882 875//910 606//705
f 163//342 262//951 49//464
f 559//302 628//782 278//677
f 198//154 817//594 303//152
f 247//42 274//952 44//240
f 937//442 19//220 848//219
f 842//485 540//902 322//856
f 366//734 809//332 790//79
f 92//88 24//107 923//833
f 134//130 488//363 219//365
f 168//953 737//954 969//20
f 684//872 650//275 170//592
f 761//502 106//504 794//174
f 730//262 454//823 125//261
f 377//836 291//940 827//835
f 480//33 485//35 458//83
f 412//820 423//391 391//796
f 310//371 308//831 309//955
f 406//510 72//915 253//355
f 320//695 57//931 956//118
f 172//623 53//956 848//219
f 847//637 387//120 127//119
f 765//650 385//649 256//58
f 555//619 364//957 510//958
f 411//959 493//414 654//960
f 618//567 889//495 348//482
f 900//897 148//697 913//898
f 430//759 429//682 566//681
f 962//714 786//713 225//131
f 762//865 240//205 293//811
f 399//26 16//327 223//326
f 624//727 110//777 943//728
f 552//923 658//344 321//413
f 819//480 647//874 974//576
f 759//858 618//567 348//482
f 749//945 895//774 928//783
f 554//296 603//652 124//113
f 996//419 430//759 566//681
f 907//673 996//419 566//681
f 866//50 135//129 212//128
f 678//250 446//252 524//771
f 247//42 869//246 949//245
f 78//354 160//124 372//900
f 389//282 658//344 248//336
f 519//551 390//810 520//680
f 56//950 280//445 916//460
f 188//852 855//184 497//616
f 497//616 735//906 255//961
f 448//221 261//223 633//775
f 916//460 280//445 579//87
f 431//888 826//390 832//868
f 102//875 319//57 474//401
f 443//904 360//263 727//962
f 50//456 414//455 607//629
f 775//435 436//25 242//532
f 148//697 418//34 340//582
f 343//64 20//63 688//717
f 247//42 363//46 274//952
f 621//946 320//695 663//760
f 240//205 762//865 874//206
f 511//876 926//699 99//698
f 345//274 765//650 909//347
f 502//766 655//101 630//832
f 337//426 932//467 34//817
f 835//106 162//105 758//531
f 679//73 423//391 30//914
f 556//24 132//539 306//963
f 584//287 511//876 60//381
f 132//539 919//540 306//963
f 979//23 496//297 638//964
f 974//576 578//142 155//126
f 449//162 687//161 999//620
f 581//166 81//165 339//366
f 200//752 375//210 125//261
f 852//861 867//859 152//382
f 415//507 136//602 740//612
f 621//946 575//947 241//932
f 710//720 797//611 605//610
f 135//129 225//131 786//713
f 720//745 628//782 503//98
f 163//342 738//730 542//757
f 243//427 681//965 95//580
f 243//427 500//867 681//965
f 475//937 314//966 726//935
f 552//923 455//41 774//40
f 501//883 358//967 770//259
f 506//644 169//151 381//138
f 440//253 885//837 741//926
f 202//559 654//960 169//151
f 202//559 353//918 654//960
f 365//968 661//928 117//27
f 145//848 641//631 231//267
f 240//205 142//191 529//583
f 231//267 888//266 53//956
f 626//200 709//199 807//797
f 308//831 182//851 515//908
f 984//566 911//565 227//969
f 724//970 864//739 168//953
f 344//846 835//106 1//847
f 100//971 273//481 177//478
f 73//123 372//900 160//124
f 296//232 214//231 422//588
f 927//338 476//462 316//339
f 451//661 232//607 62//148
f 141//265 917//972 863//443
f 455//41 309//955 308//831
f 744//524 882//146 975//761
f 462//505 213//973 763//814
f 141//265 895//774 749//945
f 849//854 176//248 714//249
f 573//122 259//809 74//808
f 232//607 478//288 584//287
f 737//954 168//953 787//541
f 78//354 631//237 562//236
f 604//560 807//797 709//199
f 804//795 89//794 569//905
f 938//892 422//588 764//893
f 880//882 606//705 426//707
f 266//679 564//97 76//189
f 30//914 412//820 831//873
f 976//889 576//441 745//903
f 989//762 884//764 289//512
f 692//806 640//890 659//974
f 250//654 596//656 531//387
f 701//630 95//580 681//965
f 808//735 647//874 686//736
f 127//119 427//188 803//911
f 316//339 476//462 49//464
f 326//490 105//975 738//730
f 508//729 314//966 313//349
f 991//635 851//316 951//939
f 578//142 974//576 808//735
f 100//971 81//165 273//481
f 953//866 798//660 227//969
f 981//703 738//730 870//829
f 21//201 946//547 368//549
f 996//419 995//803 899//317
f 92//88 923//833 28//86
f 799//421 924//461 292//422
f 201//173 632//692 4//12
f 413//715 879//526 750//104
f 331//409 884//764 197//765
f 592//318 331//409 908//47
f 460//690 184//386 183//306
f 953//866 681//965 500//867
f 190//556 904//475 617//474
f 163//342 753//976 644//871
f 108//375 837//511 229//488
f 705//977 985//978 966//471
f 477//195 936//472 249//925
f 129//750 831//873 185//819
f 344//846 750//104 835//106
f 410//521 77//310 660//351
f 449//162 327//885 648//315
f 768//653 162//105 732//147
f 620//498 747//648 748//647
f 934//215 627//816 849//854
f 204//175 97//96 691//642
f 390//810 519//551 74//808
f 378//979 656//597 40//564
f 501//883 546//404 601//403
f 922//280 651//523 547//281
f 557//181 206//855 843//477
f 428//368 972//887 793//685
f 309//955 682//372 310//371
f 805//896 742//922 37//763
f 743//785 990//671 639//672
f 675//895 935//924 676//555
f 576//441 863//443 151//308
f 542//757 326//490 945//254
f 372//900 600//352 78//354
f 719//589 968//373 682//372
f 894//773 495//938 938//892
f 527//6 272//312 271//311
f 527//6 971//632 272//312
f 421//756 70//71 112//70
f 224//92 55//329 382//198
f 884//764 923//833 645//513
f 3//622 921//621 525//917
f 889//495 21//201 368//549
f 886//449 678//250 859//691
f 860//853 57//931 241//932
f 188//852 860//853 187//185
f 723//305 847//637 460//690
f 808//735 373//159 551//143
f 203//731 188//852 497//616
f 4//12 483//11 464//69
f 464//69 483//11 587//790
f 564//97 903//613 76//189
f 279//515 697//581 571//433
f 529//583 408//430 239//584
f 890//341 711//841 993//411
f 853//425 224//92 768//653
f 813//721 751//944 33//651
f 698//605 123//604 41//268
f 370//396 609//668 380//669
f 168//953 32//980 980//742
f 111//828 418//34 132//539
f 5//192 354//90 215//190
f 323//920 881//948 54//641
f 999//620 509//170 692//806
f 580//448 579//87 467//330
f 700//374 289//512 837//511
f 584//287 372//900 73//123
f 450//625 424//676 595//196
f 84//158 86//534 83//82
f 668//30 896//466 35//230
f 838//899 903//613 230//325
f 838//899 76//189 903//613
f 550//748 685//747 993//411
f 610//825 152//382 611//384
f 720//745 640//890 278//677
f 357//212 42//211 360//263
f 570//780 279//515 694//514
f 231//267 641//631 895//774
f 284//657 283//767 635//537
f 77//310 410//521 271//311
f 229//488 645//513 24//107
f 487//394 215//190 802//880
f 800//54 213//973 652//710
f 8//15 918//578 251//13
f 369//784 167//981 593//358
f 369//784 133//743 167//981
f 946//547 505//643 409//749
f 157//80 444//314 883//313
f 300//444 562//236 358//967
f 222//78 493//414 411//959
f 760//503 616//793 106//504
f 165//343 910//982 613//840
f 16//327 265//110 955//112
f 710//720 119//111 291//940
f 516//813 779//800 693//758
f 516//813 672//933 779//800
f 294//197 595//196 424//676
f 279//515 571//433 242//532
f 867//859 663//760 614//417
f 834//799 398//242 330//21
f 147//61 254//22 829//208
f 66//67 960//595 14//300
f 907//673 695//683 565//674
f 907//673 566//681 695//683
f 62//148 98//617 451//661
f 19//220 937//442 576//441
f 547//281 651//523 778//331
f 570//780 697//581 279//515
f 689//434 498//645 775//435
f 954//439 874//206 970//930
f 143//135 373//159 318//136
f 321//413 309//955 552//923
f 556//24 557//181 254//22
f 400//857 618//567 759//858
f 713//303 380//669 649//689
f 713//303 784//838 380//669
f 7//577 96//431 833//207
f 676//555 533//171 687//161
f 6//155 343//64 688//717
f 704//56 939//137 703//227
f 307//377 516//813 693//758
f 259//809 149//684 520//680
f 442//10 587//790 483//11
f 85//85 86//534 84//158
f 680//3 721//2 376//591
f 871//877 479//807 700//374
f 921//621 761//502 794//174
f 801//437 170//592 297//738
f 171//333 396//28 625//334
f 203//731 662//470 715//601
f 270//755 26//440 639//672
f 273//481 81//165 359//164
f 641//631 145//848 64//804
f 654//960 492//149 169//151
f 577//983 448//221 633//775
f 111//828 556//24 979//23
f 200//752 988//383 1000//295
f 726//935 943//728 110//777
f 634//827 644//871 164//984
f 759//858 348//482 598//516
f 672//933 806//985 426//707
f 210//183 803//911 126//156
f 401//508 510//958 733//561
f 668//30 379//678 896//466
f 64//804 797//611 971//632
f 242//532 491//927 667//530
f 127//119 460//690 847//637
f 509//170 94//307 904//475
f 125//261 610//825 200//752
f 629//99 628//782 559//302
f 499//115 10//779 558//769
f 636//706 558//769 10//779
f 245//74 378//979 40//564
f 469//452 468//451 403//941
f 79//884 178//337 248//336
f 201//173 718//574 818//479
f 484//600 860//853 715//601
f 667//530 491//927 47//45
f 238//172 237//457 583//458
f 433//59 773//543 568//636
f 976//889 745//903 972//887
f 399//26 223//326 117//27
f 600//352 372//900 22//850
f 763//814 587//790 635//537
f 222//78 68//77 216//346
f 84//158 318//136 373//159
f 658//344 774//40 388//424
f 680//3 827//835 948//1
f 973//322 900//897 805//896
f 605//610 119//111 710//720
f 749//945 721//2 917//972
f 51//949 339//366 155//126
f 541//901 534//398 535//400
f 760//503 761//502 940//907
f 686//736 569//905 728//160
f 609//668 370//396 497//616
f 405//103 963//102 791//845
f 493//414 222//78 643//415
f 332//247 893//43 949//245
f 878//912 885//837 693//758
f 22//850 838//899 285//916
f 672//933 636//706 262//951
f 163//342 644//871 910//982
f 79//884 388//424 26//440
f 290//913 328//726 809//332
f 705//977 167//981 48//870
f 425//615 159//553 698//605
f 980//742 167//981 133//743
f 773//543 433//59 170//592
f 207//546 226//518 562//236
f 79//884 219//365 355//364
f 800//54 825//815 213//973
f 369//784 872//194 990//671
f 104//770 678//250 524//771
f 492//149 493//414 839//986
f 282//483 96//431 408//430
f 283//767 108//375 229//488
f 469//452 146//711 767//496
f 769//633 991//635 951//939
f 672//933 516//813 517//812
f 141//265 937//442 888//266
f 380//669 250//654 649//689
f 185//819 391//796 264//548
f 246//278 844//639 274//952
f 315//936 736//987 297//738
f 930//345 658//344 552//923
f 37//763 479//807 871//877
f 616//793 615//891 857//878
f 914//412 32//980 181//19
f 800//54 27//53 865//716
f 691//642 386//178 204//175
f 213//973 462//505 652//710
f 798//660 953//866 924//461
f 513//562 27//53 514//55
f 982//590 56//950 795//428
f 620//498 816//988 734//279
f 718//574 819//480 818//479
f 632//692 818//479 886//449
f 382//198 302//586 361//626
f 269//563 731//225 39//224
f 93//494 332//247 44//240
f 12//879 913//898 148//697
f 419//134 120//289 977//292
f 750//104 344//846 865//716
f 510//958 364//957 365//968
f 293//811 240//205 96//431
f 594//473 551//143 373//159
f 765//650 345//274 683//276
f 494//213 546//404 251//13
f 67//68 66//67 14//300
f 186//9 846//8 71//405
f 103//501 179//38 102//875
f 192//182 688//717 43//667
f 553//202 194//585 235//203
f 468//451 636//706 403//941
f 567//943 810//116 956//118
f 281//446 277//243 276//244
f 490//418 320//695 956//118
f 152//382 612//826 852//861
f 366//734 82//596 1//847
f 917//972 151//308 863//443
f 824//843 665//842 977//292
f 195//204 756//499 553//202
f 12//879 148//697 840//869
f 925//791 346//251 678//250
f 906//222 290//913 93//494
f 266//679 438//95 564//97
f 914//412 48//870 167//981
f 141//265 863//443 937//442
f 266//679 76//189 267//121
f 245//74 532//529 29//75
f 973//322 805//896 871//877
f 547//281 778//331 186//9
f 531//387 596//656 523//385
f 777//410 981//703 870//829
f 189//258 850//737 349//256
f 251//13 501//883 770//259
f 513//562 657//447 879//526
f 698//605 419//134 420//603
f 781//864 676//555 535//400
f 78//354 562//236 226//518
f 621//946 241//932 602//693
f 353//918 202//559 215//190
f 3//622 965//724 857//878
f 597//740 716//217 712//839
f 843//477 973//322 447//320
f 709//199 618//567 400//857
f 608//304 528//666 43//667
f 260//7 172//623 848//219
f 470//153 925//791 678//250
f 630//832 655//101 51//949
f 717//301 629//99 559//302
f 227//969 911//565 701//630
f 729//492 392//454 945//254
f 588//402 494//213 934//215
f 142//191 487//394 529//583
f 518//719 92//88 514//55
f 9//340 664//114 33//651
f 434//805 203//731 452//395
f 315//936 547//281 736//987
f 439//14 623//235 285//916
f 432//863 245//74 679//73
f 609//668 255//961 482//655
f 758//531 489//94 279//515
f 26//440 219//365 79//884
f 10//779 262//951 636//706
f 939//137 409//749 381//138
f 71//405 153//360 59//269
f 98//617 507//662 451//661
f 633//775 193//379 577//983
f 101//989 974//576 221//367
f 61//62 73//123 74//808
f 701//630 681//965 227//969
f 971//632 915//93 272//312
f 547//281 707//438 736//987
f 262//951 31//802 521//801
f 262//951 163//342 31//802
f 646//517 225//131 866//50
f 846//8 131//370 71//405
f 625//334 396//28 925//791
f 812//990 317//700 172//623
f 816//988 620//498 922//280
f 645//513 229//488 837//511
f 589//81 157//80 783//991
f 68//77 112//70 69//72
f 93//494 893//43 332//247
f 150//528 496//297 257//299
f 343//64 208//273 61//62
f 203//731 497//616 452//395
f 62//148 208//273 362//909
f 156//420 811//992 565//674
f 63//66 920//744 39//224
f 740//612 136//602 605//610
f 134//130 219//365 211//469
f 959//133 11//290 120//289
f 731//225 102//875 474//401
f 354//90 244//89 215//190
f 333//993 585//860 334//822
f 720//745 481//746 640//890
f 30//914 423//391 412//820
f 914//412 711//841 48//870
f 164//984 590//463 476//462
f 604//560 400//857 699//558
f 211//469 295//228 115//51
f 221//367 177//478 101//989
f 100//971 177//478 221//367
f 145//848 317//700 416//568
f 653//708 836//709 648//315
f 386//178 572//176 204//175
f 298//234 90//233 766//712
f 591//994 753//976 163//342
f 122//60 109//291 256//58
f 63//66 39//224 83//82
f 168//953 969//20 32//980
f 270//755 219//365 26//440
f 690//538 283//767 229//488
f 457//886 170//592 59//269
f 111//828 929//572 418//34
f 17//209 548//392 627//816
f 407//894 789//995 252//569
f 35//230 896//466 845//465
f 187//185 860//853 241//932
f 996//419 997//100 430//759
f 510//958 401//508 828//361
f 228//670 983//996 984//566
f 524//771 788//321 191//606
f 910//982 165//343 163//342
f 147//61 496//297 979//23
f 593//358 167//981 992//834
f 8//15 766//712 146//711
f 605//610 136//602 223//326
f 728//160 373//159 808//735
f 492//149 654//960 493//414
f 510//958 117//27 733//561
f 892//688 987//117 567//943
f 884//764 645//513 289//512
f 849//854 627//816 176//248
f 300//444 358//967 601//403
f 277//243 280//445 56//950
f 762//865 970//930 874//206
f 799//421 798//660 924//461
f 790//79 589//81 82//596
f 806//985 880//882 426//707
f 463//109 545//108 462//505
f 134//130 218//942 488//363
f 40//564 532//529 245//74
f 291//940 45//659 915//93
f 904//475 701//630 911//565
f 914//412 993//411 711//841
f 631//237 722//353 285//916
f 294//197 166//350 382//198
f 563//432 671//406 944//407
f 619//416 217//525 54//641
f 119//111 265//110 948//1
f 263//640 69//72 54//641
f 775//435 16//327 399//26
f 262//951 521//801 672//933
f 982//590 795//428 561//658
f 646//517 207//546 786//713
f 753//976 164//984 644//871
f 749//945 917//972 141//265
f 471//733 776//732 735//906
f 906//222 44//240 261//223
f 466//519 398//242 861//542
f 693//758 885//837 912//376
f 323//920 964//997 493//414
f 754//753 988//383 200//752
f 804//795 647//874 616//793
f 372//900 60//381 76//189
f 336//663 586//665 324//335
f 438//95 386//178 691//642
f 975//761 651//523 744//524
f 454//823 404//264 443//904
f 443//904 727//962 255//961
f 484//600 219//365 270//755
f 732//147 853//425 768//653
f 423//391 29//75 391//796
f 484//600 270//755 860//853
f 372//900 584//287 60//381
f 914//412 180//702 981//703
f 444//314 790//79 882//146
f 941//493 247//42 978//44
f 751//944 813//721 958//723
f 119//111 948//1 827//835
f 909//347 297//738 345//274
f 326//490 542//757 105//975
f 954//439 970//930 719//589
f 684//872 170//592 433//59
f 64//804 971//632 641//631
f 179//38 319//57 102//875
f 924//461 500//867 916//460
f 573//122 149//684 259//809
f 615//891 616//793 940//907
f 328//726 25//168 80//725
f 328//726 290//913 25//168
f 995//803 996//419 674//163
f 648//315 674//163 449//162
f 631//237 78//354 722//353
f 779//800 878//912 693//758
f 229//488 24//107 522//489
f 271//311 46//4 527//6
f 896//466 379//678 932//467
f 850//737 676//555 349//256
f 668//30 35//230 894//773
f 21//201 889//495 618//567
f 942//849 447//320 925//791
f 164//984 753//976 591//994
f 718//574 647//874 819//480
f 718//574 106//504 647//874
f 421//756 933//144 856//575
f 591//994 49//464 590//463
f 569//905 840//869 341//998
f 53//956 888//266 848//219
f 780//369 153//360 131//370
f 75//309 775//435 498//645
f 640//890 692//806 379//678
f 620//498 748//647 898//522
f 282//483 348//482 785//298
f 825//815 66//67 464//69
f 65//550 434//805 371//397
f 876//500 194//585 553//202
f 598//516 699//558 759//858
f 849//854 868//378 300//444
f 636//706 606//705 875//910
f 424//676 450//625 194//585
f 139//599 586//665 461//664
f 755//934 986//587 717//301
f 335//150 839//986 323//920
f 882//146 748//647 883//313
f 312//238 398//242 137//628
f 680//3 376//591 827//835
f 156//420 565//674 675//895
f 576//441 151//308 94//307
f 908//47 544//49 67//68
f 550//748 993//411 777//410
f 636//706 672//933 426//707
f 12//879 742//922 913//898
f 674//163 675//895 676//555
f 494//213 588//402 546//404
f 972//887 826//390 431//888
f 684//872 433//59 385//649
f 396//28 395//476 942//849
f 505//643 946//547 21//201
f 319//57 179//38 130//37
f 637//527 196//781 638//964
f 285//916 623//235 631//237
f 644//871 613//840 910//982
f 116//214 627//816 934//215
f 267//121 387//120 266//679
f 275//881 403//941 875//910
f 306//963 557//181 556//24
f 663//760 334//822 575//947
f 663//760 333//993 334//822
f 207//546 646//517 226//518
f 448//221 555//619 828//361
f 417//520 410//521 660//351
f 297//738 314//966 475//937
f 297//738 909//347 314//966
f 387//120 847//637 438//95
f 93//494 941//493 978//44
f 122//60 123//604 665//842
f 367//5 895//774 527//6
f 386//178 205//180 572//176
f 41//268 425//615 698//605
f 244//89 23//618 13//18
f 315//936 297//738 475//937
f 37//763 197//765 884//764
f 806//985 672//933 517//812
f 968//373 719//589 970//930
f 952//348 508//729 313//349
f 331//409 592//318 15//319
f 976//889 431//888 19//220
f 337//426 35//230 845//465
f 857//878 965//724 12//879
f 762//865 516//813 307//377
f 289//512 700//374 479//807
f 669//536 87//323 85//85
f 93//494 978//44 893//43
f 642//792 302//586 55//329
f 924//461 579//87 28//86
f 118//362 416//568 175//167
f 696//193 477//195 677//557
f 154//169 906//222 828//361
f 195//204 361//626 756//499
f 173//157 128//187 6//155
f 980//742 957//741 862//999
f 148//697 900//897 206//855
f 861//542 834//799 969//20
f 701//630 904//475 190//556
f 122//60 457//886 59//269
f 972//887 540//902 842//485
f 960//595 66//67 825//815
f 263//640 216//346 69//72
f 240//205 239//584 408//430
f 540//902 695//683 322//856
f 916//460 500//867 243//427
f 144//453 784//838 713//303
f 295//228 211//469 268//468
f 713//303 649//689 608//304
f 448//221 828//361 906//222
f 99//698 507//662 98//617
f 365//968 52//929 661//928
f 88//533 87//323 670//535
f 88//533 85//85 458//83
f 88//533 669//536 85//85
f 257//299 889//495 368//549
f 152//382 614//417 1000//295
f 335//150 69//72 70//71
f 178//337 300//444 868//378
f 642//792 194//585 302//586
f 325//36 36//751 130//37
f 461//664 656//597 139//599
f 457//886 236//1000 568//636
f 611//384 771//754 610//825
f 997//100 422//588 214//231
f 508//729 952//348 909//347
f 850//737 189//258 535//400
f 305//229 295//228 268//468
f 430//759 997//100 394//486
f 490//418 614//417 320//695
f 757//818 234//65 196//781
f 573//122 160//124 149//684
f 17//209 627//816 494//213
f 213//973 825//815 763//814
f 402//283 954//439 719//589
f 420//603 977//292 123//604
f 789//995 407//894 830//570
f 70//71 421//756 856//575
f 909//347 313//349 314//966
f 315//936 726//935 110//777
f 581//166 339//366 51//949
f 777//410 914//412 981//703
f 717//301 668//30 543//32
f 569//905 686//736 804//795
f 407//894 72//915 406//510
f 235//203 450//625 195//204
f 8//15 403//941 275//881
f 111//828 132//539 556//24
f 117//27 510//958 365//968
f 71//405 801//437 782//821
f 16//327 75//309 265//110
f 633//775 261//223 121//380
f 363//46 246//278 274//952
f 887//459 961//830 746//255
f 297//738 736//987 801//437
f 1//847 667//530 366//734
f 1//847 835//106 667//530
f 655//101 581//166 51//949
f 432//863 30//914 138//598
f 144//453 65//550 784//838
f 192//182 803//911 210//183
f 883//313 748//647 157//80
f 996//419 899//317 997//100
f 360//263 255//961 727//962
f 62//148 362//909 383//272
f 279//515 242//532 758//531
f 629//99 717//301 986//587
f 797//611 710//720 971//632
f 783//991 983//996 589//81
f 126//156 301//614 173//157
f 923//833 292//422 28//86
f 228//670 984//566 798//660
f 212//128 115//51 866//50
f 534//398 533//171 781//864
f 70//71 169//151 335//150
f 243//427 694//514 795//428
f 335//150 492//149 839//986
f 926//699 931//921 854//286
f 866//50 238//172 226//518
f 436//25 775//435 399//26
f 932//467 379//678 140//132
f 220//76 630//832 68//77
f 949//245 893//43 247//42
f 169//151 807//797 202//559
f 18//39 455//41 515//908
f 177//478 819//480 101//989
f 57//931 708//694 241//932
f 463//109 462//505 526//506
f 496//297 637//527 638//964
f 253//355 72//915 252//569
f 736//987 707//438 801//437
f 582//450 886//449 177//478
f 752//31 755//934 543//32
f 117//27 661//928 436//25
f 269//563 532//529 40//564
f 703//227 933//144 551//143
f 661//928 491//927 242//532
f 966//471 985//978 634//827
f 464//69 544//49 4//12
f 456//862 174//270 362//909
f 446//252 346//251 447//320
f 864//739 724//970 725//776
f 395//476 396//28 557//181
f 440//253 741//926 542//757
f 364//957 384//277 363//46
f 874//206 954//439 142//191
f 443//904 255//961 776//732
f 609//668 497//616 255//961
f 755//934 422//588 986//587
f 258//497 180//702 311//239
f 918//578 8//15 275//881
f 133//743 877//294 967//293
f 892//688 270//755 872//194
f 894//773 764//893 374//772
f 585//860 852//861 125//261
f 752//31 668//30 894//773
f 82//596 960//595 1//847
f 33//651 751//944 9//340
f 200//752 610//825 771//754
f 276//244 55//329 281//446
f 928//783 46//4 277//243
f 807//797 169//151 506//644
f 507//662 99//698 232//607
f 241//932 334//822 187//185
f 638//964 111//828 979//23
f 613//840 644//871 711//841
f 748//647 882//146 744//524
f 947//423 549//408 799//421
f 748//647 983//996 157//80
f 582//450 198//154 470//153
f 894//773 35//230 296//232
f 128//187 60//381 6//155
f 167//981 705//977 992//834
f 780//369 397//359 153//360
f 908//47 14//300 592//318
f 499//115 723//305 42//211
f 420//603 419//134 977//292
f 988//383 152//382 1000//295
f 324//335 139//599 325//36
f 101//989 819//480 974//576
f 424//676 417//520 166//350
f 879//526 27//53 513//562
f 879//526 413//715 27//53
f 615//891 940//907 3//622
f 648//315 836//709 951//939
f 11//290 140//132 692//806
f 11//290 959//133 140//132
f 616//793 857//878 89//794
f 867//859 333//993 663//760
f 355//364 207//546 562//236
f 599//487 462//505 635//537
f 218//942 135//129 786//713
f 454//823 334//822 585//860
f 917//972 948//1 151//308
f 916//460 243//427 56//950
f 352//634 951//939 823//686
f 171//333 472//593 351//393
f 357//212 360//263 730//262
f 350//701 626//200 506//644
f 791//845 817//594 574//696
f 20//63 74//808 445//609
f 41//268 822//484 425//615
f 267//121 76//189 427//188
f 229//488 599//487 690//538
f 694//514 243//427 570//780
f 224//92 77//310 272//312
f 224//92 382//198 77//310
f 405//103 791//845 574//696
f 791//845 963//102 23//618
f 20//63 61//62 74//808
f 574//696 273//481 359//164
f 782//821 801//437 950//436
f 193//379 261//223 384//277
f 742//922 805//896 913//898
f 928//783 277//243 982//590
f 53//956 145//848 231//267
f 288//324 965//724 525//917
f 644//871 634//827 48//870
f 525//917 287//48 288//324
f 58//29 351//393 17//209
f 794//174 287//48 921//621
f 843//477 942//849 395//476
f 791//845 23//618 113//91
f 317//700 53//956 172//623
f 677//557 477//195 249//925
f 398//242 607//629 137//628
f 970//930 762//865 307//377
f 441//579 284//657 587//790
f 228//670 549//408 15//319
f 983//996 748//647 984//566
f 787//541 864//739 466//519
f 110//777 624//727 109//291
f 992//834 705//977 966//471
f 22//850 285//916 722//353
f 417//520 194//585 46//4
f 506//644 505//643 350//701
f 827//835 291//940 119//111
f 26//440 388//424 774//40
f 47//45 491//927 52//929
f 905//789 539//787 538//399
f 94//307 75//309 190//556
f 958//723 792//722 956//118
f 205//180 841//179 299//844
f 478//288 926//699 854//286
f 920//744 637//527 532//529
f 517//812 880//882 806//985
f 25//168 290//913 154//169
f 724//970 168//953 980//742
f 812//990 175//167 317//700
f 854//286 931//921 584//287
f 638//964 196//781 111//828
f 386//178 438//95 847//637
f 411//959 353//918 220//76
f 787//541 969//20 737//954
f 538//399 534//398 537//788
f 369//784 593//358 872//194
f 62//148 383//272 98//617
f 544//49 287//48 201//173
f 634//827 164//984 476//462
f 996//419 811//992 814//675
f 309//955 455//41 552//923
f 594//473 143//135 286//226
f 131//370 891//389 428//368
f 224//92 272//312 915//93
f 504//125 873//627 112//70
f 504//125 486//127 873//627
f 568//636 342//545 457//886
f 306//963 148//697 206//855
f 192//182 43//667 530//608
f 144//453 445//609 74//808
f 107//260 562//236 623//235
f 702//186 454//823 776//732
f 864//739 787//541 168//953
f 702//186 187//185 393//824
f 715//601 188//852 203//731
f 411//959 654//960 353//918
f 291//940 377//836 45//659
f 47//45 365//968 363//46
f 427//188 301//614 126//156
f 772//638 261//223 329//241
f 897//624 186//9 80//725
f 433//59 256//58 385//649
f 534//398 781//864 537//788
f 299//844 469//452 90//233
f 811//992 156//420 814//675
f 447//320 942//849 843//477
f 59//269 170//592 71//405
f 383//272 362//909 174//270
f 838//899 298//234 285//916
f 159//553 394//486 997//100
f 816//988 922//280 734//279
f 810//116 567//943 987//117
f 333//993 867//859 585//860
f 185//819 831//873 412//820
f 175//167 812//990 25//168
f 530//608 250//654 531//387
f 530//608 528//666 250//654
f 509//170 747//648 692//806
f 432//863 656//597 378//979
f 457//886 122//60 236//1000
f 12//879 965//724 742//922
f 29//75 532//529 150//528
f 454//823 585//860 125//261
f 358//967 107//260 770//259
f 634//827 249//925 936//472
f 603//652 554//296 956//118
f 241//932 575//947 334//822
f 356//218 26//440 18//39
f 269//563 103//501 731//225
f 802//880 598//516 944//407
f 265//110 75//309 151//308
f 705//977 48//870 634//827
f 765//650 624//727 909//347
f 41//268 123//604 122//60
f 653//708 327//885 659//974
f 509//170 533//171 94//307
f 765//650 256//58 624//727
f 529//583 487//394 671//406
f 969//20 181//19 32//980
f 712//839 862//999 796//919
f 712//839 980//742 862//999
f 53//956 317//700 145//848
f 157//80 983//996 783//991
f 732//147 750//104 879//526
f 576//441 976//889 19//220
f 318//136 84//158 474//401
f 45//659 489//94 915//93
f 221//367 81//165 100//971
f 704//56 286//226 143//135
f 778//331 809//332 328//726
f 282//483 785//298 833//207
f 167//981 980//742 914//412
f 576//441 534//398 745//903
f 347//52 115//51 114//285
f 261//223 246//278 384//277
f 536//704 983//996 228//670
f 114//285 305//229 238//172
f 964//997 839//986 493//414
f 112//70 51//949 504//125
f 112//70 630//832 51//949
f 569//905 666//84 728//160
f 331//409 549//408 947//423
f 17//209 7//577 833//207
f 17//209 494//213 7//577
f 61//62 208//273 62//148
f 877//294 902//786 639//672
f 15//319 82//596 536//704
f 706//257 349//256 675//895
f 912//376 440//253 746//255
f 485//35 929//572 233//571
f 485//35 418//34 929//572
f 206//855 557//181 306//963
f 417//520 660//351 166//350
f 472//593 171//333 303//152
f 571//433 775//435 242//532
f 194//585 417//520 424//676
f 189//258 541//901 535//400
f 899//317 851//316 991//635
f 652//710 514//55 800//54
f 46//4 271//311 417//520
f 698//605 159//553 34//817
f 59//269 153//360 41//268
f 831//873 138//598 30//914
f 980//742 725//776 724//970
f 163//342 49//464 591//994
f 828//361 555//619 510//958
f 692//806 327//885 999//620
f 56//950 982//590 277//243
f 5//192 142//191 389//282
f 795//428 694//514 45//659
f 223//326 136//602 733//561
f 782//821 950//436 707//438
f 480//33 666//84 341//998
f 705//977 634//827 985//978
f 811//992 996//419 565//674
f 697//581 2//646 689//434
f 904//475 984//566 747//648
f 378//979 245//74 432//863
f 441//579 442//10 859//691
f 358//967 501//883 601//403
f 304//798 435//139 199//141
f 337//426 159//553 214//231
f 951//939 352//634 769//633
f 956//118 860//853 567//943
f 581//166 405//103 359//164
f 227//969 681//965 953//866
f 659//974 481//746 653//708
f 296//232 495//938 894//773
f 735//906 776//732 255//961
f 884//764 947//423 923//833
f 697//581 95//580 2//646
f 52//929 365//968 47//45
f 655//101 405//103 581//166
f 103//501 40//564 336//663
f 661//928 242//532 436//25
f 190//556 498//645 95//580
f 398//242 465//216 607//629
f 472//593 176//248 351//393
f 839//986 964//997 323//920
f 555//619 384//277 364//957
f 284//657 437//768 283//767
f 528//666 649//689 250//654
f 802//880 215//190 699//558
f 244//89 13//18 353//918
f 474//401 319//57 318//136
f 482//655 360//263 42//211
f 198//154 574//696 817//594
f 542//757 741//926 163//342
f 613//840 890//341 165//343
f 697//581 689//434 571//433
f 667//530 835//106 758//531
f 611//384 988//383 754//753
f 563//432 282//483 408//430
f 18//39 50//456 607//629
f 182//851 50//456 18//39
f 534//398 541//901 745//903
f 667//530 941//493 366//734
f 447//320 346//251 925//791
f 635//537 283//767 690//538
f 243//427 560//429 56//950
f 253//355 108//375 622//356
f 684//872 683//276 650//275
f 825//815 464//69 587//790
f 32//980 914//412 980//742
f 669//536 670//535 87//323
f 723//305 460//690 183//306
f 932//467 140//132 34//817
f 848//219 888//266 937//442
f 752//31 374//772 755//934
f 153//360 71//405 131//370
f 632//692 201//173 818//479
f 375//210 200//752 124//113
f 422//588 938//892 296//232
f 353//918 215//190 244//89
f 730//262 404//264 454//823
f 823//686 653//708 481//746
f 934//215 849//854 300//444
f 20//63 608//304 688//717
f 943//728 726//935 508//729
f 257//299 785//298 889//495
f 628//782 629//99 503//98
f 520//680 149//684 435//139
f 42//211 183//306 338//388
f 411//959 220//76 222//78
f 421//756 873//627 933//144
f 982//590 721//2 928//783
f 738//730 981//703 739//491
f 13//18 815//17 220//76
f 646//517 962//714 225//131
f 695//683 540//902 541//901
f 188//852 187//185 855//184
f 984//566 227//969 798//660
f 650//275 345//274 170//592
f 466//519 861//542 787//541
f 997//100 352//634 503//98
f 903//613 97//96 230//325
f 862//999 957//741 796//919
f 299//844 841//179 469//452
f 830//570 407//894 104//770
f 884//764 331//409 947//423
f 405//103 574//696 359//164
f 659//974 327//885 692//806
f 662//470 304//798 268//468
f 111//828 473//573 929//572
f 987//117 958//723 956//118
f 98//617 209//271 60//381
f 482//655 255//961 360//263
f 666//84 569//905 341//998
f 536//704 589//81 983//996
f 785//298 496//297 147//61
f 14//300 82//596 15//319
f 899//317 991//635 997//100
f 708//694 57//931 320//695
f 322//856 429//682 842//485
f 921//621 287//48 525//917
f 403//941 8//15 146//711
f 55//329 302//586 382//198
f 872//194 696//193 751//944
f 751//944 994//687 872//194
f 503//98 823//686 720//745
f 10//779 49//464 262//951
f 831//873 139//599 138//598
f 667//530 47//45 941//493
f 994//687 751//944 958//723
f 448//221 193//379 555//619
f 79//884 355//364 178//337
f 464//69 67//68 544//49
f 939//137 856//575 703//227
f 927//338 9//340 696//193
f 951//939 851//316 648//315
f 920//744 269//563 39//224
f 499//115 316//339 10//779
f 499//115 664//114 316//339
f 675//895 565//674 706//257
f 8//15 821//552 766//712
f 365//968 364//957 363//46
f 321//413 682//372 309//955
f 274//952 844//639 44//240
f 802//880 944//407 487//394
f 659//974 640//890 481//746
f 780//369 822//484 397//359
f 591//994 590//463 164//984
f 162//105 489//94 758//531
f 630//832 112//70 68//77
f 716//217 465//216 725//776
f 993//411 685//747 890//341
f 987//117 994//687 453//778
f 542//757 738//730 105//975
f 562//236 107//260 358//967
f 821//552 298//234 766//712
f 920//744 63//66 757//818
f 123//604 977//292 665//842
f 148//697 306//963 919//540
f 437//768 284//657 622//356
f 453//778 994//687 958//723
f 407//894 441//579 859//691
f 340//582 341//998 840//869
f 482//655 338//388 596//656
f 314//966 508//729 726//935
f 803//911 427//188 126//156
f 637//527 920//744 196//781
f 842//485 793//685 972//887
f 966//471 634//827 936//472
f 25//168 812//990 897//624
f 154//169 290//913 906//222
f 660//351 77//310 382//198
f 641//631 527//6 895//774
f 281//446 55//329 467//330
f 25//168 897//624 80//725
f 519//551 144//453 74//808
f 583//458 161//140 238//172
f 742//922 965//724 197//765
f 808//735 551//143 578//142
f 796//919 597//740 712//839
f 917//972 721//2 948//1
f 130//37 129//750 704//56
f 304//798 199//141 237//457
f 189//258 706//257 695//683
f 931//921 511//876 584//287
f 803//911 460//690 127//119
f 875//910 403//941 636//706
f 194//585 642//792 276//244
f 16//327 955//112 38//328
f 745//903 540//902 972//887
f 414//455 158//554 137//628
f 218//942 134//130 135//129
f 784//838 65//550 371//397
f 250//654 609//668 482//655
f 18//39 607//629 356//218
f 302//586 756//499 361//626
f 493//414 619//416 323//920
f 779//800 31//802 878//912
f 341//998 340//582 480//33
f 252//569 789//995 830//570
f 293//811 880//882 517//812
f 312//238 739//491 981//703
f 160//124 226//518 238//172
f 293//811 918//578 880//882
f 543//32 755//934 717//301
f 54//641 881//948 619//416
f 110//777 547//281 315//936
f 110//777 734//279 547//281
f 205//180 298//234 230//325
f 253//355 252//569 700//374
f 740//612 416//568 415//507
f 407//894 406//510 441//579
f 912//376 961//830 310//371
f 42//211 338//388 482//655
f 773//543 170//592 673//544
f 193//379 448//221 577//983
f 550//748 738//730 890//341
f 897//624 812//990 172//623
f 28//86 292//422 924//461
f 122//60 568//636 236//1000
f 371//397 370//396 380//669
f 400//857 604//560 709//199
f 561//658 377//836 376//591
f 561//658 45//659 377//836
f 960//595 865//716 344//846
f 207//546 218//942 786//713
f 103//501 336//663 324//335
f 270//755 567//943 860//853
