# Blender 4.0.2
# www.blender.org
mtllib dragon.mtl
o dragon
v 0.071110 0.311780 -0.198087
v 0.083029 0.410608 -0.372537
v 0.257456 0.255941 -0.316279
v 0.028413 0.339806 -0.143319
v 0.075079 0.353593 -0.381487
v 0.243242 0.685303 -0.395220
v -0.061971 0.047056 0.443042
v -0.109995 0.486286 -0.204747
v -0.328845 0.518421 0.102704
v -0.191388 0.862710 0.144900
v -0.142541 0.480935 0.141174
v -0.116053 0.643396 0.046264
v -0.346016 0.845128 0.107681
v -0.218403 0.743296 0.205744
v -0.181185 0.728106 0.199741
v -0.132715 0.720209 0.175297
v -0.120887 0.657970 0.131187
v 0.124136 0.189136 -0.109576
v 0.135587 0.083476 -0.123900
v -0.034335 0.223940 0.146747
v 0.055279 0.325413 -0.022020
v -0.438458 0.179367 0.166416
v 0.075633 0.498746 -0.328476
v 0.116684 0.466407 -0.267594
v 0.324110 0.115907 -0.340361
v -0.198842 0.379453 0.141294
v -0.397418 0.609006 0.241016
v 0.377843 0.052169 -0.140032
v -0.288465 0.881998 0.198641
v 0.382324 0.320816 -0.166180
v 0.301647 0.104329 -0.356143
v -0.152843 0.454861 -0.089460
v -0.255848 0.178124 0.406966
v -0.168829 0.774189 0.005957
v -0.339610 0.909642 -0.007813
v -0.425212 0.278336 0.152279
v 0.107132 0.723236 -0.253580
v 0.036068 0.714492 -0.248526
v 0.103599 0.003306 -0.286036
v -0.358535 0.667139 0.142825
v 0.141155 0.646751 -0.407869
v 0.253942 0.651705 -0.299526
v -0.082476 0.165746 0.363081
v -0.089408 0.074557 0.460427
v -0.198047 0.646098 0.321191
v -0.294652 0.655044 0.504931
v -0.366127 0.683022 0.406134
v -0.244285 0.748885 0.248253
v 0.338076 0.281607 -0.091834
v 0.220134 0.240809 -0.216813
v 0.324995 0.375708 -0.126381
v -0.061287 0.015371 0.028667
v 0.025301 0.095098 0.250852
v 0.045254 0.036067 0.075903
v -0.148121 0.008053 0.352484
v 0.093052 0.541391 -0.083795
v 0.342464 0.138292 -0.390264
v 0.045359 0.008537 0.210773
v -0.051965 0.047807 0.199355
v -0.001335 0.076470 0.339860
v 0.310235 0.068940 -0.064030
v -0.210729 0.779523 0.366069
v -0.228660 0.860480 0.249866
v 0.115994 0.070670 -0.408845
v -0.008648 0.116499 -0.332604
v 0.232895 0.236697 -0.135896
v -0.415285 0.095057 0.272626
v 0.331102 0.359262 -0.364002
v 0.363829 0.520683 -0.430701
v -0.012119 0.172707 -0.367061
v 0.042872 0.163586 -0.346754
v 0.029583 0.126241 -0.381038
v -0.307563 0.682599 0.368922
v -0.208820 0.705311 0.277083
v 0.056468 0.499860 -0.271955
v -0.037768 0.836462 -0.029647
v -0.437858 0.594911 0.390371
v 0.525283 0.212566 -0.365500
v -0.325340 0.019018 -0.058527
v 0.092354 0.183356 -0.404272
v 0.505444 0.065837 -0.258433
v 0.372561 0.016936 -0.230493
v -0.516739 0.044382 0.242901
v -0.496606 0.039707 0.208702
v 0.325250 0.598136 -0.463948
v 0.309452 0.468477 -0.402670
v 0.216529 0.453678 -0.449796
v -0.341570 0.716264 0.138553
v -0.411763 0.738110 0.324448
v 0.193933 0.050155 -0.097749
v -0.183466 0.292671 0.144761
v -0.200283 0.034834 0.333506
v 0.270571 0.020418 -0.038166
v 0.244745 0.034598 0.021120
v 0.169162 0.056936 0.020358
v 0.296932 0.219152 -0.075919
v -0.192865 0.856586 0.070877
v -0.275445 0.876652 0.095966
v -0.243514 0.895819 0.029200
v 0.086028 0.008798 0.192122
v 0.107599 0.034791 0.132289
v 0.477886 0.187011 -0.395714
v -0.381438 0.802433 0.157204
v 0.042188 0.580731 -0.350023
v 0.060062 0.536793 -0.336874
v -0.431649 0.098144 0.119934
v -0.519521 0.047537 0.150573
v -0.380004 0.047353 0.221331
v 0.237997 0.031686 -0.122549
v 0.331743 0.151033 -0.144339
v 0.317280 0.109845 -0.124435
v -0.093865 0.630646 -0.069683
v -0.246626 0.850666 0.034597
v -0.315976 0.852550 0.086873
v -0.325792 0.870595 0.170976
v 0.272542 0.180430 -0.286918
v -0.328970 0.213543 0.415890
v -0.139420 0.819459 0.054125
v -0.458282 0.584321 0.397597
v 0.386438 0.500591 -0.465429
v 0.357519 0.496994 -0.482734
v -0.197035 0.703262 -0.035766
v 0.273999 0.437846 -0.422033
v -0.318398 0.617299 0.020981
v 0.109642 0.001860 -0.187523
v -0.244816 0.135581 -0.083029
v 0.082336 0.448820 -0.333874
v -0.015234 0.002670 0.176795
v -0.029076 0.032607 0.111738
v 0.010446 0.020640 0.101687
v 0.006442 0.037240 0.095874
v 0.000769 0.024723 0.103991
v 0.016009 0.030401 0.095217
v 0.012198 0.029766 0.093880
v 0.023965 0.043300 0.085176
v 0.012903 0.173289 -0.059711
v -0.055917 0.661941 -0.018288
v -0.042531 0.753256 -0.044914
v 0.192367 0.694695 -0.324665
v 0.006723 0.154029 -0.311954
v 0.024780 0.168856 -0.330101
v 0.259541 0.181143 -0.213584
v 0.239058 0.266541 -0.298541
v -0.181411 0.516926 0.225663
v -0.094287 0.718117 0.103067
v -0.082163 0.787911 0.052419
v -0.092763 0.797366 0.006577
v -0.130051 0.937598 -0.078858
v -0.135671 0.907068 -0.089581
v -0.312892 0.831722 0.343806
v -0.224441 0.261165 -0.096235
v -0.198761 0.275653 -0.091081
v -0.179776 0.180482 -0.103006
v -0.069208 0.080109 0.238522
v -0.049291 0.090516 0.308787
v -0.131422 0.479463 -0.041066
v -0.379361 0.654799 0.521874
v -0.275042 0.606349 0.508034
v -0.156273 0.039733 -0.040336
v -0.070933 0.240177 -0.155187
v -0.153725 0.576850 -0.044475
v 0.005878 0.695171 -0.153528
v 0.189581 0.092206 -0.078332
v 0.234632 0.082042 -0.104140
v 0.151322 0.094267 -0.083486
v 0.026165 0.127228 0.155684
v -0.388156 0.037938 0.061754
v -0.373256 0.309573 0.169249
v 0.115625 0.417729 -0.418161
v -0.252008 0.774376 -0.133237
v -0.274633 0.758658 -0.136434
v -0.192062 0.390477 0.074717
v 0.203898 0.102491 -0.408374
v 0.254865 0.014521 -0.343230
v 0.394820 0.217882 -0.335329
v 0.195355 0.136267 -0.065824
v -0.032676 0.020313 -0.407533
v 0.249750 0.072069 -0.049338
v 0.273567 0.099710 -0.068392
v 0.296247 0.090446 -0.055194
v -0.198163 0.741778 0.304687
v -0.325579 0.824129 0.464932
v -0.111235 0.916005 0.078900
v -0.126785 0.835678 0.144145
v -0.149487 0.842836 0.105297
v -0.181028 0.051084 0.349793
v -0.155355 0.039279 0.310769
v 0.256115 0.031341 -0.111963
v -0.008992 0.139672 0.126204
v -0.348609 0.657451 0.277318
v -0.347887 0.715136 0.102235
v -0.274844 0.659760 -0.112047
v -0.322561 0.674258 -0.010813
v -0.260810 0.669491 -0.123564
v 0.326580 0.021893 -0.439424
v -0.455276 0.625530 0.489707
v -0.044080 0.023146 0.408317
v -0.039770 0.008594 0.357061
v 0.294504 0.261531 -0.094799
v 0.262383 0.250619 -0.108309
v 0.505179 0.250608 -0.272362
v -0.331498 0.540277 0.150066
v -0.127699 0.018965 0.141678
v -0.403295 0.839482 0.232510
v -0.375246 0.835520 0.175743
v 0.506451 0.084838 -0.314750
v -0.103239 0.650531 0.032682
v 0.022632 0.285341 0.069346
v -0.153113 0.306625 0.294426
v 0.017881 0.307881 0.046121
v -0.329196 0.829639 0.011593
v 0.332311 0.002270 -0.179421
v -0.116376 0.188731 0.334851
v 0.348929 0.199832 -0.293818
v -0.312030 0.793254 0.395091
v -0.328292 0.780365 0.346206
v 0.336431 0.102376 -0.104993
v 0.316708 0.016772 -0.075208
v 0.310519 0.030195 -0.056356
v 0.103736 0.085388 -0.359945
v 0.205804 0.032266 -0.347984
v -0.246909 0.001187 -0.052203
v 0.350875 0.221016 -0.150153
v 0.058453 0.294179 -0.192172
v -0.417784 0.646035 0.502579
v 0.406462 0.273755 -0.069179
v -0.265610 0.820295 0.002274
v -0.262278 0.842208 -0.125185
v -0.275086 0.834778 -0.053835
v -0.307955 0.872482 -0.007057
v 0.210156 0.505971 -0.451606
v -0.237566 0.668823 0.351568
v -0.251103 0.679712 0.295889
v -0.285315 0.700166 0.411139
v 0.449687 0.593265 -0.482794
v 0.451091 0.517952 -0.513222
v 0.472517 0.530931 -0.529521
v -0.347539 0.676598 0.323442
v -0.388010 0.667604 0.400412
v -0.415971 0.075685 0.267202
v 0.177444 0.036437 0.007423
v -0.185571 0.309783 0.096679
v 0.429890 0.003756 -0.239961
v -0.154100 0.412160 0.032345
v -0.408348 0.720975 0.293140
v -0.145366 0.890533 0.099666
v -0.415862 0.173854 0.214326
v -0.415529 0.134178 0.143656
v -0.370376 0.679956 0.150428
v -0.214093 0.938011 0.056148
v 0.190838 0.000701 -0.315648
v 0.134959 0.001993 -0.262908
v -0.301496 0.833046 0.403131
v -0.287793 0.320074 0.126361
v -0.215183 0.319268 0.115542
v -0.107407 0.914778 0.100621
v -0.198731 0.235598 -0.092523
v -0.279923 0.589817 0.009603
v -0.088384 0.082858 0.283485
v -0.396300 0.735186 0.539756
v -0.402096 0.720294 0.478757
v -0.294719 0.127792 -0.051313
v -0.407512 0.594132 0.333074
v -0.186669 0.775672 0.295785
v -0.210254 0.815466 0.265343
v -0.180467 0.096480 0.398436
v 0.184517 -0.000823 -0.150955
v -0.458661 0.769764 0.382873
v -0.444351 0.750234 0.289582
v 0.305649 0.174607 -0.167118
v 0.309774 0.149001 -0.143981
v 0.228423 0.219283 -0.273148
v -0.129635 0.521403 -0.018536
v -0.181894 0.832966 0.230934
v 0.004968 0.055261 -0.457552
v -0.004189 0.075195 -0.446730
v 0.406367 0.595921 -0.440335
v 0.492393 0.663027 -0.513992
v 0.053946 0.081874 0.163586
v 0.047992 0.104548 0.158418
v 0.101484 0.512532 -0.115043
v -0.281118 0.144137 0.022706
v -0.240690 0.247313 0.029193
v -0.311398 0.203665 0.059312
v -0.284887 0.842624 -0.121368
v 0.384174 0.459122 -0.388612
v -0.089711 0.846855 0.050355
v -0.260929 0.760809 0.394401
v -0.092066 0.401112 -0.208801
v -0.385129 0.102753 0.352699
v -0.437378 0.215420 0.272880
v -0.400640 0.743445 0.205135
v -0.041226 0.766418 -0.010304
v -0.033597 0.752235 -0.025605
v -0.079706 0.728763 0.008270
v -0.037707 0.281897 0.105534
v -0.255597 0.656957 -0.027460
v -0.229597 0.963760 0.073948
v -0.189560 0.900882 0.048651
v -0.113629 0.880003 0.154039
v -0.330850 0.709471 0.002290
v -0.298949 0.700439 -0.057639
v 0.052675 0.700160 -0.312523
v -0.446751 0.238724 0.184932
v 0.401632 0.328015 -0.132625
v -0.382984 0.428703 0.203847
v -0.532643 0.094107 0.191705
v -0.485340 0.095709 0.190737
v -0.282070 0.658857 -0.041984
v -0.318472 0.650076 0.029268
v -0.385622 0.117208 0.076666
v -0.222122 0.074233 -0.099602
v -0.429233 0.120739 0.166733
v -0.449951 0.096649 0.223155
v 0.319592 0.093991 -0.392269
v 0.319000 0.454976 -0.467450
v -0.259171 0.663940 -0.068703
v -0.237322 0.688074 -0.037509
v 0.229010 0.398079 -0.221657
v 0.157226 0.461762 -0.240358
v 0.068135 0.719648 -0.214427
v -0.096849 0.784380 0.003741
v -0.058849 0.672769 -0.020662
v 0.538945 0.160563 -0.295239
v -0.141361 0.924940 -0.137851
v 0.087303 0.100773 0.124646
v 0.092028 0.067646 0.172184
v -0.022861 0.072826 0.400903
v 0.482239 0.658109 -0.489092
v 0.285452 0.481910 -0.175576
v 0.225082 0.079355 0.050402
v -0.300053 0.803315 -0.067758
v -0.265164 0.795342 -0.083390
v 0.092607 0.502516 -0.397142
v -0.294197 0.528800 0.238218
v -0.227775 0.547513 0.226649
v -0.432817 0.766878 0.371792
v -0.388335 0.870235 0.449865
v 0.139469 0.243000 -0.382275
v 0.286569 0.372555 -0.353055
v -0.117849 0.058200 0.284337
v -0.414812 0.291152 0.213226
v -0.035853 0.161695 0.366925
v -0.003112 0.081273 -0.417791
v -0.030061 0.123504 -0.405733
v -0.027077 0.156508 -0.334284
v 0.296075 0.519192 -0.398009
v -0.304617 0.610079 0.057953
v -0.278490 0.709412 0.213805
v -0.310829 0.838245 -0.000395
v -0.304091 0.828867 0.312460
v -0.158367 0.546613 0.010637
v -0.087213 0.552185 -0.041295
v -0.068537 0.599130 -0.067239
v -0.132407 0.279639 0.220895
v -0.551662 0.039529 0.208299
v -0.381781 0.890239 0.384808
v 0.161886 0.092901 -0.001533
v -0.175288 0.234578 0.361579
v -0.419145 0.724688 0.559034
v -0.332892 0.878765 0.004659
v 0.385500 0.005606 -0.177143
v -0.034462 0.070215 -0.376391
v -0.170603 0.710902 0.235125
v -0.547601 0.035734 0.221532
v -0.181834 0.161798 0.396849
v 0.343487 0.087211 -0.407598
v 0.360107 0.167270 -0.304988
v -0.325521 0.680318 0.415537
v -0.082965 0.835366 0.039799
v -0.083037 0.841569 0.072662
v -0.332816 0.754432 -0.003740
v -0.342275 0.754595 0.048815
v -0.408922 0.188047 0.073281
v -0.025044 0.109473 0.300897
v 0.079673 0.245860 -0.376267
v -0.345414 0.708914 0.078670
v 0.376146 0.482661 -0.452439
v 0.392918 0.464375 -0.422442
v 0.367158 0.424726 -0.464216
v -0.232587 0.224421 -0.045128
v -0.003276 0.127822 -0.377306
v -0.114443 0.626586 0.068109
v 0.360700 0.583732 -0.422527
v 0.333657 0.536277 -0.416446
v 0.176372 0.062961 -0.434792
v 0.296447 0.302253 -0.140815
v 0.297032 0.342969 -0.113674
v 0.276986 0.372511 -0.397419
v 0.254914 0.095583 -0.105970
v 0.309614 0.535124 -0.425349
v 0.326220 0.580409 -0.417485
v -0.248016 0.412273 0.340548
v 0.003341 0.730462 -0.182598
v -0.022636 0.693283 -0.183657
v -0.154903 0.702777 -0.010623
v -0.090508 0.639780 0.088881
v -0.226769 0.023134 0.154521
v 0.002820 0.457291 -0.235080
v 0.023381 0.405633 -0.186768
v 0.052985 0.465035 -0.218219
v 0.039222 0.631458 -0.076301
v 0.023766 0.084590 -0.287152
v 0.093997 0.056128 -0.324706
v 0.380362 0.288244 -0.371548
v 0.297151 0.574140 -0.327879
v 0.238270 0.615313 -0.231929
v -0.392886 0.870035 0.412263
v -0.159474 0.619310 0.164711
v 0.443497 0.556589 -0.525744
v -0.271053 0.773058 -0.134558
v -0.290078 0.744529 -0.069933
v -0.262256 0.661208 0.397049
v 0.309767 0.432813 -0.149375
v 0.390975 0.331818 -0.081239
v 0.161391 0.053197 -0.087395
v -0.123683 0.689502 0.025373
v -0.047475 0.673992 -0.000986
v -0.251374 0.494410 0.021096
v -0.123814 0.887649 0.075463
v -0.076865 0.524482 -0.240910
v 0.360808 0.630753 -0.474303
v 0.375668 0.640037 -0.444602
v -0.210092 0.265198 0.090798
v -0.341581 0.782493 0.015422
v -0.311885 0.786013 -0.074657
v -0.008139 0.192114 0.123362
v -0.008885 0.236756 0.104247
v -0.227816 0.637115 0.210144
v -0.362958 0.618766 0.259325
v -0.347334 0.631549 0.209601
v -0.295416 0.632964 0.221494
v -0.203238 0.717344 0.238503
v 0.040999 0.459427 -0.220326
v -0.429773 0.725943 0.531025
v -0.384875 0.684049 0.500163
v 0.102442 0.029828 -0.065018
v 0.122310 0.046052 -0.072727
v 0.153802 0.075293 -0.091107
v -0.198804 0.719457 0.210836
v 0.408758 0.000582 -0.296314
v -0.056112 0.004795 0.101098
v -0.085952 0.000969 0.165149
v -0.119452 0.023237 0.248866
v -0.381920 0.764390 0.341468
v -0.341016 0.635046 0.187358
v -0.332975 0.633286 0.161919
v 0.346911 0.138942 -0.124772
v -0.487767 0.051694 0.258491
v -0.045125 0.041615 0.323369
v -0.086939 0.011410 0.319380
v -0.316774 0.629549 0.538122
v 0.290500 0.257810 -0.140217
v 0.274731 0.063725 -0.039474
v 0.421745 0.073688 -0.378280
v 0.059050 0.025584 -0.218163
v 0.023756 0.653635 -0.335677
v 0.052937 0.082503 -0.364841
v -0.014827 0.108669 -0.349301
v -0.038846 0.087533 -0.348606
v -0.412790 0.687122 0.469341
v 0.124902 0.516907 -0.191529
v -0.297277 0.667299 0.399140
v -0.017441 0.139762 -0.293663
v -0.401473 0.802015 0.421530
v -0.429392 0.812656 0.418912
v -0.440364 0.041481 0.268239
v -0.009328 0.067832 0.313452
v 0.361490 0.358984 -0.096765
v -0.234219 0.807029 0.341444
v -0.262673 0.080949 -0.111777
v 0.027555 0.210315 0.058218
v 0.021503 0.141672 0.042275
v 0.179055 0.021744 0.080935
v -0.229982 0.882127 0.125062
v 0.118283 0.483272 -0.422147
v -0.381434 0.075043 0.032034
v -0.307423 0.092870 -0.030883
v 0.152936 0.039983 -0.018212
v 0.213822 0.036471 -0.033041
v -0.213648 0.862216 -0.005479
v 0.189479 0.035369 0.042319
v -0.148633 0.429753 0.024420
v -0.062312 0.072294 -0.358847
v -0.512992 0.049215 0.217966
v 0.457805 0.281389 -0.431691
v -0.253083 0.747142 -0.115391
v -0.263972 0.322814 0.390488
v 0.321364 0.201041 -0.171693
v 0.322199 0.196338 -0.159824
v -0.272716 0.093262 0.396864
v -0.294461 0.143109 0.411213
v -0.200256 0.329802 0.151923
v -0.198260 0.323937 0.116328
v 0.356603 0.298326 -0.175583
v 0.359944 0.312048 -0.174509
v -0.430656 0.241430 0.227890
v -0.419845 0.347567 0.261716
v -0.386478 0.366814 0.192234
v -0.323697 0.909120 -0.018360
v -0.266100 0.636044 -0.013372
v -0.386463 0.654625 0.258563
v -0.272947 0.816799 0.443950
v -0.178983 0.531912 -0.012421
v -0.235905 0.147753 -0.041947
v -0.317851 0.835905 0.424430
v 0.421526 0.608459 -0.520283
v -0.239977 0.925957 0.044939
v 0.067378 0.128253 -0.398810
v 0.094813 0.132394 -0.426637
v 0.110789 0.143331 -0.395695
v 0.014215 0.259253 -0.320539
v 0.480731 0.361766 -0.385511
v -0.188968 0.185854 0.367817
v -0.318370 0.678425 0.201369
v -0.358834 0.794073 0.272421
v -0.385333 0.815041 0.235933
v -0.202839 0.834839 0.022774
v -0.088898 0.008663 0.092737
v 0.264534 0.406170 -0.177317
v -0.262233 0.776002 0.428798
v 0.371071 0.350572 -0.356611
v 0.338881 0.340343 -0.360315
v -0.228169 0.693965 0.266311
v 0.491460 0.191472 -0.227082
v -0.277769 0.005530 0.185999
v -0.035038 0.125944 0.374070
v -0.311050 0.828253 -0.035584
v -0.064113 0.725289 0.049447
v 0.295776 0.291783 -0.126935
v -0.343034 0.852837 0.280687
v -0.346992 0.028867 0.302872
v -0.366884 0.061778 0.333993
v 0.341118 0.540882 -0.504389
v -0.203231 0.915725 0.034340
v 0.029319 0.090238 -0.411162
v 0.146634 0.070235 0.015894
v 0.137122 0.081474 -0.014491
v -0.081989 0.735057 0.081177
v -0.106004 0.799670 0.113895
v -0.339584 0.624091 0.079080
v -0.309774 0.610032 0.098904
v -0.369594 0.858094 0.029282
v -0.147824 0.144102 0.384132
v 0.103272 0.029594 -0.043145
v 0.136965 0.053612 -0.036471
v -0.429027 0.617144 0.422514
v -0.444757 0.833751 0.441263
v 0.405821 0.202760 -0.100958
v -0.093281 0.275617 0.150740
v -0.129043 0.297389 0.084615
v -0.155577 0.314691 0.065760
v -0.160791 0.285399 0.104965
v 0.369766 0.016013 -0.063466
v -0.037159 0.022636 -0.426514
v -0.434044 0.673753 0.438615
v -0.251836 0.958022 0.066473
v 0.283495 0.108703 -0.346028
v -0.077469 0.633324 -0.125316
v -0.114933 0.550727 -0.074912
v -0.383043 0.253209 0.383914
v 0.065497 0.758848 -0.246276
v 0.273407 0.007204 -0.439834
v -0.283321 0.617833 0.445421
v -0.181077 0.687165 0.252670
v -0.310692 0.637529 0.131970
v -0.092908 0.650762 0.071953
v -0.337866 0.875922 0.467648
v -0.271590 0.124675 -0.005383
v -0.087973 0.634469 -0.087838
v -0.106329 0.591895 -0.058341
v -0.269360 0.481200 0.304391
v -0.246907 0.012508 0.309598
v 0.241566 0.656397 -0.361483
v 0.410376 0.492072 -0.497903
v -0.389631 0.131524 0.178337
v -0.145288 0.095940 0.437378
v 0.169649 0.611597 -0.427195
v -0.459330 0.588130 0.417959
v 0.380925 0.004980 -0.390159
v 0.392758 0.025718 -0.356814
v 0.421352 0.520138 -0.496322
v 0.050416 0.157365 0.120813
v 0.328092 0.233638 -0.064679
v 0.363683 0.283735 -0.071630
v 0.314076 0.210676 -0.081130
v 0.298593 0.340436 -0.157891
v -0.377209 0.069871 0.162331
v 0.307962 0.425993 -0.179035
v -0.287705 0.658541 0.373558
v -0.099034 0.132302 0.434344
v -0.008866 0.057503 -0.399940
v 0.447598 0.557037 -0.498895
v 0.372173 0.200114 -0.052384
v -0.125881 0.621096 0.144255
v -0.120212 0.844547 0.102387
v 0.303108 0.068931 -0.102088
v 0.357965 0.167213 -0.135886
v 0.368765 0.184494 -0.137100
v 0.301346 0.091140 -0.122025
v -0.051637 0.102296 0.436714
v -0.041442 0.128547 0.459700
v -0.358570 0.696377 0.496761
v 0.185942 0.071756 0.014582
v -0.082194 0.092806 0.264188
v -0.452283 0.804271 0.372331
v -0.377482 0.772200 0.224960
v -0.361082 0.674875 0.230060
v -0.325875 0.833839 -0.025932
v 0.192421 0.189507 -0.330152
v 0.210326 0.162027 -0.361807
v -0.029302 0.703565 -0.149338
v -0.107181 0.787052 0.096296
v -0.126158 0.769614 0.134858
v -0.149789 0.614461 -0.014952
v -0.227941 0.616589 0.369952
v 0.053955 0.496801 -0.034546
v -0.404413 0.646101 0.334624
v -0.098351 0.589890 -0.102039
v -0.113814 0.570288 -0.163436
v -0.008954 0.002917 0.129062
v -0.343320 0.861067 0.416198
v -0.352917 0.879490 0.356808
v 0.041613 0.245858 -0.177027
v 0.053807 0.155651 -0.148057
v -0.369384 0.851425 0.150794
v -0.221898 0.738355 0.303966
v -0.140794 0.471435 0.005022
v -0.116998 0.390648 0.027670
v 0.048196 0.047458 -0.416743
v 0.309521 0.255804 -0.151712
v 0.127006 0.076525 -0.082502
v 0.140534 0.061125 -0.094010
v 0.451971 0.604209 -0.505675
v 0.381184 0.576670 -0.515200
v -0.467785 0.832844 0.430375
v -0.116724 0.975689 -0.173519
v -0.387899 0.783232 0.251485
v -0.300637 0.744011 0.192272
v -0.428509 0.868359 0.437228
v -0.373759 0.593684 0.205775
v -0.408780 0.615109 0.302937
v -0.216739 0.988144 0.011983
v 0.228603 0.033741 0.054688
v 0.040906 0.001855 0.098527
v -0.046246 0.649309 -0.106332
v -0.058657 0.687558 -0.121028
v -0.169564 0.803790 0.221838
v 0.018174 0.035980 0.346518
v 0.080269 0.720403 -0.288630
v 0.113168 0.745067 -0.285990
v -0.051413 0.578843 -0.266785
v -0.243198 0.746235 -0.032432
v -0.416836 0.661730 0.377978
v -0.423269 0.680568 0.392253
v 0.335051 0.609010 -0.438775
v 0.304820 0.588465 -0.437473
v -0.081409 0.687156 0.081507
v -0.076011 0.668720 0.043948
v -0.088947 0.648611 0.031352
v -0.179305 0.314318 0.033493
v -0.415458 0.822739 0.367811
v 0.140083 0.097319 -0.054457
v -0.296681 0.711208 0.184123
v 0.313131 0.379099 -0.376987
v -0.244351 0.278052 0.124728
v -0.134129 0.814185 0.144371
v 0.071285 0.118080 0.158068
v -0.042104 0.030610 0.162426
v 0.131385 0.052460 -0.093633
v -0.236035 0.698036 0.241132
v -0.221064 0.698709 0.242275
v -0.277530 0.708251 0.200719
v -0.169392 0.847353 0.194211
v -0.199577 0.756694 -0.024554
v -0.167864 0.489096 0.007792
v -0.287534 0.706000 0.208037
v -0.370816 0.599146 0.155691
v -0.173411 0.881270 -0.056324
v -0.287926 0.629090 -0.001050
v -0.308286 0.639285 -0.036514
v -0.538382 0.090015 0.175245
v 0.028821 0.582653 -0.041547
v 0.053903 0.126130 0.063096
v -0.099733 0.505468 -0.019499
v 0.324704 0.292258 -0.162506
v -0.277519 0.811256 0.361288
v -0.173529 0.769966 -0.031981
v -0.155487 0.560261 -0.032748
v -0.101595 0.565402 -0.203217
v -0.337145 0.734921 0.073113
v -0.502624 0.115193 0.242602
v 0.099875 0.084941 0.098306
v -0.266859 0.002817 0.026316
v -0.171497 0.852571 0.109909
v -0.384540 0.433728 0.257424
v -0.287596 0.632743 -0.039992
v 0.304290 0.427121 -0.427846
v -0.338603 0.772175 0.316433
v 0.390599 0.040317 -0.419516
v 0.082972 0.236207 -0.395300
v 0.062764 0.109224 0.065581
v -0.447218 0.099191 0.274359
v -0.468956 0.092068 0.254207
v -0.177077 0.453884 0.085511
v 0.254724 0.490550 -0.167448
v -0.127450 0.274353 0.332878
v -0.050827 0.083033 0.273294
v -0.398462 0.795318 0.319687
v -0.001280 0.729214 -0.161322
v 0.248038 0.237936 -0.318862
v 0.253617 0.211640 -0.292009
v -0.157264 0.176819 0.355861
v -0.156273 0.752310 0.204686
v -0.395819 0.118902 0.181800
v 0.308728 0.437517 -0.321679
v -0.158849 0.362824 0.053105
v -0.164502 0.496960 -0.007496
v -0.202703 0.525271 0.002078
v -0.329382 0.095967 -0.007383
v 0.341089 0.328628 -0.176898
v 0.263831 0.650286 -0.411709
v -0.320385 0.634437 0.186668
v -0.351516 0.856518 0.224664
v -0.192862 0.646673 0.235188
v -0.337769 0.000981 -0.012961
v -0.312135 0.071577 0.377005
v -0.334547 0.109627 0.391698
v 0.061928 0.681519 -0.348787
v -0.101578 0.971242 -0.173387
v 0.114884 0.077595 -0.045485
v 0.217205 0.197922 -0.169624
v 0.146512 0.104825 -0.424531
v -0.159089 0.881140 -0.044472
v -0.193062 0.854720 0.007967
v 0.181509 0.731544 -0.328748
v 0.245299 0.666820 -0.397076
v 0.219314 0.694192 -0.376890
v 0.178513 0.687804 -0.370001
v 0.235493 0.183532 -0.299682
v 0.303383 0.161134 -0.292248
v -0.167169 0.361846 -0.136842
v 0.231385 0.340814 -0.225199
v -0.384240 0.600228 0.282032
v -0.427392 0.070941 0.129809
v -0.181242 0.641899 0.198928
v -0.152408 0.622623 0.173735
v -0.262738 0.660198 -0.036014
v 0.215882 0.714348 -0.376885
v -0.368447 0.810639 0.111588
v -0.341511 0.827920 0.050860
v -0.156704 0.632868 0.258530
v 0.073875 0.747368 -0.252752
v -0.236324 0.800675 0.312754
v -0.136605 0.496374 -0.012766
v -0.370247 0.674593 0.373725
v -0.251499 0.703711 -0.074802
v 0.033353 0.428623 -0.198111
v 0.101696 0.760054 -0.280562
v -0.379741 0.652203 0.378470
v -0.073441 0.108362 0.474734
v 0.014925 0.259995 0.093220
v -0.175802 0.877315 -0.030497
v 0.466524 0.359763 -0.424308
v -0.287249 0.856766 0.296363
v -0.298172 0.844233 0.301080
v -0.329734 0.512426 0.221843
v -0.276294 0.561416 0.205477
v -0.216547 0.845521 0.295995
v -0.237104 0.828531 0.297338
v -0.023291 0.174126 0.338690
v 0.270418 0.175352 -0.160297
v 0.308120 0.148226 -0.150478
v 0.308042 0.160807 -0.145966
v 0.258728 0.472432 -0.186071
v 0.105911 0.401000 -0.241936
v 0.127708 0.431888 -0.248602
v 0.308707 0.151912 -0.137314
v 0.309027 0.148302 -0.133462
v 0.307622 0.146641 -0.129414
v 0.325061 0.145012 -0.136389
v 0.332558 0.162641 -0.153745
v -0.257622 0.611117 0.446761
v 0.266877 0.371781 -0.150335
v -0.022140 0.530001 -0.278516
v 0.150861 0.751531 -0.319579
v -0.185309 0.438089 0.042038
v -0.175135 0.454627 0.038656
v -0.202362 0.473410 0.030605
v 0.172402 0.068110 -0.117798
v -0.394386 0.058260 0.257031
v -0.209940 0.426699 0.309396
v -0.202034 0.347282 0.108357
v 0.159149 0.498709 -0.230313
v -0.294219 0.672785 0.460509
v -0.311292 0.674318 0.450418
v -0.198897 -0.000445 0.017810
v -0.350978 0.603506 0.158280
v 0.431107 0.637745 -0.464637
v -0.309067 0.771724 0.323472
v -0.403669 0.670005 0.388418
v 0.069363 0.101256 -0.425714
v 0.255584 0.571952 -0.244999
v -0.160006 0.626593 0.233747
v -0.054634 0.217664 0.188627
v -0.068857 0.275118 0.132675
v -0.133763 0.742074 0.147810
v 0.296530 0.330891 -0.140456
v 0.151499 0.006495 -0.190401
v -0.019615 0.672579 -0.126985
v 0.314554 0.449032 -0.395297
v 0.302294 0.443578 -0.384301
v 0.342855 0.384067 -0.374134
v 0.328655 0.411548 -0.385792
v -0.197128 0.612924 -0.033251
v -0.286060 0.417557 0.351575
v -0.050533 0.840303 -0.036647
v 0.343425 0.214554 -0.160033
v 0.343416 0.210063 -0.156513
v 0.343091 0.171316 -0.134338
v 0.066542 0.152881 0.101560
v -0.369964 0.710188 0.213410
v 0.204940 0.087382 0.041263
v 0.003829 0.099084 0.000714
v 0.291880 0.323488 -0.365906
v 0.215275 0.263870 -0.336819
v 0.001683 0.143154 -0.297802
v -0.071459 0.729664 -0.014359
v -0.088385 0.718885 0.010808
v 0.177883 0.065167 -0.088854
v -0.307046 0.620971 0.114417
v -0.303245 0.843167 0.046588
v -0.278581 0.204758 0.028193
v -0.420632 0.772131 0.410822
v 0.406317 0.164888 -0.183490
v 0.386997 0.140482 -0.159386
v 0.318180 0.183747 -0.284099
v 0.331628 0.156640 -0.178378
v 0.016890 0.021967 -0.439902
v -0.244006 0.019004 0.024072
v -0.406755 0.635798 0.474029
v 0.297754 0.567758 -0.426765
v 0.274828 0.599467 -0.386932
v 0.282581 0.608724 -0.420643
v -0.268472 0.128044 -0.089615
v -0.189915 0.330071 -0.090610
v -0.202086 0.310272 -0.047358
v -0.263018 0.827954 -0.129886
v -0.315511 0.801250 -0.012035
v -0.207026 0.849510 0.021023
v -0.396913 0.802172 0.395661
v -0.350063 0.821286 0.450223
v -0.365797 0.820443 0.403552
v -0.360592 0.811337 0.428726
v -0.373521 0.823974 0.438842
v -0.010147 0.029064 0.316210
v -0.077429 0.630420 -0.197323
v 0.193817 0.021908 0.057227
v -0.208575 0.430798 0.058457
v -0.177499 0.431581 0.052242
v 0.090959 0.359839 -0.220145
v -0.213353 0.698416 0.269507
v -0.224196 0.695460 0.290075
v 0.105166 0.489364 -0.238997
v 0.206206 0.075915 -0.061896
v -0.314190 0.695266 0.232286
v -0.183355 0.019464 0.068983
v 0.492245 0.577514 -0.535480
v 0.467984 0.573736 -0.543350
v -0.275986 0.822473 0.292294
v -0.394811 0.676021 0.344960
v -0.312169 0.357762 0.380488
v 0.037866 0.743295 -0.221348
v -0.171880 0.789673 -0.036705
v -0.176815 0.469702 0.016374
v -0.373937 0.361341 0.352756
v -0.395553 0.731997 0.344166
v -0.409171 0.751732 0.369076
v -0.300034 0.760628 0.297990
v -0.303050 0.757859 0.257502
v -0.290642 0.754223 0.243047
v -0.422564 0.234493 0.338085
v 0.403670 0.152537 -0.379531
v -0.111331 0.628084 0.131491
v -0.450880 0.620221 0.411023
v -0.270857 0.870881 0.248639
v -0.341151 0.831037 0.302630
v -0.354257 0.838405 0.329236
v -0.316457 0.788890 0.453933
v -0.300568 0.766081 0.419758
v -0.335623 0.806213 0.450870
v -0.295482 0.680015 0.405480
v -0.329001 0.772522 0.339647
v 0.014958 0.275840 -0.125421
v 0.003270 0.227588 -0.108547
v 0.154984 0.736539 -0.326148
v 0.221459 0.212958 -0.216004
v -0.313121 0.253715 0.413662
v 0.420603 0.670585 -0.451508
v -0.511539 0.082305 0.255063
v 0.113059 0.182708 -0.139362
v -0.038458 0.218259 0.241283
v -0.416485 0.750535 0.391789
v -0.041209 0.717226 -0.137012
v -0.272364 0.804130 0.309677
v -0.291925 0.781841 -0.088388
v -0.157961 0.643083 -0.048841
v -0.162816 0.678994 -0.050702
v 0.143028 0.085105 -0.031491
v -0.172738 0.332940 0.071614
v -0.367858 0.150721 0.388744
v -0.200300 0.378980 0.092753
v 0.322879 0.330438 -0.176399
v 0.320794 0.341891 -0.179719
v 0.312662 0.338789 -0.171650
v -0.330466 0.063237 -0.035581
v -0.158533 0.690834 -0.062075
v -0.221964 0.131331 -0.107855
v -0.210232 0.993742 0.026594
v -0.318217 0.785339 0.439363
v -0.164982 0.408801 -0.130332
v -0.123125 0.393751 -0.187340
v -0.015093 0.017476 -0.421980
v -0.269509 0.704111 0.239238
v -0.003067 0.319918 -0.164343
v 0.073783 0.646865 -0.375161
v 0.003807 0.711208 -0.208412
v -0.136000 0.689013 0.164981
v -0.056614 0.178709 0.286764
v -0.056516 0.227358 0.279691
v -0.341934 0.695113 0.167639
v 0.306003 0.289552 -0.130179
v 0.231491 0.017508 -0.272447
v 0.509813 0.276115 -0.389502
v 0.359639 0.663140 -0.416013
v -0.469239 0.116098 0.209497
v -0.301732 0.672263 0.387748
v 0.130522 0.704447 -0.199965
v 0.536113 0.204326 -0.291119
v -0.253677 0.669176 -0.052834
v 0.188688 0.020027 -0.214947
v -0.332552 0.687276 0.065547
v -0.448959 0.652329 0.457902
v -0.109494 0.089595 -0.075804
v 0.345406 0.254630 -0.152745
v -0.313152 0.870152 0.289330
v 0.131304 0.017718 -0.004483
v 0.066166 0.142129 -0.142730
v 0.134525 0.713571 -0.335701
v 0.324017 0.276003 -0.155011
v -0.416992 0.105612 0.253400
v -0.476013 0.087571 0.136239
v -0.286245 0.090607 -0.067222
v -0.017008 0.057668 0.365442
v 0.267970 0.632109 -0.415128
v -0.349414 0.604908 0.135890
v 0.293420 0.270643 -0.145172
v 0.390406 0.532653 -0.505224
v 0.168983 0.172080 -0.404415
v -0.362368 0.770629 0.106392
v -0.405405 0.791873 0.406889
v 0.300075 0.574801 -0.436947
v -0.186157 0.739539 0.211457
v -0.207201 0.740389 0.231783
v -0.285020 0.631156 0.181232
v 0.251347 0.090977 -0.095564
v 0.003980 0.081043 0.069655
v 0.070125 0.266885 -0.377259
v 0.295187 0.341679 -0.126386
v 0.290263 0.346283 -0.133268
v -0.477006 0.051374 0.270287
v -0.409186 0.256948 0.107856
v 0.012168 0.029048 0.093000
v 0.011670 0.039061 0.093648
v -0.365079 0.871848 0.421737
v -0.337326 0.477797 0.274331
v -0.148039 0.638154 0.228110
v -0.147115 0.644199 0.205016
v 0.174930 0.017220 0.070875
v 0.309051 0.487288 -0.409439
v 0.336384 0.227297 -0.152567
v 0.325953 0.205136 -0.154784
v 0.314801 0.192451 -0.149740
v 0.374318 0.244618 -0.327369
v -0.242333 0.710526 0.227332
v -0.266755 0.707911 0.225522
v -0.148477 0.403760 -0.004918
v -0.061964 0.152983 0.429440
v -0.040995 0.154025 0.413097
v 0.381021 0.267256 -0.322050
v -0.248132 0.211620 -0.082662
v -0.053209 0.403716 0.045070
v 0.277596 0.392836 -0.269053
v -0.149733 0.626021 0.193317
v -0.124165 0.655718 0.023558
v -0.307185 0.638862 0.181386
v 0.333892 0.307877 -0.164026
v 0.133746 0.048114 0.004497
v 0.122057 0.026961 0.019243
v -0.299851 0.682009 0.436616
v -0.060826 0.049506 -0.023261
v 0.304244 0.236949 -0.150413
v -0.237545 0.872524 0.209825
v 0.240269 0.189623 -0.262541
v 0.255651 0.269294 -0.337320
v -0.261706 0.412725 0.072960
v 0.032157 0.751174 -0.203307
v -0.327610 0.673779 0.220922
v -0.077975 0.743439 0.044837
v 0.270314 0.251315 -0.141727
v -0.183924 0.636962 0.226487
v 0.309238 0.370942 -0.376828
v 0.323171 0.377572 -0.369518
v 0.334860 0.188381 -0.158839
v -0.254956 0.717308 0.198243
v 0.243860 0.314441 -0.366132
v 0.276075 0.291792 -0.343538
v 0.359754 0.231978 -0.063116
v -0.409325 0.310849 0.344213
v -0.423399 0.297377 0.314611
v -0.012132 0.619629 -0.066496
v 0.233685 0.262400 -0.250928
v -0.469483 0.833151 0.404605
v -0.250627 0.013520 0.227854
v -0.182624 0.002809 0.261380
v -0.292100 0.689828 0.293851
v 0.361977 0.010875 -0.337691
v -0.047643 0.670575 -0.154105
v 0.330260 0.204994 -0.161912
v -0.274049 0.629272 0.517201
v 0.209338 0.053894 -0.106798
v 0.217755 0.069983 -0.113861
v -0.106220 0.646267 0.042938
v -0.406226 0.726732 0.362571
v -0.393797 0.196190 0.376259
v 0.294390 0.274863 -0.150934
v 0.414743 0.223590 -0.398074
v -0.281805 0.007934 0.102281
v -0.311020 0.670515 0.411511
v -0.393021 0.677642 0.356146
v -0.335403 0.867746 0.251999
v -0.338696 0.358091 0.139705
v -0.367509 0.753232 0.085851
v -0.409471 0.691411 0.358101
v -0.140389 0.455028 -0.164197
v -0.264007 0.813556 -0.083787
v 0.283576 0.354076 -0.167489
v -0.103974 0.299473 -0.176056
v 0.281536 0.381308 -0.179101
v -0.313165 0.636723 0.159040
v 0.297949 0.278299 -0.133247
v 0.322683 0.300014 -0.148392
v 0.406715 0.340142 -0.325871
v -0.160337 0.739824 -0.057104
v -0.168510 0.405280 0.254648
v -0.289473 0.197193 0.415165
v -0.138998 0.782481 0.194398
v -0.375163 0.657068 0.362802
v -0.386126 0.671013 0.370153
v 0.131600 0.080270 -0.091048
v -0.323673 0.872480 0.406380
v -0.024124 0.042602 0.038665
v -0.330770 0.635959 0.498044
v -0.063609 0.146405 0.473384
v -0.231177 0.692920 0.282044
v -0.308307 0.846201 0.488079
v -0.019731 0.032301 0.223158
v 0.249778 0.586335 -0.431747
v 0.317483 0.061435 -0.423241
v -0.254837 0.596457 0.457387
v 0.118619 0.162404 -0.102604
v -0.409127 0.850146 0.364698
v 0.180930 0.055367 -0.094084
v -0.397732 0.663953 0.421280
v -0.313999 0.679562 0.500938
v -0.329114 0.657950 0.537097
v 0.418667 0.090911 -0.386613
v -0.227798 0.629843 0.385282
v 0.058568 0.408480 -0.025397
v -0.332304 0.685955 0.196152
v 0.051885 0.201708 -0.154173
v 0.320545 0.137739 -0.144756
v 0.288573 0.053000 -0.118506
v 0.288956 0.042515 -0.112865
v -0.164689 0.724003 -0.050367
v -0.244224 0.630761 0.330522
v 0.154495 0.211650 -0.148764
v 0.092234 0.240079 -0.155345
v -0.254566 0.751962 -0.143623
v -0.255662 0.818838 0.424725
v 0.454940 0.338996 -0.313862
v 0.159122 0.443621 -0.445175
v 0.189333 0.555831 -0.446161
v 0.161981 0.524383 -0.447318
v -0.272373 0.752176 0.196629
v -0.021562 0.182163 -0.103981
v 0.258678 0.391959 -0.156092
v -0.263071 0.661553 0.358530
v -0.286659 0.736399 0.419321
v 0.348582 0.324670 -0.358629
v 0.270510 0.372792 -0.171531
v -0.183600 0.634634 0.246456
v 0.394443 0.632941 -0.495621
v 0.061139 0.071885 0.201010
v 0.197405 0.382818 -0.435726
v -0.369930 0.307913 0.376554
v -0.308932 0.301256 0.401980
v -0.026533 0.247586 -0.141642
v -0.009721 0.304319 -0.160470
v -0.217012 0.620267 0.184769
v -0.001198 0.688991 -0.270823
v 0.264244 0.428716 -0.175056
v -0.468727 0.629552 0.463758
v 0.143161 0.072907 -0.022811
v -0.096822 0.661600 0.026041
v -0.088402 0.657429 0.007871
v -0.277611 0.627726 0.168934
v 0.297769 0.306609 -0.125099
v 0.283000 0.495442 -0.433943
v 0.146420 0.717409 -0.288038
v 0.373786 0.299308 -0.169302
v -0.159402 0.522764 -0.011501
v -0.158342 0.533013 -0.026999
v -0.308355 0.763732 0.439981
v -0.047366 0.073366 -0.347759
v 0.299708 0.121390 -0.121202
v 0.187020 0.048733 0.036023
v -0.355207 0.593441 0.153228
v 0.227666 0.208997 -0.308348
v -0.385436 0.809447 0.429486
v -0.402820 0.849862 0.394875
v 0.411819 0.492444 -0.481001
v -0.397113 0.749875 0.321278
v -0.330984 0.676849 0.457306
v 0.177528 0.296325 -0.395220
v 0.073848 0.050261 -0.160597
v -0.159849 0.616599 0.241164
v 0.108478 0.155392 -0.124182
v 0.340506 0.022722 -0.086008
v 0.186589 0.725644 -0.354437
v -0.205604 0.169458 0.383902
v 0.298072 0.139328 -0.134362
v 0.219128 0.053224 -0.119394
v 0.083031 0.331971 -0.208382
v -0.120530 0.554381 -0.037262
v -0.197008 0.864728 0.219894
v -0.402796 0.824845 0.201239
v -0.181710 0.298552 0.336673
v -0.248171 0.662510 -0.055036
v -0.406690 0.662849 0.402960
v -0.107569 0.466036 0.001355
v -0.114677 0.582009 -0.041931
v -0.001134 0.254576 -0.262413
v -0.295727 0.624081 0.256862
v -0.190113 0.352580 0.317759
v -0.400657 0.664610 0.403920
v -0.354669 0.237885 0.082560
v -0.297920 0.755803 0.275424
v 0.311617 0.083131 -0.099707
v -0.035946 0.378328 -0.201098
v -0.282047 0.693164 0.288417
v 0.324913 0.427799 -0.388293
v 0.336179 0.398882 -0.379473
v -0.109219 0.309806 0.086024
v 0.306368 0.175334 -0.146579
v -0.388433 0.667422 0.330160
v 0.435349 0.247235 -0.422428
v 0.226995 0.457659 -0.224652
v 0.216612 0.553036 -0.216622
v 0.108655 0.672518 -0.376434
v -0.339371 0.451654 0.308369
v 0.168219 0.595184 -0.169969
v 0.114659 0.175906 -0.127620
v -0.190627 0.614340 0.290700
v 0.301231 0.322465 -0.153641
v 0.193953 0.058096 -0.096261
v 0.313974 0.162709 -0.141685
v -0.404276 0.364893 0.305928
v -0.148187 0.845831 0.155482
v -0.037831 0.108769 -0.062161
v 0.017488 0.467085 0.003511
v -0.364615 0.069726 0.152571
v -0.117277 0.605476 0.151610
v -0.421906 0.169934 0.328402
v -0.317654 0.671593 0.433163
v 0.129569 0.132827 -0.091644
v -0.148295 0.006019 -0.008346
v -0.009741 0.166013 -0.257176
v 0.007109 0.100567 -0.222907
v 0.348391 0.237881 -0.148194
v 0.110375 0.380685 -0.225213
v -0.147028 0.461061 0.018134
v 0.149183 0.083478 -0.087637
v -0.034994 0.147124 -0.298920
v -0.337112 0.739184 0.203810
v -0.166949 0.494093 0.051172
v 0.192870 0.282410 -0.197995
v 0.349182 0.230625 -0.164430
v 0.348571 0.223275 -0.158583
v 0.353423 0.241403 -0.161911
v 0.295479 0.118190 -0.117041
v 0.274479 0.026641 -0.240650
v -0.213976 0.045306 -0.026686
v -0.277848 0.752810 0.229157
v 0.359247 0.229641 -0.157225
v -0.261183 0.509350 0.272780
v -0.415696 0.161670 0.089354
v -0.305108 0.663985 0.411522
v 0.299376 0.258755 -0.151481
v 0.112390 0.160762 -0.121376
v -0.281645 0.003917 -0.078474
v 0.146681 0.631269 -0.151227
v 0.081416 0.468287 -0.072994
v -0.312730 0.243520 0.106480
v -0.169070 0.301976 -0.131654
v -0.137650 0.225696 -0.139684
v 0.027273 0.142028 -0.169764
v -0.197168 0.362692 0.098879
v -0.167287 0.462496 0.026082
v -0.109615 0.659068 0.035376
v 0.322348 0.070080 -0.083501
v 0.349481 0.315805 -0.178538
v 0.244416 0.090150 -0.108495
v -0.009110 0.632099 -0.309378
v -0.106949 0.326174 0.076697
v 0.089056 0.089627 -0.431688
v 0.307228 0.080123 -0.111294
v 0.352002 0.303908 -0.350677
v 0.365382 0.280569 -0.343476
v 0.179028 0.034053 -0.421107
v -0.158617 0.337066 0.260849
v -0.258627 0.703782 0.249216
v -0.322645 0.696734 0.473436
v -0.128270 0.545320 -0.023129
v -0.167823 0.883788 -0.049071
v -0.129565 0.010446 0.432605
v 0.293181 0.073690 -0.116752
v -0.162891 0.416452 0.201862
v 0.405649 0.125306 -0.381553
v -0.417914 0.698647 0.430898
v 0.124355 0.351498 -0.416914
v 0.345539 0.267584 -0.161381
v 0.065389 0.688593 -0.135856
v -0.251878 0.711018 0.218671
v -0.138866 0.749824 0.025862
v -0.481726 0.039782 0.304192
v 0.041335 0.221465 0.008214
v 0.045375 0.271205 0.008378
v -0.074114 0.711324 0.038563
v 0.328274 0.113136 -0.113623
v 0.131147 0.562802 -0.427644
v -0.090190 0.345572 0.065171
v -0.051318 0.097925 -0.373863
v 0.313968 0.355546 -0.097749
v -0.256244 0.032406 0.349656
v 0.269010 0.038629 -0.120676
v -0.245876 0.558804 -0.009855
v -0.143050 0.788672 0.173532
v 0.277161 0.359713 -0.149329
v 0.481151 0.075568 -0.203904
v -0.302958 0.409995 0.089215
v 0.321793 0.207374 -0.165075
v 0.317542 0.176206 -0.149167
v 0.353120 0.279957 -0.158953
v 0.339008 0.208668 -0.145047
v -0.350871 0.818258 0.429870
v 0.400979 0.270412 -0.413478
v 0.300587 0.527172 -0.443765
v -0.185246 0.869199 -0.029476
v -0.455861 0.800380 0.345626
v -0.324459 0.011430 0.176743
v -0.419194 0.768801 0.393999
v 0.041013 0.274222 -0.080833
v -0.073611 0.666215 -0.097131
v 0.054060 0.037707 -0.278789
v -0.144524 0.490677 -0.119320
v -0.391393 0.711169 0.215995
v -0.420485 0.675883 0.422875
v 0.036580 0.713698 -0.187110
v -0.385192 0.664892 0.354119
v -0.382189 0.674071 0.359993
v 0.444457 0.189590 -0.205093
v -0.293686 0.360122 0.109347
v 0.422081 0.099437 -0.156928
v -0.393661 0.663923 0.389382
v 0.105484 0.591730 -0.406977
v -0.044116 0.130159 -0.298829
v -0.249324 0.721919 -0.078797
v -0.347726 0.817294 0.408045
v 0.194045 0.688001 -0.244189
v 0.148213 0.679576 -0.174890
v -0.293595 0.496323 0.048877
v -0.033414 0.130622 -0.290144
v -0.303409 0.690675 0.464980
v -0.004932 0.535399 -0.011465
v -0.279454 0.779073 0.428533
v -0.317415 0.710085 0.158983
v -0.317599 0.037895 0.091434
v -0.336519 0.606816 0.116853
v -0.263685 0.610383 0.173288
v 0.089232 0.123033 -0.135551
v -0.126150 0.626485 0.101859
v 0.410133 0.684664 -0.456326
v -0.348923 0.669019 0.231750
v -0.169881 0.616874 0.250766
v -0.321673 0.709141 -0.038000
v 0.231878 0.623212 -0.415616
v -0.142398 0.614481 0.143621
v -0.529734 0.034637 0.274575
v 0.052637 0.214801 -0.159292
v 0.054526 0.235668 -0.160110
v -0.296739 0.760994 0.282380
v 0.076163 0.639582 -0.100043
v 0.139448 0.574805 -0.141462
v -0.055809 0.070833 -0.341465
v -0.204342 0.613576 0.330822
v 0.051836 0.252770 -0.171102
v -0.179413 0.375707 -0.072608
v -0.305739 0.605792 0.347946
v -0.291934 0.703152 0.234951
v 0.512349 0.127201 -0.233026
v -0.247015 0.255913 0.401756
v -0.287688 0.673723 0.428353
v 0.299162 0.055014 -0.110455
v -0.335371 0.716695 0.153765
v -0.018811 0.154448 -0.311844
v 0.256900 0.427444 -0.158305
v 0.326724 0.497073 -0.400126
v 0.512542 0.299581 -0.329594
v 0.295068 0.317810 -0.112983
v -0.193756 0.648742 0.219623
v 0.248883 0.012645 -0.180285
v 0.391072 0.616562 -0.428383
v 0.055506 0.189115 -0.151661
v 0.075539 0.159434 -0.140933
v 0.255461 0.461424 -0.167983
v 0.264072 0.449826 -0.182731
v 0.311134 0.284172 -0.154068
v 0.375605 0.267210 -0.156928
v 0.081288 0.473668 -0.152517
v -0.025362 0.348141 0.062674
v -0.439977 0.223218 0.122035
v -0.341269 0.677684 0.216199
v -0.073823 0.803958 -0.014006
v 0.214963 0.228515 -0.206909
v 0.317188 0.317466 -0.170664
v -0.134620 0.492106 0.000591
v 0.307024 0.145955 -0.132663
v 0.338579 0.171760 -0.149540
v -0.515347 0.088894 0.209652
v -0.127967 0.318084 -0.172101
v -0.214215 0.285096 -0.021510
v 0.029285 0.109446 -0.323451
v 0.357862 0.203783 -0.153314
v 0.355460 0.191268 -0.148118
v 0.076946 0.486968 -0.231034
v -0.176003 0.630069 0.294095
v -0.161620 0.490034 0.210926
v 0.127946 0.064375 -0.035224
v -0.283963 0.679790 0.396264
v 0.221795 0.252990 -0.221494
v -0.222923 0.641850 0.288125
v -0.017746 0.087262 0.317169
v 0.021505 0.372858 0.027232
v -0.347283 0.274779 0.141722
v -0.342158 0.681402 0.400833
v -0.157263 0.897229 -0.087594
v 0.349416 0.365706 -0.439323
v 0.307024 0.499830 -0.344936
v 0.310281 0.182417 -0.169988
v 0.449137 0.229365 -0.238788
v -0.129275 0.547318 0.121257
v 0.251379 0.510410 -0.237832
v 0.356305 0.258150 -0.157568
v 0.121981 0.030163 0.012013
v 0.028665 0.202961 0.124237
v -0.005885 0.143716 0.274468
v 0.008494 0.353155 -0.173481
v -0.329318 0.739993 0.190427
v 0.099936 0.149230 -0.133923
v 0.215076 0.654743 -0.226357
v -0.011855 0.174305 0.236849
v 0.298691 0.535718 -0.302874
v -0.153373 0.380365 0.042062
v -0.183223 0.871171 -0.016065
v -0.187919 0.863970 -0.003804
v -0.319606 0.631458 0.170526
v -0.022356 0.271009 -0.152278
v -0.048388 0.644598 -0.252393
v -0.229135 0.706748 0.219425
v 0.431726 0.400347 -0.357826
v -0.345714 0.415906 0.136967
v -0.211217 0.646526 0.260921
v 0.069911 0.152291 0.130142
v -0.340723 0.603031 0.149204
v -0.191796 0.864468 -0.017110
v 0.316074 0.299145 -0.087794
v -0.327346 0.025447 0.139802
v 0.299034 0.151858 -0.137517
v -0.282767 0.757282 0.255275
v -0.188756 0.424771 0.065352
v 0.271010 0.344203 -0.294817
v 0.327315 0.190081 -0.154861
v 0.350227 0.186832 -0.142004
v -0.302058 0.700765 0.229788
v 0.475011 0.129973 -0.193573
v 0.254181 0.489573 -0.185932
v -0.306275 0.668807 0.430709
v -0.323886 0.008757 0.259140
v -0.015952 0.268104 -0.148243
v 0.026840 0.165176 -0.345529
v -0.125344 0.316910 0.063733
v -0.133751 0.609259 0.167098
v 0.122739 0.086138 -0.077317
v -0.349932 0.411519 0.337653
v -0.326948 0.143508 0.014130
v -0.335010 0.604872 0.400901
v 0.278110 0.163113 -0.166621
v -0.201101 0.107263 0.378551
v 0.179055 0.561644 -0.190135
v 0.371883 0.229016 -0.312181
v -0.039396 0.139406 -0.289837
v 0.212993 0.061107 -0.106827
v 0.361016 0.284730 -0.169609
v 0.102333 0.054119 -0.039669
v 0.279004 0.465887 -0.262774
v -0.353908 0.795478 0.060989
v 0.365303 0.186189 -0.140494
v -0.288828 0.622693 0.138244
v 0.379088 0.141833 -0.345085
v 0.360100 0.156680 -0.128219
v -0.357471 0.127272 0.023750
v -0.350019 0.751603 0.263330
v -0.389364 0.658714 0.340888
v 0.046487 0.463375 -0.213774
v -0.296896 0.751615 0.211673
v 0.229530 0.216885 -0.080563
v 0.074916 0.572964 -0.383558
v -0.298448 0.615953 0.290863
v -0.241570 0.666216 -0.070328
v -0.374774 0.198031 0.053176
v 0.304132 0.535435 -0.471710
v -0.081447 0.521064 -0.020147
v 0.168430 0.344448 -0.421275
v -0.483642 0.042381 0.286636
v 0.065344 0.407852 -0.097950
v -0.293282 0.695347 0.261335
v 0.304666 0.268783 -0.153732
v -0.371773 0.653363 0.308396
v -0.288575 0.626404 0.177689
v -0.399958 0.687398 0.435361
v -0.293426 0.624496 0.164600
v 0.418176 0.341792 -0.451930
v 0.309987 0.110557 -0.119115
v -0.040914 0.471415 0.015685
v -0.006524 0.435001 0.025529
v -0.179386 0.098276 -0.075365
v -0.390883 0.662376 0.376166
v 0.051039 0.168580 -0.150935
v 0.314378 0.120272 -0.133877
v 0.272820 0.044150 -0.107194
v 0.270322 0.112156 -0.097692
v 0.011203 0.163403 -0.329028
v 0.029971 0.140635 0.052727
v -0.091844 0.272052 0.283331
v -0.255673 0.746633 0.195028
v -0.370376 0.659259 0.358333
v -0.344860 0.697892 0.477501
v -0.358734 0.707681 0.183610
v 0.374326 0.409937 -0.359444
v 0.127905 0.342474 -0.196775
v 0.158966 0.317672 -0.191955
v -0.277624 0.695166 0.271494
v 0.056288 0.371392 -0.306553
v 0.211582 0.073932 -0.103775
v 0.295290 0.080219 -0.104731
v 0.295178 0.360300 -0.178862
v -0.335022 0.732832 0.182126
v 0.311596 0.106252 -0.128126
v 0.312205 0.089783 -0.114275
v 0.187910 0.213151 -0.161234
v -0.289152 0.748050 0.397185
v 0.083033 0.582951 -0.081386
v -0.320359 0.690737 0.171167
v 0.376865 0.279353 -0.164990
v 0.370140 0.282414 -0.161386
v -0.311418 0.688672 0.282085
v -0.304806 0.689982 0.266414
v 0.253137 0.106352 -0.403236
v 0.000726 0.032694 0.104370
v -0.310349 0.672354 0.441212
v -0.288942 0.743216 0.178043
v 0.358969 0.248894 -0.153069
v 0.360612 0.216845 -0.150900
v 0.412474 0.259109 -0.141908
v -0.321400 0.614203 0.105403
v -0.426651 0.677334 0.409635
v -0.161712 0.825635 0.057215
v 0.279330 0.248455 -0.139171
v -0.290581 0.770197 0.350377
vn -0.9599 0.2779 -0.0359
vn -0.3991 0.3888 0.8304
vn -0.8056 0.2205 0.5498
vn 0.8214 0.5673 0.0591
vn 0.8685 0.4923 -0.0581
vn 0.7286 0.2800 -0.6251
vn 0.3100 -0.8213 0.4790
vn 0.2887 -0.8695 0.4007
vn -0.0917 -0.9061 0.4129
vn -0.9263 0.3491 -0.1416
vn -0.8767 0.1947 -0.4399
vn -0.7637 0.0302 -0.6449
vn -0.2690 -0.9607 -0.0678
vn -0.4325 -0.8933 -0.1228
vn -0.2389 -0.8361 0.4938
vn 0.0623 0.6762 0.7340
vn 0.4342 0.4130 0.8006
vn 0.6204 0.3694 0.6918
vn 0.9733 -0.2025 -0.1084
vn 0.9576 -0.0666 -0.2802
vn 0.6614 -0.6450 -0.3828
vn -0.9127 0.1313 -0.3869
vn -0.8689 -0.2926 -0.3992
vn -0.9338 -0.3432 0.1014
vn -0.3288 0.8438 -0.4240
vn -0.1396 0.8091 -0.5708
vn -0.8720 0.4357 0.2231
vn 0.6221 0.7730 -0.1240
vn 0.6421 0.7543 0.1368
vn 0.7267 0.6813 0.0875
vn -0.0715 0.9950 0.0695
vn -0.5885 0.7982 -0.1283
vn -0.3839 0.9203 -0.0754
vn 0.3661 -0.4985 -0.7858
vn 0.2944 0.0687 -0.9532
vn 0.3285 -0.5744 -0.7498
vn 0.6287 0.7009 -0.3369
vn 0.0734 0.9415 -0.3288
vn 0.2679 0.6334 -0.7260
vn 0.2972 0.8879 0.3513
vn 0.6946 0.7127 -0.0976
vn -0.9342 0.0470 0.3537
vn -0.9682 -0.1694 0.1841
vn -0.8755 -0.3802 0.2982
vn 0.8576 -0.1252 -0.4988
vn 0.3912 -0.1423 -0.9092
vn 0.5994 0.2037 -0.7741
vn 0.5149 0.0278 -0.8568
vn 0.8633 0.4802 -0.1551
vn 0.9118 0.0807 -0.4027
vn 0.1323 -0.8075 -0.5748
vn 0.0330 -0.9994 0.0042
vn 0.6111 -0.7730 -0.1706
vn -0.9292 -0.3391 -0.1471
vn -0.7696 -0.5257 -0.3625
vn 0.0869 -0.9950 0.0490
vn 0.9387 -0.0187 -0.3441
vn 0.8739 0.2196 -0.4336
vn 0.7725 -0.2495 0.5840
vn -0.4260 0.7403 -0.5200
vn -0.1153 0.9025 0.4150
vn -0.1587 0.9492 0.2716
vn -0.3948 0.4841 -0.7809
vn -0.0391 0.6611 -0.7492
vn -0.5326 0.2553 0.8070
vn -0.4087 0.8851 0.2227
vn -0.3878 0.5918 0.7067
vn -0.1533 -0.8863 -0.4371
vn 0.1660 -0.5665 -0.8072
vn -0.4256 -0.3512 -0.8340
vn 0.7611 -0.3008 -0.5747
vn -0.6886 -0.2333 -0.6866
vn 0.6614 -0.6229 -0.4178
vn -0.2412 0.4880 -0.8388
vn -0.2624 0.6010 -0.7550
vn -0.2173 0.5718 -0.7911
vn 0.1266 -0.9770 0.1716
vn 0.5211 -0.7150 0.4661
vn -0.0714 0.9404 0.3324
vn -0.2206 0.8431 0.4904
vn 0.0023 0.9557 0.2943
vn -0.0276 -0.9989 0.0386
vn 0.0601 -0.9625 0.2645
vn 0.2685 -0.9320 -0.2435
vn 0.7055 0.6462 0.2908
vn 0.2706 0.9127 0.3062
vn 0.7435 0.4773 0.4684
vn 0.6578 -0.6150 0.4348
vn 0.9221 -0.3480 -0.1691
vn -0.7153 -0.1979 -0.6702
vn -0.8092 -0.4931 -0.3196
vn -0.7158 0.0046 -0.6983
vn -0.6415 0.2598 -0.7218
vn -0.3641 0.3699 -0.8548
vn -0.9873 0.1514 -0.0492
vn -0.3370 -0.8273 -0.4493
vn -0.4107 -0.5669 -0.7141
vn 0.2805 -0.8036 0.5250
vn -0.0331 0.9579 0.2851
vn 0.7292 0.6342 0.2570
vn -0.0062 0.8884 0.4590
vn -0.2864 -0.9071 0.3083
vn -0.3317 -0.8697 -0.3654
vn 0.0662 -0.9970 0.0396
vn -0.2905 0.9366 0.1962
vn -0.9511 0.2817 0.1265
vn -0.5636 0.5042 0.6543
vn -0.5585 0.5127 0.6520
vn -0.4229 -0.8896 0.1723
vn 0.0996 -0.8374 -0.5375
vn -0.7554 0.4212 -0.5019
vn 0.1445 -0.4285 -0.8919
vn 0.5084 -0.5409 -0.6700
vn -0.4203 -0.4352 -0.7962
vn -0.6283 -0.5702 0.5293
vn 0.6988 -0.6687 -0.2539
vn 0.7835 0.6052 0.1412
vn 0.8063 0.5729 0.1469
vn 0.7058 0.6529 0.2748
vn -0.8899 0.3873 -0.2410
vn -0.8395 0.1100 -0.5321
vn -0.6097 0.4293 -0.6663
vn -0.5090 -0.3188 -0.7996
vn -0.5969 -0.4782 -0.6442
vn -0.5307 -0.4339 -0.7281
vn -0.3711 0.3981 -0.8389
vn -0.7925 0.5979 0.1203
vn -0.8169 0.2241 -0.5315
vn 0.9329 -0.0509 0.3566
vn 0.9132 0.0349 0.4060
vn 0.9113 0.1967 -0.3616
vn 0.0731 -0.0326 -0.9968
vn -0.0531 0.0433 -0.9977
vn 0.9517 0.2964 0.0797
vn 0.9813 -0.1774 -0.0752
vn 0.9213 0.1694 0.3499
vn 0.7410 0.4987 0.4497
vn 0.5410 -0.8331 -0.1149
vn 0.7611 -0.6468 -0.0489
vn -0.6916 0.5512 -0.4668
vn -0.1645 0.5184 -0.8392
vn -0.4142 0.4769 -0.7752
vn -0.2395 -0.9560 -0.1696
vn -0.6736 -0.7360 -0.0680
vn -0.2892 0.0729 -0.9545
vn 0.0833 0.0458 -0.9955
vn -0.2778 -0.0957 -0.9559
vn 0.5243 0.7497 0.4038
vn 0.4145 0.8737 -0.2544
vn 0.2824 0.9562 -0.0775
vn -0.5189 0.3785 -0.7665
vn -0.8563 -0.0977 -0.5072
vn -0.5671 0.6759 -0.4707
vn 0.5826 -0.7586 0.2919
vn 0.1466 -0.9146 0.3768
vn 0.7388 -0.4645 0.4883
vn 0.6326 -0.7209 0.2829
vn 0.3419 -0.8773 0.3370
vn 0.3665 -0.8805 0.3008
vn 0.9456 0.0051 0.3252
vn 0.9000 -0.1200 0.4191
vn 0.8679 0.4247 0.2576
vn 0.4802 0.8597 -0.1743
vn -0.5106 0.4231 -0.7485
vn 0.3748 0.8079 -0.4548
vn -0.4996 -0.8587 -0.1137
vn -0.0900 -0.7589 -0.6450
vn 0.2866 -0.8902 0.3542
vn -0.7449 -0.2125 -0.6324
vn -0.3922 -0.6591 -0.6417
vn -0.9341 -0.2017 -0.2947
vn 0.8402 0.4071 -0.3584
vn 0.3110 -0.0735 -0.9475
vn 0.5960 0.0177 -0.8028
vn 0.2171 0.6646 0.7150
vn -0.8296 0.5260 0.1874
vn -0.3945 0.4816 0.7826
vn -0.2537 0.5159 0.8182
vn -0.0509 0.0454 0.9977
vn -0.1885 -0.9789 -0.0791
vn 0.1993 -0.9714 0.1292
vn -0.2942 -0.9502 0.1023
vn -0.4331 -0.8312 0.3487
vn -0.7468 0.0860 -0.6594
vn 0.4777 0.8763 0.0628
vn -0.6303 0.5132 -0.5825
vn 0.0406 -0.9804 -0.1927
vn -0.1623 -0.9513 -0.2621
vn -0.3519 -0.9152 -0.1966
vn 0.4009 -0.9158 0.0243
vn -0.1963 -0.9599 0.2004
vn 0.5225 0.0211 0.8524
vn 0.7022 -0.0771 0.7077
vn 0.8419 -0.1592 0.5157
vn -0.3053 -0.9471 0.0988
vn 0.1085 -0.9758 0.1896
vn -0.0840 -0.8948 0.4385
vn -0.7822 -0.0663 0.6195
vn -0.5678 0.2130 0.7951
vn -0.0532 -0.9279 0.3691
vn 0.4136 -0.8774 -0.2429
vn 0.3581 -0.8901 0.2820
vn 0.6871 0.1400 0.7129
vn 0.4952 0.5339 0.6854
vn -0.1543 0.1584 0.9752
vn -0.0331 0.2265 -0.9734
vn 0.0225 0.2919 -0.9562
vn -0.7701 0.2758 -0.5751
vn -0.8691 0.4831 0.1068
vn 0.1639 -0.0993 0.9815
vn -0.9185 -0.2882 0.2706
vn -0.0580 0.7266 0.6846
vn -0.6085 0.7277 -0.3165
vn -0.8594 0.4968 0.1213
vn -0.6889 0.7020 -0.1807
vn 0.0762 0.9932 0.0876
vn 0.7399 0.6709 0.0493
vn -0.7139 0.4697 -0.5194
vn 0.2160 -0.9257 -0.3105
vn 0.7247 -0.6500 -0.2286
vn -0.0794 0.0619 -0.9949
vn 0.0123 0.6408 -0.7676
vn 0.1066 -0.0744 -0.9915
vn -0.8711 0.4611 -0.1688
vn -0.6503 0.4569 -0.6069
vn -0.7752 0.6139 -0.1487
vn -0.0772 -0.9379 -0.3382
vn -0.4192 -0.6128 -0.6699
vn 0.4701 0.8475 -0.2464
vn 0.4312 0.2678 -0.8616
vn 0.9055 -0.2995 -0.3005
vn -0.3263 -0.2449 -0.9130
vn 0.1294 -0.3934 -0.9102
vn 0.3073 -0.0043 -0.9516
vn 0.7383 0.6701 0.0765
vn 0.9702 -0.1598 -0.1820
vn -0.2323 -0.7789 -0.5825
vn 0.9409 -0.1658 0.2955
vn 0.9919 -0.1177 0.0476
vn 0.4767 -0.8764 -0.0686
vn 0.3271 0.8755 0.3556
vn 0.6542 0.6245 0.4267
vn 0.8754 0.1575 0.4571
vn -0.8011 0.4823 -0.3544
vn -0.6460 -0.6491 0.4017
vn -0.8420 0.4358 -0.3180
vn -0.8906 0.4547 -0.0055
vn -0.9327 0.3538 -0.0702
vn -0.9457 0.3135 -0.0854
vn -0.0179 0.5923 -0.8055
vn 0.6082 0.7906 0.0717
vn 0.3274 0.7262 -0.6045
vn -0.9289 0.2539 -0.2695
vn -0.8801 0.4621 0.1094
vn -0.9242 0.0884 -0.3714
vn -0.2059 0.9500 0.2346
vn 0.1471 -0.1691 -0.9746
vn 0.1127 -0.3441 -0.9321
vn -0.3752 0.1295 -0.9179
vn -0.6726 -0.1033 0.7328
vn -0.5259 -0.1626 0.8349
vn 0.0226 -0.0206 0.9995
vn 0.5191 0.6623 0.5403
vn 0.5743 0.6036 0.5530
vn 0.7190 0.5515 -0.4229
vn -0.4230 0.6582 0.6227
vn -0.5165 0.2841 0.8078
vn 0.9615 -0.2285 -0.1526
vn 0.3822 -0.6172 0.6878
vn 0.8681 0.1437 0.4752
vn 0.7217 0.4950 0.4838
vn 0.8998 -0.1867 0.3943
vn 0.6405 -0.7666 -0.0446
vn 0.0424 0.2347 0.9712
vn -0.6698 0.4162 -0.6149
vn -0.5334 0.6248 -0.5703
vn -0.1920 0.8061 -0.5598
vn -0.8309 0.5191 -0.2004
vn -0.8077 0.5138 -0.2891
vn -0.7479 0.6086 -0.2652
vn -0.9636 0.2616 -0.0557
vn -0.9474 0.3104 0.0782
vn -0.9520 0.3018 -0.0501
vn 0.9215 -0.3658 -0.1305
vn 0.4159 -0.7278 -0.5453
vn 0.6371 -0.5862 -0.5005
vn 0.4910 0.4129 0.7671
vn 0.4584 0.8872 0.0517
vn 0.4380 0.7742 0.4570
vn -0.7513 0.5760 -0.3220
vn -0.3684 0.9277 -0.0602
vn -0.7205 0.5578 -0.4120
vn 0.7006 -0.3647 0.6133
vn 0.3567 -0.2576 0.8980
vn 0.4161 -0.9090 0.0251
vn 0.1418 -0.7783 0.6116
vn -0.6226 -0.6090 0.4914
vn 0.1720 -0.7863 0.5934
vn -0.3875 -0.7756 0.4982
vn 0.3488 0.4662 0.8130
vn 0.3872 0.5290 0.7552
vn -0.6839 0.6733 -0.2810
vn -0.4239 0.6217 -0.6586
vn 0.1941 -0.9798 0.0486
vn 0.0862 -0.9959 0.0285
vn 0.9588 0.2105 -0.1907
vn -0.4769 0.6261 -0.6169
vn -0.9203 0.2142 -0.3274
vn -0.7031 0.3242 -0.6329
vn -0.0209 0.6278 0.7781
vn 0.8757 0.4569 -0.1561
vn 0.4994 0.5964 0.6285
vn -0.5399 -0.4226 -0.7280
vn -0.5568 -0.4457 0.7009
vn -0.2372 -0.8105 0.5355
vn 0.0487 -0.1006 -0.9937
vn 0.1509 0.2005 -0.9680
vn 0.2279 -0.0466 -0.9726
vn 0.5139 -0.0106 -0.8578
vn -0.2876 -0.1709 -0.9424
vn 0.4156 -0.2694 -0.8687
vn -0.1004 -0.9947 -0.0221
vn 0.1608 -0.9867 -0.0255
vn 0.4765 -0.8668 0.1468
vn -0.3715 -0.0746 0.9254
vn -0.9627 0.2601 0.0740
vn 0.2657 0.6777 -0.6857
vn 0.5492 -0.2138 -0.8078
vn -0.2384 0.5951 -0.7675
vn -0.6851 -0.4248 0.5918
vn 0.1436 0.1319 0.9808
vn -0.3509 -0.9300 -0.1092
vn -0.7822 0.6141 0.1051
vn 0.0132 0.1834 0.9829
vn 0.7212 0.1568 0.6748
vn 0.1318 0.0338 0.9907
vn -0.5501 0.3505 0.7580
vn 0.1650 -0.7976 0.5802
vn 0.2757 -0.0506 0.9599
vn -0.2109 -0.1092 -0.9714
vn -0.0500 0.5758 -0.8160
vn -0.6246 -0.1185 -0.7719
vn -0.6945 0.3748 -0.6142
vn -0.8177 0.2240 -0.5303
vn -0.6521 0.4093 -0.6381
vn -0.9616 0.2659 0.0680
vn -0.6545 0.2735 0.7049
vn -0.4519 0.6470 0.6142
vn 0.2659 -0.9568 0.1175
vn -0.1966 -0.9798 -0.0363
vn 0.1120 -0.9786 -0.1724
vn -0.8246 0.4201 0.3789
vn -0.6208 0.1934 -0.7598
vn 0.4004 -0.4739 -0.7843
vn 0.5550 -0.3938 -0.7328
vn -0.2923 -0.4846 0.8244
vn 0.3817 0.2432 0.8917
vn 0.6325 0.7602 0.1485
vn 0.2164 0.8684 0.4461
vn 0.5269 0.6742 0.5175
vn 0.0809 0.9814 0.1738
vn 0.4393 0.0821 0.8946
vn 0.6028 -0.1724 0.7790
vn 0.7590 0.4831 0.4364
vn 0.5191 0.1701 0.8376
vn -0.4324 0.4161 0.7999
vn 0.5654 0.3710 0.7366
vn 0.8550 -0.0461 0.5167
vn 0.9499 0.1914 0.2469
vn 0.5695 0.0571 0.8200
vn 0.5500 0.4137 0.7255
vn 0.2886 -0.8531 0.4347
vn -0.5708 -0.6458 0.5070
vn -0.4101 -0.0544 -0.9104
vn -0.5669 0.6079 -0.5559
vn 0.8612 0.3786 -0.3391
vn 0.8281 0.3912 0.4015
vn 0.2203 0.9562 -0.1930
vn -0.4016 -0.8145 -0.4186
vn -0.4027 -0.7925 -0.4580
vn -0.8904 0.3333 -0.3100
vn -0.6562 -0.0789 0.7504
vn -0.5052 0.1007 0.8571
vn -0.3765 -0.7046 0.6015
vn -0.0537 -0.9404 0.3358
vn 0.4698 -0.4371 0.7670
vn 0.2355 0.6439 -0.7279
vn -0.9547 -0.0079 -0.2974
vn -0.5351 0.7846 -0.3132
vn -0.2022 0.8092 0.5517
vn 0.3420 0.5336 0.7735
vn 0.6448 0.6021 -0.4708
vn 0.6205 0.5348 -0.5735
vn 0.2712 -0.9265 -0.2607
vn -0.5221 -0.6401 -0.5637
vn 0.1338 -0.9185 -0.3720
vn 0.0661 0.7152 -0.6958
vn -0.1201 0.7172 -0.6864
vn -0.2348 0.6085 -0.7580
vn -0.0495 -0.0461 0.9977
vn -0.6537 0.6024 0.4579
vn 0.1459 0.2827 0.9480
vn -0.3512 0.2308 0.9074
vn 0.3122 0.8425 0.4390
vn 0.6188 0.7715 0.1476
vn 0.8716 0.1228 0.4745
vn -0.2240 0.9743 -0.0228
vn -0.1636 0.9519 0.2592
vn -0.7764 0.6294 -0.0319
vn -0.3749 -0.9244 0.0698
vn -0.1552 -0.9613 0.2278
vn -0.0793 -0.9909 0.1086
vn 0.0152 -0.9997 0.0206
vn 0.3002 -0.2675 0.9156
vn 0.5151 0.4949 0.6998
vn 0.5401 0.4345 0.7207
vn 0.4480 0.1520 0.8810
vn -0.9063 -0.4134 -0.0875
vn 0.7276 0.3125 0.6107
vn -0.8101 -0.5804 0.0834
vn -0.7435 -0.5628 -0.3612
vn -0.9767 -0.1359 -0.1660
vn -0.3335 0.9357 0.1146
vn 0.1366 0.9616 0.2380
vn 0.9092 0.2745 0.3129
vn -0.0261 0.9983 0.0512
vn 0.3120 0.9363 0.1611
vn 0.4137 0.9104 -0.0014
vn 0.3887 0.9208 0.0316
vn 0.4130 0.9021 0.1252
vn -0.2727 0.9177 -0.2890
vn 0.3334 0.8314 -0.4445
vn 0.1354 -0.5196 -0.8436
vn 0.9378 0.0302 -0.3458
vn 0.1503 -0.1449 -0.9780
vn 0.7282 0.3510 -0.5886
vn 0.3325 0.9053 -0.2643
vn 0.1449 -0.9769 -0.1572
vn -0.8085 0.2091 0.5502
vn 0.0370 -0.3895 -0.9203
vn 0.8363 -0.4044 -0.3701
vn 0.1023 -0.3321 -0.9377
vn 0.2050 0.8894 -0.4085
vn -0.7772 -0.1450 -0.6123
vn -0.0505 0.2588 -0.9646
vn -0.1786 -0.9268 0.3303
vn -0.7547 -0.2182 0.6188
vn -0.0334 0.3937 0.9186
vn -0.0299 0.4172 0.9083
vn -0.6672 0.3703 0.6463
vn -0.0693 0.4107 0.9091
vn -0.4361 -0.8563 -0.2767
vn -0.4655 -0.5126 -0.7215
vn -0.1239 0.0720 -0.9897
vn 0.3439 0.0752 -0.9360
vn -0.2243 0.4646 -0.8566
vn -0.8868 0.0819 0.4549
vn -0.5302 0.7089 0.4652
vn -0.9841 -0.0968 -0.1487
vn -0.6638 -0.1069 -0.7402
vn -0.2438 0.7484 -0.6168
vn -0.3087 0.8227 -0.4774
vn -0.3379 0.7897 -0.5121
vn -0.7127 0.5095 -0.4822
vn -0.8404 0.0983 -0.5330
vn -0.5579 -0.4647 0.6876
vn -0.9132 -0.3486 0.2112
vn -0.1340 0.9899 0.0468
vn -0.3213 0.7474 0.5815
vn 0.1408 -0.4368 -0.8885
vn 0.5187 -0.6809 -0.5171
vn -0.7874 -0.5767 -0.2177
vn -0.6896 -0.2718 -0.6712
vn -0.0088 0.8289 0.5594
vn 0.3246 0.2088 0.9225
vn -0.1763 -0.6557 0.7341
vn -0.2067 -0.5086 -0.8358
vn 0.4785 -0.5316 -0.6988
vn -0.1505 -0.5523 -0.8200
vn 0.3051 0.9347 0.1824
vn -0.0063 0.9944 0.1060
vn 0.3475 -0.9205 -0.1786
vn 0.9887 0.1442 0.0401
vn 0.2036 -0.9696 -0.1359
vn -0.9280 -0.1237 -0.3513
vn -0.9515 -0.1124 -0.2864
vn -0.6639 -0.4137 -0.6230
vn -0.7270 0.6072 -0.3207
vn -0.3410 -0.7830 0.5202
vn -0.3725 -0.7996 0.4711
vn -0.4519 -0.6601 -0.6001
vn 0.6523 0.2060 -0.7294
vn 0.8421 -0.2508 -0.4774
vn -0.1551 -0.3436 -0.9262
vn 0.5159 0.2589 -0.8166
vn 0.4976 0.0098 -0.8674
vn -0.2511 0.3004 -0.9202
vn 0.1808 0.5764 0.7969
vn -0.1107 0.9927 0.0478
vn -0.6166 0.6787 0.3991
vn -0.5915 0.8063 -0.0007
vn -0.1976 0.9681 0.1541
vn 0.8923 -0.3849 0.2358
vn -0.2196 -0.9632 -0.1551
vn -0.3151 -0.8928 -0.3217
vn -0.3751 -0.9110 -0.1715
vn -0.1782 -0.9352 -0.3062
vn 0.4479 -0.0667 -0.8916
vn 0.7012 -0.4090 -0.5839
vn 0.5786 -0.1667 -0.7984
vn -0.1852 0.0517 -0.9813
vn 0.3994 -0.3165 -0.8604
vn -0.1749 0.3332 0.9265
vn 0.5076 0.3889 0.7688
vn 0.8608 -0.1363 -0.4904
vn 0.4260 -0.4370 -0.7922
vn 0.4753 -0.7588 -0.4453
vn 0.9442 -0.1554 0.2905
vn 0.9531 -0.2641 -0.1478
vn 0.8201 -0.5621 -0.1067
vn 0.0248 -0.7656 0.6429
vn 0.0935 -0.9920 -0.0845
vn 0.0273 -0.9991 -0.0320
vn -0.0500 -0.9580 0.2822
vn -0.1124 0.6375 0.7622
vn 0.1861 0.6127 0.7681
vn -0.1433 -0.9776 -0.1541
vn 0.0792 -0.9503 0.3012
vn 0.0443 0.9990 0.0075
vn -0.7019 0.5310 -0.4748
vn -0.6919 -0.2341 -0.6830
vn -0.5360 0.6350 -0.5564
vn -0.8662 -0.3599 -0.3466
vn -0.9534 -0.0422 -0.2987
vn -0.8017 0.0586 -0.5948
vn -0.7880 0.2112 -0.5784
vn 0.8658 0.5000 0.0196
vn -0.6791 -0.7320 0.0547
vn -0.3854 -0.8407 -0.3804
vn -0.6887 -0.7052 0.1684
vn 0.3466 0.9073 0.2380
vn 0.7842 0.1938 0.5895
vn 0.2989 0.0613 0.9523
vn 0.3512 0.9262 0.1368
vn 0.8500 -0.5164 -0.1037
vn 0.9705 -0.2350 0.0532
vn 0.6062 -0.5685 -0.5562
vn 0.3097 0.8141 0.4913
vn 0.0974 0.9859 -0.1359
vn 0.1564 0.9628 -0.2203
vn -0.4952 0.6675 0.5560
vn 0.6237 -0.2891 -0.7262
vn -0.2324 0.0263 -0.9723
vn 0.3306 -0.0916 0.9393
vn 0.0544 0.1676 0.9844
vn -0.8437 0.4979 0.2008
vn -0.8330 0.5451 -0.0943
vn -0.7249 0.6733 0.1456
vn -0.8812 -0.2280 0.4142
vn 0.4867 0.8676 0.1020
vn -0.8186 0.3126 -0.4819
vn -0.9330 0.2997 -0.1993
vn 0.2081 -0.3314 -0.9203
vn -0.5418 0.5478 -0.6375
vn 0.6541 0.7328 -0.1877
vn -0.5052 -0.0544 -0.8613
vn -0.9355 0.3533 -0.0084
vn -0.9897 0.1054 0.0970
vn 0.5893 0.8079 0.0045
vn 0.3717 -0.9204 0.1213
vn -0.0301 -0.9954 -0.0906
vn -0.1898 -0.9701 -0.1515
vn -0.0919 -0.9751 0.2019
vn 0.0516 -0.5949 -0.8021
vn 0.7051 -0.5420 -0.4572
vn -0.1063 -0.9236 0.3684
vn -0.4782 0.6425 0.5988
vn -0.4860 0.5437 0.6843
vn 0.0149 -0.5032 0.8640
vn 0.5681 -0.7243 0.3908
vn 0.4495 0.8295 -0.3314
vn 0.3684 0.9296 -0.0107
vn 0.4047 0.9139 0.0322
vn -0.2354 0.7878 0.5691
vn -0.0254 0.9993 0.0260
vn -0.4005 0.8398 0.3665
vn -0.2836 -0.7768 0.5623
vn 0.0857 -0.9601 0.2663
vn 0.0656 -0.0937 -0.9934
vn 0.4449 -0.1346 -0.8854
vn -0.4365 0.5842 -0.6842
vn 0.4596 -0.1209 0.8799
vn 0.7534 0.2146 0.6216
vn 0.5758 -0.3912 0.7179
vn 0.1116 -0.9936 0.0178
vn -0.8452 -0.3871 -0.3686
vn 0.2703 0.7874 0.5540
vn 0.8806 0.1597 0.4461
vn -0.0895 0.2037 0.9749
vn 0.3526 0.4242 0.8341
vn 0.1294 0.5890 0.7977
vn 0.0059 0.7428 0.6695
vn 0.5938 0.3825 0.7079
vn 0.0359 0.5283 0.8483
vn 0.2766 -0.9557 0.1010
vn 0.0339 -0.9991 0.0245
vn 0.0566 -0.9500 0.3072
vn 0.5036 -0.4694 -0.7253
vn 0.4831 -0.2602 -0.8360
vn -0.7107 0.1820 -0.6795
vn -0.3809 0.1456 -0.9131
vn -0.4897 -0.7380 -0.4643
vn -0.8278 -0.3589 0.4313
vn -0.9160 -0.2034 -0.3459
vn 0.2178 0.5027 0.8366
vn 0.4226 0.0919 0.9017
vn 0.0660 0.7128 0.6983
vn -0.3804 -0.2892 -0.8785
vn -0.0534 -0.6106 -0.7901
vn 0.9113 0.3988 0.1022
vn 0.2658 0.1937 0.9444
vn 0.6764 0.4395 -0.5910
vn 0.7003 0.5790 -0.4175
vn 0.0332 -0.9892 -0.1430
vn 0.6748 -0.6595 0.3312
vn 0.6414 -0.3923 0.6593
vn -0.5194 -0.8455 -0.1240
vn -0.9466 0.3208 0.0315
vn 0.8625 0.0310 0.5051
vn 0.8908 -0.3684 0.2659
vn -0.4588 0.8785 -0.1331
vn -0.7315 0.6487 -0.2099
vn -0.3427 -0.9044 0.2543
vn -0.1313 -0.9640 -0.2312
vn -0.9407 0.1665 0.2954
vn -0.0947 -0.9754 0.1990
vn -0.9600 -0.2504 -0.1251
vn 0.4004 -0.4118 -0.8186
vn 0.6713 -0.2288 0.7050
vn 0.2291 -0.9721 -0.0506
vn 0.9627 0.1683 0.2119
vn 0.9427 0.3232 0.0824
vn -0.3582 0.9052 0.2287
vn -0.6111 0.7915 0.0024
vn -0.3225 0.9288 0.1827
vn -0.4462 0.5238 0.7257
vn -0.8868 0.3231 0.3305
vn -0.3575 0.0339 0.9333
vn 0.1503 0.9769 0.1520
vn 0.0573 0.7401 0.6700
vn -0.9481 -0.1042 -0.3003
vn -0.8214 -0.4373 -0.3662
vn -0.9177 0.1579 -0.3645
vn -0.2408 0.9238 0.2977
vn -0.2251 0.9567 0.1847
vn 0.0576 -0.9668 0.2488
vn 0.8724 0.4730 -0.1232
vn 0.8422 0.2781 0.4619
vn -0.4009 0.6587 0.6367
vn -0.1910 0.3786 -0.9057
vn -0.8004 0.2136 -0.5600
vn -0.7616 -0.0832 -0.6427
vn -0.3456 -0.3066 -0.8869
vn -0.9353 0.1908 -0.2980
vn -0.8605 0.0544 -0.5065
vn 0.3368 0.3216 0.8849
vn 0.9752 -0.0087 -0.2213
vn 0.5495 -0.5699 -0.6109
vn 0.9206 -0.3897 0.0242
vn -0.2310 0.9727 -0.0240
vn 0.5704 -0.7270 0.3823
vn 0.2912 -0.7789 0.5554
vn -0.0009 -0.7168 0.6973
vn 0.0188 -0.8514 0.5243
vn 0.6346 -0.7659 -0.1032
vn 0.0203 -0.5241 0.8514
vn 0.1427 0.3873 0.9108
vn -0.4089 -0.2244 0.8846
vn -0.9990 -0.0323 0.0320
vn -0.5258 0.8355 0.1596
vn -0.5223 0.8495 0.0744
vn -0.1617 0.7419 -0.6508
vn 0.7865 -0.1153 -0.6067
vn 0.3824 0.1585 0.9103
vn -0.5893 -0.5771 -0.5653
vn 0.3688 -0.6694 -0.6449
vn -0.3602 0.0602 0.9309
vn -0.7456 -0.6463 -0.1625
vn -0.6602 0.3105 0.6839
vn -0.6569 -0.3445 0.6707
vn -0.6769 0.1851 0.7124
vn -0.8400 0.4707 0.2699
vn -0.3060 -0.8061 0.5065
vn 0.8974 0.1068 0.4281
vn -0.3714 0.1685 -0.9130
vn -0.3043 0.8791 -0.3668
vn -0.5157 0.8209 0.2455
vn -0.1050 0.1338 -0.9854
vn -0.3532 0.5562 -0.7522
vn 0.1131 0.9923 0.0511
vn -0.0932 0.9799 0.1763
vn 0.0971 0.9447 0.3134
vn 0.2198 0.9235 0.3143
vn 0.4463 -0.6442 -0.6212
vn 0.4754 -0.3699 -0.7982
vn 0.3161 -0.3708 -0.8732
vn 0.0803 -0.4293 -0.8996
vn -0.5389 0.7204 -0.4365
vn 0.4215 0.8000 0.4270
vn 0.1626 0.9541 -0.2515
vn 0.4832 -0.8595 -0.1669
vn -0.1746 -0.6510 0.7387
vn -0.0757 -0.6615 -0.7461
vn 0.6085 -0.6570 0.4451
vn 0.8255 -0.0490 0.5623
vn 0.9287 0.0243 0.3701
vn -0.4218 0.7204 0.5506
vn -0.7643 0.5751 0.2916
vn 0.0770 0.5168 0.8526
vn 0.9550 -0.2824 -0.0912
vn 0.9196 -0.2504 -0.3027
vn 0.5496 -0.1254 -0.8260
vn 0.1608 0.7836 0.6000
vn 0.4582 0.4585 0.7614
vn 0.5285 0.5867 0.6136
vn 0.3343 -0.4767 -0.8131
vn -0.1002 0.7601 -0.6421
vn -0.2401 0.9492 0.2033
vn 0.2036 0.9738 0.1009
vn -0.1450 0.4016 0.9043
vn 0.9989 0.0232 -0.0418
vn 0.4985 -0.1475 -0.8542
vn -0.4074 0.8840 -0.2294
vn 0.6404 -0.7550 0.1412
vn -0.1603 -0.8517 -0.4990
vn 0.5352 -0.6724 0.5112
vn -0.2602 0.1321 0.9565
vn -0.4211 -0.0725 0.9041
vn -0.3371 -0.0879 0.9374
vn -0.3449 0.4512 0.8231
vn -0.2517 0.1610 0.9543
vn -0.3635 0.9314 -0.0211
vn -0.0045 0.3794 -0.9252
vn 0.6854 0.6132 0.3928
vn 0.6537 0.7170 0.2418
vn 0.0794 -0.7965 0.5994
vn 0.6612 -0.5829 0.4723
vn 0.5752 -0.7257 0.3775
vn -0.8447 -0.4979 0.1966
vn -0.8432 0.5158 -0.1514
vn -0.4725 -0.1158 -0.8737
vn -0.0094 -0.3809 -0.9246
vn 0.2447 -0.4793 -0.8429
vn -0.6169 0.6628 -0.4244
vn -0.0847 0.4951 -0.8647
vn -0.2675 -0.4232 -0.8657
vn 0.5710 -0.6018 -0.5584
vn -0.0948 -0.3339 -0.9378
vn -0.1539 0.8322 -0.5327
vn -0.6824 0.6385 -0.3559
vn 0.1869 0.9751 0.1191
vn 0.5317 0.6630 0.5269
vn 0.3032 0.6547 0.6925
vn 0.3875 0.3437 0.8554
vn -0.0585 0.8833 -0.4651
vn -0.7301 -0.6731 0.1179
vn -0.3601 -0.2648 0.8946
vn -0.9327 -0.3102 -0.1842
vn -0.1892 0.9513 0.2433
vn -0.1303 0.9666 0.2206
vn -0.3893 0.8671 0.3108
vn -0.9838 0.1278 0.1261
vn -0.9971 0.0534 0.0534
vn 0.0778 -0.7118 -0.6980
vn 0.3385 -0.8347 -0.4343
vn -0.2333 -0.3353 0.9128
vn 0.0273 0.3875 0.9215
vn 0.1602 0.2894 0.9437
vn -0.9427 0.1775 -0.2826
vn -0.9638 0.1059 -0.2448
vn -0.9458 0.2041 -0.2526
vn 0.0934 -0.4050 -0.9096
vn 0.1108 -0.9432 -0.3132
vn -0.0751 -0.9062 0.4161
vn 0.2976 -0.9359 0.1887
vn 0.1659 -0.6472 0.7440
vn -0.2163 0.0105 -0.9763
vn 0.6750 0.6980 0.2390
vn -0.0319 0.7953 -0.6054
vn -0.5826 -0.7391 -0.3381
vn -0.5644 -0.8147 -0.1333
vn 0.2623 -0.9422 -0.2083
vn -0.6851 0.4996 -0.5301
vn -0.9395 0.1570 0.3045
vn -0.9990 -0.0444 -0.0015
vn -0.8955 0.0557 0.4416
vn 0.0783 0.4633 -0.8828
vn 0.5218 0.8003 -0.2952
vn 0.5433 0.6288 -0.5562
vn 0.6302 0.5207 -0.5760
vn -0.3340 0.9421 0.0308
vn -0.1430 0.9824 0.1204
vn -0.2285 0.9662 0.1194
vn 0.5026 -0.1596 -0.8496
vn 0.8073 -0.5567 0.1960
vn 0.9437 0.3139 0.1040
vn 0.8381 0.0348 0.5444
vn 0.5471 0.1327 0.8265
vn 0.8626 0.1020 0.4955
vn -0.2443 -0.2112 0.9464
vn 0.1746 -0.9761 -0.1294
vn -0.3681 0.9297 -0.0144
vn -0.0062 0.4459 0.8951
vn -0.7031 0.4451 0.5545
vn -0.0649 0.4098 0.9098
vn -0.0984 -0.7062 -0.7012
vn -0.2688 -0.4472 -0.8531
vn -0.2582 0.3117 -0.9144
vn 0.8662 0.3331 0.3726
vn 0.5394 0.7571 0.3687
vn 0.5519 0.0251 0.8336
vn -0.1776 -0.3030 -0.9363
vn 0.2419 -0.4928 -0.8359
vn 0.4527 -0.8695 -0.1974
vn 0.9581 -0.2843 -0.0343
vn 0.9883 -0.1097 0.1055
vn -0.8885 0.4309 -0.1580
vn 0.9141 -0.0793 0.3977
vn 0.8723 -0.4621 -0.1596
vn 0.9796 0.0583 -0.1921
vn -0.6098 0.6953 0.3804
vn -0.4101 0.6552 0.6344
vn 0.4014 0.4240 -0.8118
vn 0.8645 0.3843 -0.3240
vn 0.0879 0.9720 0.2180
vn -0.1983 -0.2878 -0.9369
vn 0.5373 0.2835 -0.7943
vn -0.2264 0.3089 0.9237
vn -0.4648 0.1788 0.8672
vn -0.1817 -0.9823 -0.0452
vn -0.4786 -0.5399 -0.6924
vn -0.3411 0.4725 0.8127
vn 0.4775 0.7624 0.4367
vn -0.2193 0.9634 -0.1542
vn -0.2266 0.3832 -0.8955
vn -0.8173 -0.0874 -0.5696
vn -0.9887 0.1106 0.1010
vn 0.3883 -0.9214 -0.0165
vn -0.8419 -0.5296 -0.1039
vn -0.9165 -0.0097 -0.3999
vn -0.0845 -0.8602 0.5028
vn -0.5370 -0.8434 0.0181
vn 0.1853 -0.2418 -0.9525
vn -0.1973 -0.1601 0.9672
vn -0.5742 0.5591 0.5981
vn -0.5106 0.6678 0.5417
vn -0.6556 0.2145 0.7240
vn -0.8967 0.0410 -0.4407
vn -0.9692 -0.1850 -0.1627
vn -0.2662 -0.6280 -0.7313
vn 0.0230 0.6576 0.7530
vn 0.5754 0.3293 0.7486
vn 0.7864 0.3259 0.5247
vn -0.8490 0.4827 -0.2148
vn -0.7941 0.0202 -0.6074
vn -0.1855 -0.3257 -0.9271
vn -0.0674 -0.1787 -0.9816
vn -0.4052 0.8956 0.1833
vn -0.4141 0.9051 0.0969
vn 0.3674 -0.5065 -0.7801
vn -0.4408 0.7178 -0.5389
vn -0.3044 0.4491 -0.8401
vn -0.7230 0.1100 -0.6821
vn -0.2182 0.4293 -0.8764
vn -0.7315 0.5238 0.4365
vn 0.6735 0.2952 -0.6777
vn -0.2952 -0.4406 -0.8478
vn -0.0996 -0.5720 -0.8142
vn 0.5207 -0.4026 -0.7529
vn 0.7964 -0.2955 -0.5277
vn -0.0402 -0.9137 -0.4043
vn -0.3795 -0.9242 0.0429
vn -0.4453 -0.7073 -0.5490
vn -0.9692 0.1793 0.1690
vn -0.8501 0.3474 -0.3958
vn 0.9460 -0.1997 0.2553
vn 0.8963 0.2246 0.3823
vn 0.8806 -0.4143 -0.2301
vn 0.5861 -0.7825 -0.2103
vn -0.7866 0.5525 0.2755
vn -0.2597 -0.3195 0.9113
vn 0.3554 0.9263 0.1254
vn 0.0754 -0.2729 -0.9591
vn -0.3212 -0.0991 -0.9418
vn -0.2492 -0.9572 0.1471
vn 0.8596 0.1130 -0.4983
vn 0.3719 -0.1684 -0.9129
vn 0.3376 0.0822 -0.9377
vn -0.0415 -0.3414 -0.9390
vn -0.2889 0.8724 0.3942
vn 0.8823 0.2230 0.4144
vn 0.9280 0.1680 0.3325
vn 0.5204 -0.7538 0.4012
vn -0.8930 -0.4446 -0.0695
vn 0.4799 -0.4014 -0.7801
vn 0.4041 -0.4512 -0.7957
vn 0.5612 0.7895 -0.2484
vn 0.7716 0.6294 0.0919
vn -0.0708 0.9411 -0.3307
vn -0.8625 0.3677 0.3476
vn -0.8371 0.2401 0.4915
vn -0.2109 -0.8768 0.4322
vn -0.5113 -0.5010 0.6983
vn -0.1959 0.9668 0.1642
vn 0.8046 0.3693 0.4650
vn -0.4772 -0.2945 0.8279
vn -0.4537 0.6654 0.5928
vn -0.2634 -0.6278 0.7325
vn -0.7032 -0.4174 0.5755
vn 0.9722 0.2330 -0.0224
vn 0.9730 -0.1384 0.1845
vn 0.3175 -0.9184 0.2363
vn 0.0694 -0.8036 0.5911
vn 0.1981 0.2679 0.9429
vn -0.1116 0.3353 0.9355
vn -0.0812 0.7729 0.6293
vn -0.5002 0.4796 0.7210
vn -0.7472 -0.5131 0.4224
vn -0.2697 0.5183 0.8115
vn -0.3784 0.6142 0.6926
vn -0.2156 -0.9765 -0.0031
vn 0.0313 -0.9901 0.1368
vn 0.3542 0.8474 0.3956
vn 0.4235 0.9033 -0.0688
vn 0.2962 0.9025 0.3127
vn -0.2544 0.2728 0.9278
vn -0.1624 0.1709 0.9718
vn -0.2640 0.3028 0.9158
vn 0.2645 0.0370 0.9637
vn -0.7820 -0.4210 -0.4596
vn -0.8414 -0.1645 -0.5148
vn 0.1536 -0.1468 -0.9772
vn -0.1827 -0.9823 -0.0406
vn -0.6528 -0.7022 -0.2843
vn -0.2239 0.6750 -0.7030
vn 0.7507 0.2899 -0.5937
vn 0.5556 0.7848 0.2747
vn 0.7021 0.4548 0.5480
vn 0.4036 0.1921 -0.8945
vn 0.9335 -0.2903 0.2105
vn 0.2498 -0.5626 -0.7881
vn 0.1402 0.6509 0.7461
vn 0.3176 0.9030 0.2893
vn 0.0392 0.3588 0.9326
vn -0.6053 0.5626 0.5631
vn 0.1960 0.2328 0.9526
vn -0.4000 0.0643 0.9142
vn -0.2901 0.7784 0.5568
vn -0.3301 0.8881 0.3198
vn 0.7606 -0.3390 -0.5537
vn -0.6993 0.1583 -0.6970
vn -0.5206 0.7183 0.4616
vn -0.0799 0.1496 0.9855
vn -0.6121 0.1525 0.7759
vn 0.8630 0.4992 0.0779
vn 0.7265 -0.3322 0.6015
vn -0.9526 0.2005 -0.2287
vn 0.5713 0.8183 0.0634
vn -0.7639 0.6201 0.1788
vn 0.7712 0.3637 0.5224
vn 0.8584 0.2842 0.4270
vn -0.9609 0.0670 -0.2686
vn -0.1462 0.3921 -0.9082
vn -0.3856 0.7965 -0.4658
vn -0.1971 0.0509 -0.9791
vn 0.5006 -0.4604 -0.7331
vn 0.9799 0.1910 -0.0582
vn 0.6773 -0.2752 -0.6823
vn 0.5413 -0.5087 -0.6695
vn 0.2425 -0.4528 -0.8580
vn 0.1747 0.8785 -0.4447
vn 0.4075 -0.4473 -0.7961
vn -0.0172 0.0522 -0.9985
vn -0.1392 -0.6710 0.7282
vn -0.0873 0.6786 -0.7293
vn 0.0867 -0.1602 -0.9833
vn -0.1790 0.7887 0.5881
vn 0.7865 0.4215 0.4513
vn -0.9269 0.1939 -0.3213
vn 0.3186 -0.7248 0.6108
vn -0.7396 0.3479 -0.5761
vn 0.6573 0.5977 0.4591
vn 0.1870 0.6034 0.7752
vn -0.4608 0.7188 -0.5206
vn 0.2120 -0.9449 -0.2493
vn 0.2186 -0.9231 -0.3164
vn 0.0174 -0.9977 -0.0662
vn 0.3278 -0.9181 0.2226
vn -0.1461 -0.9582 -0.2461
vn -0.1343 0.3082 -0.9418
vn -0.0486 -0.1663 0.9849
vn -0.3530 -0.1975 -0.9145
vn -0.6519 -0.0188 -0.7581
vn 0.3971 0.3378 0.8533
vn -0.6209 0.4850 0.6159
vn 0.9310 -0.3622 0.0456
vn 0.8990 -0.0073 0.4379
vn 0.9041 -0.4251 -0.0439
vn -0.2561 -0.3468 -0.9023
vn -0.2527 -0.4235 -0.8699
vn -0.3226 0.6544 -0.6839
vn -0.9230 0.3023 0.2382
vn -0.4021 -0.0264 0.9152
vn 0.3637 -0.8741 -0.3219
vn -0.6145 -0.4659 -0.6366
vn 0.1545 0.9128 0.3781
vn -0.2952 0.9480 0.1188
vn 0.9400 0.0221 0.3406
vn 0.9821 -0.1855 0.0340
vn 0.9748 -0.0561 0.2157
vn 0.8038 -0.4766 0.3560
vn 0.7419 0.0821 -0.6655
vn -0.0906 0.3666 -0.9260
vn -0.4698 0.1379 -0.8719
vn 0.4469 -0.3782 -0.8107
vn 0.2150 0.9666 0.1398
vn -0.5844 -0.2858 0.7594
vn -0.1506 -0.7319 -0.6645
vn 0.3280 -0.0413 0.9438
vn 0.5406 0.6067 -0.5828
vn 0.2228 0.8796 -0.4203
vn 0.5843 0.6156 -0.5288
vn 0.9285 -0.3306 0.1689
vn 0.1040 -0.1461 -0.9838
vn -0.6807 -0.4191 -0.6008
vn -0.9714 0.1926 -0.1389
vn -0.0315 -0.9871 0.1571
vn 0.0272 -0.9958 0.0869
vn 0.1183 -0.9761 0.1822
vn 0.3766 -0.9030 -0.2067
vn 0.3780 -0.7599 -0.5289
vn -0.7951 0.2029 -0.5715
vn 0.0442 -0.8726 -0.4865
vn -0.7803 0.0647 -0.6220
vn -0.6744 -0.7204 0.1619
vn -0.1351 0.9718 0.1930
vn -0.8080 0.4703 -0.3550
vn -0.7917 0.5326 0.2992
vn 0.6913 0.5850 0.4240
vn -0.2347 0.9709 0.0485
vn -0.7477 0.6221 -0.2322
vn -0.6382 0.6104 -0.4691
vn 0.9724 0.2316 0.0284
vn 0.0955 0.9119 0.3993
vn -0.8818 0.1375 -0.4511
vn 0.0400 -0.8717 -0.4884
vn 0.4320 -0.6802 -0.5922
vn 0.4168 -0.8545 -0.3100
vn 0.5548 -0.8317 0.0202
vn 0.1110 -0.3493 -0.9304
vn -0.8917 0.2275 -0.3913
vn -0.0213 -0.7180 -0.6957
vn -0.4367 0.8636 -0.2520
vn 0.2493 0.9498 -0.1888
vn -0.1934 0.6525 -0.7327
vn 0.0393 0.6920 -0.7209
vn -0.2592 0.8194 -0.5114
vn -0.4043 0.9136 0.0431
vn 0.7916 0.0661 0.6074
vn -0.5554 0.0149 -0.8315
vn 0.0619 0.9919 -0.1112
vn 0.4872 -0.3737 0.7893
vn 0.3321 -0.9158 0.2261
vn -0.2583 -0.4355 -0.8623
vn -0.2928 0.1577 -0.9431
vn -0.5955 -0.1590 -0.7875
vn -0.5714 0.0412 -0.8196
vn -0.0751 0.9617 -0.2634
vn 0.2031 -0.7695 0.6055
vn -0.4685 -0.8738 -0.1305
vn -0.2666 -0.8843 0.3833
vn -0.3512 -0.9301 -0.1074
vn -0.8928 0.1294 -0.4315
vn -0.4545 0.3882 0.8017
vn 0.6380 -0.3958 -0.6606
vn -0.5690 0.1142 0.8144
vn 0.0916 -0.4142 0.9056
vn 0.7215 -0.5874 0.3667
vn 0.6158 0.2091 0.7597
vn 0.7809 0.0107 0.6245
vn 0.7654 -0.2012 0.6114
vn 0.7131 -0.0331 0.7003
vn 0.6619 0.2034 0.7215
vn 0.8943 -0.3639 0.2605
vn -0.9349 -0.1530 -0.3202
vn -0.3618 0.9271 0.0977
vn -0.6905 0.0109 -0.7232
vn -0.7559 -0.5597 0.3397
vn -0.7612 0.5572 -0.3320
vn -0.3282 0.9224 0.2035
vn 0.1866 0.8997 0.3946
vn 0.7580 -0.2857 0.5863
vn -0.9723 0.2337 0.0044
vn -0.7702 0.5257 0.3611
vn -0.6217 -0.1514 -0.7685
vn 0.3715 0.4670 0.8024
vn 0.4437 0.1930 0.8751
vn -0.3085 0.9376 0.1603
vn 0.8569 0.4671 0.2182
vn 0.5929 0.4670 0.6561
vn 0.3303 0.5504 0.7668
vn 0.2632 0.8744 -0.4076
vn -0.0586 -0.0711 -0.9957
vn 0.1374 -0.9895 0.0456
vn 0.0872 -0.9944 -0.0591
vn 0.9787 -0.1276 0.1610
vn -0.6538 0.6045 0.4551
vn 0.6937 -0.6597 -0.2893
vn 0.1844 -0.9464 0.2652
vn 0.9395 0.0507 0.3388
vn 0.8635 -0.4553 0.2170
vn 0.9034 -0.3228 -0.2822
vn 0.8063 -0.5663 0.1708
vn 0.7652 -0.5595 -0.3183
vn 0.6143 0.7439 0.2631
vn 0.5662 0.7060 0.4253
vn -0.4275 -0.4233 -0.7988
vn -0.7062 -0.1479 -0.6924
vn 0.4592 0.5997 0.6554
vn 0.4729 0.8544 0.2153
vn -0.1357 0.7677 0.6263
vn 0.1319 0.9212 0.3660
vn 0.1263 0.9015 0.4140
vn -0.1231 -0.5413 -0.8318
vn 0.8911 0.3678 -0.2660
vn 0.6821 0.1093 0.7230
vn -0.4365 0.5555 0.7078
vn -0.0886 0.8494 0.5202
vn -0.7108 0.4558 0.5357
vn 0.4835 -0.4753 -0.7351
vn 0.8175 -0.3925 -0.4216
vn 0.4913 -0.5556 -0.6708
vn 0.4716 -0.8813 -0.0306
vn 0.4402 -0.8933 0.0909
vn 0.0215 0.6543 0.7560
vn -0.9077 -0.1864 0.3759
vn -0.3602 -0.3854 0.8495
vn -0.7468 0.0164 -0.6648
vn -0.8023 0.5955 -0.0415
vn -0.1747 0.8928 -0.4152
vn 0.3767 -0.3132 -0.8717
vn 0.3819 -0.8186 -0.4291
vn 0.9337 0.0580 0.3533
vn 0.8622 -0.1960 0.4670
vn -0.1314 -0.2306 -0.9641
vn -0.2777 0.4672 0.8394
vn -0.0350 0.4152 0.9090
vn 0.4722 -0.2889 -0.8328
vn -0.4386 0.6400 -0.6309
vn -0.4064 0.7947 -0.4508
vn -0.9023 0.3815 -0.2008
vn -0.3388 0.9382 -0.0704
vn 0.1870 0.8091 -0.5572
vn -0.8181 0.4671 -0.3354
vn 0.3222 0.4186 0.8491
vn -0.9628 0.2624 -0.0639
vn -0.3190 0.9456 -0.0637
vn -0.1415 -0.3047 -0.9419
vn 0.1065 -0.8958 -0.4315
vn 0.3452 -0.7431 -0.5733
vn 0.1573 -0.9826 -0.0986
vn 0.7766 0.0027 0.6300
vn 0.6477 0.0169 0.7617
vn 0.4247 -0.5365 0.7292
vn -0.3401 -0.8990 0.2758
vn -0.1453 -0.9454 0.2918
vn -0.7712 -0.2887 -0.5674
vn -0.7807 0.4516 -0.4319
vn -0.6054 0.6974 -0.3835
vn -0.7142 0.1919 -0.6731
vn -0.3196 0.2438 0.9156
vn 0.7682 0.5186 0.3754
vn 0.6913 0.7158 -0.0986
vn -0.7237 -0.0812 0.6853
vn -0.5624 0.2341 0.7930
vn -0.7960 -0.3812 0.4702
vn 0.9906 -0.1363 0.0094
vn 0.8720 -0.0832 -0.4823
vn -0.4922 -0.4303 -0.7567
vn -0.8887 0.3602 -0.2837
vn -0.0405 -0.5790 0.8143
vn -0.2726 -0.3575 0.8932
vn -0.1698 -0.2673 0.9485
vn -0.8429 -0.5364 -0.0419
vn -0.6472 -0.6217 0.4413
vn -0.1361 -0.5141 0.8469
vn -0.8112 -0.0647 -0.5811
vn 0.2657 0.1099 0.9578
vn 0.4856 0.7799 0.3950
vn -0.0081 -0.9376 0.3477
vn 0.1167 0.9830 -0.1418
vn 0.5034 0.7273 0.4664
vn 0.1916 -0.9664 -0.1713
vn 0.4478 -0.8929 -0.0480
vn -0.0872 -0.9926 0.0844
vn -0.0813 -0.9913 0.1035
vn 0.3216 0.8734 0.3658
vn -0.1061 0.9828 0.1510
vn -0.9684 -0.1589 0.1925
vn -0.8915 -0.2618 0.3698
vn -0.9067 0.3487 0.2374
vn 0.3010 0.6438 0.7035
vn 0.5152 0.8549 -0.0604
vn 0.2109 0.5718 0.7928
vn 0.4620 -0.5143 -0.7225
vn -0.5247 -0.1916 -0.8294
vn -0.9698 -0.0472 -0.2392
vn -0.5058 0.7535 0.4200
vn 0.2546 0.9600 0.1166
vn -0.4716 0.8625 0.1836
vn -0.4816 -0.0027 0.8764
vn 0.9994 -0.0337 0.0028
vn -0.6278 -0.0148 -0.7783
vn -0.9048 0.1639 -0.3931
vn 0.7478 -0.5235 -0.4084
vn 0.6400 -0.7683 0.0041
vn 0.4589 0.7353 -0.4987
vn 0.7238 -0.4063 -0.5577
vn 0.9940 0.0379 -0.1029
vn -0.2351 0.5784 0.7812
vn 0.5379 -0.3930 -0.7458
vn 0.0453 -0.9817 0.1850
vn -0.3138 -0.9311 -0.1858
vn 0.6180 0.7288 0.2950
vn -0.4510 0.1656 -0.8770
vn -0.9396 -0.0774 -0.3335
vn -0.4800 -0.8693 -0.1182
vn -0.1653 0.9777 0.1296
vn 0.0492 -0.8112 -0.5826
vn 0.3168 -0.9270 -0.2009
vn 0.2343 -0.9237 -0.3030
vn -0.5353 -0.3161 -0.7833
vn -0.1853 -0.4701 -0.8630
vn -0.4441 0.8356 0.3233
vn 0.4895 0.5045 0.7113
vn 0.4011 -0.5222 -0.7526
vn -0.5165 0.2539 0.8178
vn -0.5919 0.7386 -0.3228
vn 0.1533 -0.9745 0.1642
vn 0.0052 -0.9976 0.0687
vn 0.5271 0.8463 -0.0773
vn -0.6136 0.0161 -0.7894
vn -0.5393 0.3747 -0.7541
vn -0.4848 0.6320 -0.6046
vn -0.2393 0.2677 0.9333
vn 0.8801 -0.2001 0.4306
vn 0.3026 0.7495 0.5888
vn -0.7715 -0.5559 0.3094
vn -0.9029 0.4166 0.1058
vn 0.6800 0.5511 0.4837
vn 0.8730 0.1628 0.4598
vn 0.9704 -0.0805 0.2276
vn 0.1259 -0.9084 0.3988
vn 0.9561 0.0673 0.2852
vn 0.9463 -0.3198 -0.0469
vn 0.3997 0.7060 0.5847
vn 0.0521 -0.2449 0.9682
vn -0.8443 -0.2473 -0.4753
vn 0.1664 0.4952 -0.8527
vn -0.1429 -0.0955 -0.9851
vn 0.9211 0.1394 0.3634
vn 0.7524 0.2503 0.6093
vn 0.0124 -0.9083 -0.4182
vn 0.5980 0.7797 0.1855
vn -0.6295 -0.2199 -0.7452
vn -0.1904 0.0739 -0.9789
vn -0.9746 0.1280 -0.1837
vn -0.4790 0.2862 -0.8298
vn -0.5343 0.1550 -0.8310
vn -0.6650 0.0025 -0.7468
vn -0.3428 -0.7270 0.5950
vn -0.5233 -0.6970 0.4902
vn 0.1991 -0.9538 -0.2250
vn 0.1150 -0.5561 -0.8231
vn -0.6612 -0.0793 -0.7460
vn 0.1330 0.4149 0.9001
vn 0.9154 -0.2642 -0.3038
vn -0.5689 0.4211 0.7064
vn -0.8399 0.4141 0.3509
vn -0.7775 -0.1180 0.6177
vn 0.8389 -0.5171 -0.1699
vn 0.6395 -0.7299 0.2415
vn -0.1506 -0.9875 -0.0460
vn -0.7717 -0.3958 -0.4978
vn -0.9020 0.3888 -0.1877
vn -0.7961 0.2295 -0.5600
vn 0.9820 0.1189 -0.1467
vn -0.2352 0.1798 -0.9552
vn -0.1249 0.7547 -0.6440
vn -0.1642 0.0927 0.9821
vn -0.6521 0.3269 -0.6840
vn -0.9657 -0.1571 -0.2068
vn 0.0371 -0.9936 -0.1064
vn 0.9595 -0.2552 0.1196
vn 0.8703 -0.2770 0.4073
vn -0.7449 -0.2906 -0.6006
vn -0.3103 -0.0989 -0.9455
vn 0.7172 -0.3482 -0.6036
vn -0.3419 0.5009 0.7951
vn -0.0529 -0.6504 -0.7578
vn -0.0403 0.4400 -0.8971
vn 0.8330 0.0861 -0.5465
vn 0.3065 0.3323 0.8920
vn 0.4485 0.3582 0.8189
vn 0.6793 0.1620 0.7158
vn 0.1748 0.2538 -0.9513
vn 0.4341 0.5176 -0.7373
vn 0.6578 0.5528 -0.5116
vn 0.5201 -0.4188 -0.7444
vn 0.9239 -0.3825 -0.0078
vn -0.4349 0.9005 -0.0043
vn -0.5084 0.8432 -0.1746
vn -0.5359 0.8373 -0.1085
vn 0.8277 -0.4676 -0.3102
vn -0.9037 0.4283 -0.0008
vn -0.5085 -0.1634 -0.8454
vn -0.9155 -0.2098 0.3434
vn 0.4401 0.2705 -0.8562
vn 0.0250 0.5967 -0.8021
vn 0.2106 -0.9683 0.1343
vn -0.4322 -0.8007 -0.4148
vn 0.0686 0.4147 -0.9074
vn -0.2199 0.3330 -0.9169
vn -0.3268 -0.8390 0.4352
vn 0.9289 -0.3201 0.1861
vn 0.1223 0.9924 -0.0110
vn 0.8819 0.0306 0.4704
vn 0.1333 -0.5778 -0.8052
vn -0.2304 -0.9552 -0.1859
vn 0.0616 -0.9806 0.1862
vn -0.7951 -0.5124 -0.3245
vn -0.2661 -0.0331 0.9634
vn -0.0148 -0.8701 0.4926
vn 0.2178 0.5851 0.7812
vn 0.1769 0.9131 0.3673
vn -0.8196 0.0741 0.5681
vn 0.8972 0.0396 0.4398
vn -0.1040 -0.2138 0.9713
vn -0.1540 0.2657 0.9517
vn -0.3241 0.8357 0.4433
vn 0.9067 0.1527 -0.3931
vn -0.9060 -0.4214 -0.0411
vn -0.9522 -0.3052 -0.0105
vn -0.6635 0.7071 -0.2445
vn -0.3668 -0.4570 0.8103
vn -0.2552 -0.5054 -0.8243
vn 0.0869 0.0006 -0.9962
vn -0.1947 0.0487 0.9797
vn 0.3415 -0.8411 -0.4194
vn -0.3210 -0.3104 -0.8948
vn 0.5892 0.7784 -0.2168
vn 0.6833 0.1628 0.7117
vn 0.8997 0.0148 0.4363
vn -0.3033 0.3661 0.8798
vn 0.2377 0.3514 0.9055
vn 0.2609 0.2703 0.9267
vn 0.6809 -0.3821 -0.6248
vn 0.9018 0.3031 0.3080
vn 0.4866 0.2706 0.8307
vn -0.8960 0.3517 -0.2712
vn -0.1922 -0.7449 0.6388
vn 0.8347 -0.4332 0.3400
vn -0.2591 -0.9546 0.1469
vn -0.2139 -0.8775 0.4291
vn -0.6574 0.7525 -0.0393
vn -0.8332 -0.0847 0.5464
vn 0.7978 0.3166 0.5131
vn -0.4615 0.2853 -0.8400
vn -0.4302 0.4977 -0.7531
vn 0.2974 0.2965 -0.9075
vn -0.3911 -0.1052 -0.9143
vn 0.6479 -0.7574 0.0804
vn -0.0355 -0.9579 0.2850
vn 0.2275 -0.7829 -0.5791
vn -0.1235 0.9779 0.1687
vn 0.9422 -0.2764 0.1891
vn 0.9355 -0.3529 0.0160
vn 0.5887 0.6611 -0.4652
vn 0.2400 -0.5528 -0.7980
vn -0.8115 -0.4536 -0.3684
vn 0.8268 -0.5356 -0.1720
vn 0.3458 -0.9364 0.0605
vn -0.0534 -0.9365 -0.3466
vn -0.0994 0.9298 -0.3543
vn -0.4721 -0.6050 0.6411
vn 0.4113 0.6571 0.6317
vn -0.3857 -0.6386 0.6659
vn 0.2188 0.6203 0.7532
vn -0.0615 -0.7131 0.6984
vn -0.5835 -0.5589 0.5892
vn 0.6671 -0.6986 -0.2586
vn -0.7085 -0.3042 -0.6368
vn -0.8981 -0.4351 -0.0637
vn -0.1401 0.9418 0.3055
vn -0.5097 0.7388 -0.4408
vn 0.2591 -0.5236 -0.8116
vn 0.8973 -0.4285 -0.1062
vn -0.9657 -0.1020 0.2389
vn -0.3709 0.8742 -0.3133
vn -0.6318 -0.3996 0.6642
vn 0.8162 -0.5664 0.1143
vn 0.8910 0.3481 0.2914
vn -0.6380 0.7412 0.2086
vn 0.0822 0.9592 0.2704
vn -0.2798 -0.2260 -0.9331
vn -0.7331 0.0855 -0.6748
vn -0.1066 0.2838 0.9529
vn -0.4662 0.8116 0.3521
vn 0.8288 0.3106 -0.4654
vn 0.2828 -0.8470 0.4502
vn 0.7519 0.2392 0.6143
vn -0.6082 0.6204 -0.4952
vn -0.2971 0.9079 -0.2957
vn -0.5238 0.6544 -0.5453
vn 0.1346 -0.3243 -0.9363
vn -0.7444 -0.6677 0.0058
vn -0.4136 0.6361 -0.6514
vn -0.8176 -0.1813 -0.5465
vn -0.3809 -0.7080 -0.5946
vn 0.3979 -0.6701 -0.6266
vn -0.3346 -0.3737 -0.8651
vn 0.7694 -0.4081 -0.4914
vn 0.1316 0.4908 -0.8613
vn 0.4931 0.8228 -0.2825
vn -0.4092 0.9044 0.1211
vn -0.1280 0.5943 0.7940
vn 0.0514 0.6046 0.7949
vn -0.5090 0.4795 0.7149
vn -0.5582 0.3035 0.7722
vn -0.4037 -0.4076 -0.8191
vn -0.2634 0.0844 -0.9610
vn 0.0387 0.4935 -0.8689
vn -0.0197 -0.1515 0.9883
vn -0.1509 -0.4940 -0.8563
vn -0.9632 0.1466 -0.2251
vn 0.7605 0.1068 0.6405
vn -0.8772 -0.2494 0.4102
vn -0.2836 0.9527 0.1096
vn -0.1215 -0.9578 0.2604
vn 0.0551 -0.8267 0.5600
vn -0.2743 -0.4813 0.8326
vn 0.9152 0.1318 0.3808
vn -0.5595 0.5679 -0.6036
vn -0.0060 0.9991 -0.0422
vn -0.1516 0.9231 -0.3534
vn 0.7439 -0.6355 0.2068
vn -0.4592 0.8882 0.0140
vn -0.0717 0.9536 0.2925
vn 0.6981 0.6181 0.3614
vn 0.3569 -0.5881 -0.7258
vn 0.1329 0.5994 -0.7894
vn 0.9158 -0.3889 -0.1004
vn -0.5207 0.0944 0.8485
vn -0.1559 -0.9874 0.0262
vn 0.4927 0.8544 -0.1653
vn 0.4365 0.1773 -0.8820
vn 0.7676 0.6403 0.0276
vn 0.5670 0.1582 0.8084
vn -0.5162 0.5475 -0.6586
vn 0.4126 -0.2227 -0.8833
vn 0.3443 -0.8220 -0.4536
vn 0.1443 0.7883 -0.5981
vn 0.7749 -0.5989 -0.2019
vn -0.3842 0.9081 0.1669
vn -0.5577 -0.4760 -0.6800
vn 0.5968 0.6823 0.4222
vn 0.9723 0.1007 0.2109
vn 0.9150 -0.3786 -0.1395
vn -0.8160 0.2117 0.5379
vn -0.6753 -0.6427 -0.3617
vn -0.6191 -0.6673 -0.4141
vn -0.4746 0.8208 0.3180
vn -0.4587 -0.4508 0.7657
vn 0.7488 0.4282 0.5060
vn -0.6684 0.3311 0.6661
vn -0.2652 -0.1006 -0.9589
vn -0.0496 0.4363 0.8984
vn -0.2789 -0.0739 -0.9575
vn -0.1038 0.4058 0.9081
vn 0.5514 -0.7466 0.3722
vn -0.9695 -0.0878 0.2288
vn 0.9961 0.0801 -0.0367
vn 0.4229 0.7350 -0.5301
vn 0.9227 -0.1224 0.3655
vn -0.9288 0.3660 -0.0584
vn -0.8381 -0.1083 -0.5346
vn -0.0361 -0.9199 0.3905
vn -0.9820 0.0431 -0.1839
vn -0.3411 -0.3607 -0.8681
vn -0.5273 -0.4733 0.7057
s 1
usemtl wire_087224198
f 1421//1 1053//2 990//3
f 379//4 513//5 764//6
f 362//7 1256//8 267//9
f 620//10 690//11 8//12
f 108//13 1271//14 791//15
f 572//16 393//17 792//18
f 352//19 615//20 12//21
f 1342//22 1207//23 22//24
f 261//25 1451//26 461//27
f 355//28 1465//29 805//30
f 29//31 98//32 115//33
f 826//34 339//35 1016//36
f 611//37 31//38 1489//39
f 553//40 91//41 355//28
f 969//42 1097//43 784//44
f 1495//45 1121//46 30//47
f 702//48 821//49 693//50
f 451//51 187//52 341//53
f 27//54 678//55 641//56
f 868//57 634//58 235//59
f 70//60 1326//61 1463//62
f 70//60 71//63 72//64
f 1297//65 664//66 1015//67
f 75//68 399//69 785//70
f 1288//71 171//72 487//73
f 41//74 1170//75 739//76
f 187//52 1025//77 444//78
f 358//79 604//80 178//81
f 1202//82 933//83 441//84
f 355//28 209//85 1465//29
f 98//32 29//31 475//86
f 327//87 100//88 101//89
f 104//90 105//91 652//92
f 106//93 952//94 248//95
f 745//96 108//13 107//97
f 108//13 791//15 467//98
f 988//99 989//100 43//101
f 125//102 39//103 252//104
f 248//95 952//94 313//105
f 1153//106 224//107 861//108
f 128//109 645//110 100//88
f 645//110 134//111 54//112
f 967//113 54//112 131//114
f 134//111 135//115 974//116
f 42//117 574//118 139//119
f 342//120 499//121 168//122
f 316//123 1368//124 698//125
f 962//126 657//127 1268//128
f 613//129 146//130 76//131
f 721//132 914//133 30//47
f 1231//134 1238//135 1055//136
f 148//137 734//138 149//139
f 478//140 1416//141 282//142
f 588//143 745//96 167//144
f 1094//145 231//146 1092//147
f 1120//148 786//149 651//150
f 368//151 175//152 1430//153
f 181//154 963//155 714//156
f 1195//157 1379//158 1433//159
f 667//160 540//161 371//162
f 832//163 113//164 227//165
f 726//166 1211//167 694//168
f 302//169 192//170 193//171
f 317//172 194//173 757//174
f 298//175 557//176 98//32
f 199//177 1437//178 96//179
f 1025//77 203//180 443//181
f 791//15 1409//182 532//183
f 528//184 229//185 285//186
f 840//187 797//188 1038//189
f 442//190 519//191 797//188
f 319//192 743//193 993//194
f 1289//195 853//196 216//197
f 1217//198 1310//199 1153//106
f 841//200 225//201 547//202
f 226//203 415//204 1018//205
f 231//146 1093//206 1068//207
f 98//32 99//208 113//164
f 951//209 240//210 67//211
f 703//212 467//98 240//210
f 424//213 661//214 283//215
f 10//216 256//217 246//218
f 129//219 442//190 1062//220
f 1002//221 631//222 981//223
f 505//224 126//225 262//226
f 251//227 39//103 404//228
f 732//229 1002//221 772//230
f 227//165 1046//231 229//185
f 289//232 399//69 1160//233
f 138//234 293//235 294//236
f 294//236 828//237 138//234
f 529//238 1249//239 295//240
f 550//241 553//40 355//28
f 674//242 300//243 256//217
f 606//244 268//245 1023//246
f 1352//247 847//248 381//249
f 185//250 596//251 1498//252
f 306//253 202//254 9//255
f 1015//67 664//66 673//256
f 869//257 410//258 635//259
f 1035//260 911//261 1056//262
f 799//263 329//264 278//265
f 768//266 1300//267 202//254
f 1238//135 1231//134 26//268
f 521//269 62//270 503//271
f 340//272 1012//273 665//274
f 344//275 345//276 536//277
f 857//278 1028//279 395//280
f 1276//281 32//282 560//283
f 705//284 172//285 1401//286
f 603//287 1468//288 260//289
f 654//290 1044//291 618//292
f 362//7 1260//293 28//294
f 630//295 458//296 592//297
f 128//109 58//298 1067//299
f 302//169 194//173 192//170
f 713//300 43//101 213//301
f 1342//22 36//302 972//303
f 797//188 398//304 526//305
f 355//28 493//306 1231//134
f 411//307 412//308 906//309
f 51//310 305//311 414//312
f 439//313 19//314 790//315
f 829//316 323//317 417//318
f 907//319 815//320 908//321
f 1050//322 1387//323 447//324
f 461//27 436//325 435//326
f 1029//327 1014//328 489//329
f 459//330 460//331 363//332
f 461//27 943//333 436//325
f 385//334 69//335 384//336
f 1422//337 1293//338 464//339
f 254//340 1365//341 1042//342
f 916//343 477//344 720//345
f 987//346 483//347 1192//348
f 616//349 564//350 1086//351
f 490//352 489//329 1370//353
f 1123//354 689//355 352//19
f 182//356 521//269 1066//357
f 1066//357 506//358 568//359
f 622//360 975//361 568//359
f 1333//362 277//363 899//364
f 521//269 181//154 62//270
f 1311//365 1310//199 1317//366
f 525//367 1321//368 939//369
f 61//370 454//371 93//372
f 791//15 533//373 67//211
f 534//374 422//375 635//259
f 250//376 299//377 535//378
f 298//175 475//86 299//377
f 479//379 947//380 998//381
f 72//64 536//277 345//276
f 1186//382 1380//383 19//314
f 831//384 566//385 1496//386
f 500//387 543//388 35//389
f 551//390 552//391 553//40
f 1288//71 170//392 333//393
f 1269//394 481//395 679//396
f 1157//397 1214//398 284//399
f 1186//382 176//400 18//401
f 163//402 390//403 176//400
f 232//404 413//405 1078//406
f 1449//407 608//408 502//409
f 1500//410 800//411 627//412
f 218//413 219//414 93//372
f 411//307 171//72 412//308
f 707//415 1148//416 359//417
f 23//418 75//68 105//91
f 1155//419 209//85 1231//134
f 970//420 587//421 808//422
f 29//31 1041//423 886//424
f 1057//425 264//426 62//270
f 73//427 937//428 590//429
f 142//430 837//431 116//432
f 121//433 378//434 380//435
f 611//37 610//436 558//437
f 809//438 267//9 125//102
f 1310//199 1311//365 624//439
f 1374//440 1264//441 1339//442
f 596//251 371//162 287//443
f 439//313 632//444 1193//445
f 864//446 23//418 24//447
f 629//448 1151//449 628//450
f 629//448 992//451 1151//449
f 645//110 621//452 130//453
f 399//69 1435//454 434//455
f 399//69 75//68 1435//454
f 322//456 146//130 293//235
f 1327//457 706//458 1336//459
f 652//92 421//460 690//11
f 315//461 25//462 57//463
f 85//464 1442//465 657//127
f 1136//466 1217//198 1189//467
f 242//468 910//469 424//213
f 322//456 293//235 138//234
f 450//470 451//51 259//471
f 9//255 348//472 258//473
f 1390//474 15//475 14//476
f 789//477 676//478 875//479
f 1323//480 413//405 234//481
f 956//482 1395//483 1128//484
f 310//485 942//486 681//487
f 952//94 107//97 682//488
f 546//489 545//490 437//491
f 359//417 713//300 213//301
f 684//492 821//49 702//48
f 237//493 958//494 635//259
f 688//495 1054//496 675//497
f 646//498 904//499 647//500
f 664//66 866//501 677//502
f 554//503 61//370 219//414
f 219//414 218//413 554//503
f 64//504 221//505 220//506
f 681//487 680//507 310//485
f 1077//508 455//509 700//510
f 1211//167 471//511 312//512
f 392//513 657//127 842//514
f 597//515 1139//516 1461//517
f 1213//518 1446//519 1340//520
f 1255//521 533//373 532//183
f 432//522 723//523 965//524
f 646//498 1021//525 810//526
f 1393//527 432//522 429//528
f 1411//529 141//530 71//63
f 9//255 258//473 1292//531
f 592//297 276//532 555//533
f 425//534 849//535 332//536
f 475//86 10//216 97//537
f 215//538 1482//539 890//540
f 754//541 265//542 770//543
f 470//544 264//426 754//541
f 597//515 1324//545 1227//546
f 1446//519 758//547 1340//520
f 321//548 753//549 562//550
f 43//101 591//551 988//99
f 793//552 255//553 254//340
f 61//370 594//554 180//555
f 696//556 202//254 306//253
f 638//557 516//558 517//559
f 1418//560 732//229 772//230
f 1177//561 774//562 1399//563
f 1407//564 330//565 775//566
f 271//567 779//568 774//562
f 503//271 253//569 506//358
f 243//570 212//571 82//572
f 129//219 128//109 669//573
f 787//574 789//477 788//575
f 790//315 267//9 109//576
f 1171//577 696//556 1415//578
f 24//447 794//579 462//580
f 1134//581 1185//582 369//583
f 447//324 956//482 566//385
f 704//584 936//585 692//586
f 800//411 893//587 699//588
f 800//411 1500//410 216//197
f 1190//589 1494//590 223//591
f 1169//592 407//593 1420//594
f 348//472 1299//595 541//596
f 1268//128 1068//207 962//126
f 51//310 469//597 305//311
f 812//598 1162//599 811//600
f 336//601 1206//602 144//603
f 1171//577 816//604 572//16
f 1469//605 88//606 1325//607
f 826//34 711//608 1129//609
f 1423//610 1176//611 1475//612
f 566//385 831//384 1429//613
f 27//54 40//614 678//55
f 836//615 1284//616 835//617
f 1257//618 501//619 815//320
f 843//620 391//621 842//514
f 955//622 843//620 844//623
f 858//624 94//625 644//626
f 311//627 248//95 1207//23
f 1318//628 847//248 987//346
f 1249//239 145//629 659//630
f 724//631 115//33 205//632
f 547//202 579//633 77//634
f 1127//635 241//636 482//637
f 332//536 285//186 848//638
f 1//639 861//108 224//107
f 564//350 1319//640 1086//351
f 347//641 843//620 406//642
f 672//643 862//644 433//645
f 1254//646 388//647 1397//648
f 163//402 865//649 164//650
f 372//651 1306//652 373//653
f 1447//654 1320//655 866//501
f 398//304 797//188 867//656
f 897//657 1345//658 142//430
f 551//390 550//241 1164//659
f 868//57 869//257 507//660
f 152//661 1215//662 1216//663
f 152//661 381//249 847//248
f 846//664 1215//662 152//661
f 846//664 742//665 1215//662
f 816//604 488//666 393//17
f 1221//667 217//668 549//669
f 873//670 321//548 562//550
f 445//671 1272//672 903//673
f 445//671 1034//674 877//675
f 452//676 1076//677 157//678
f 1188//679 141//530 140//680
f 887//681 516//558 888//682
f 417//318 995//683 615//20
f 488//666 1322//684 1148//416
f 252//104 39//103 251//227
f 659//630 1116//685 137//686
f 435//326 436//325 360//687
f 83//688 900//689 485//690
f 1071//691 18//401 1173//692
f 337//693 903//673 1272//672
f 444//78 1025//77 443//181
f 1238//135 1358//694 1055//136
f 1010//695 66//696 200//697
f 1010//695 1499//698 66//696
f 799//263 1103//699 1303//700
f 924//701 1232//702 985//703
f 450//470 259//471 155//704
f 1109//705 1388//706 160//707
f 38//708 873//670 562//550
f 37//709 759//710 753//549
f 580//711 174//712 563//713
f 197//714 954//715 328//716
f 1274//717 570//718 354//719
f 1196//720 705//284 788//575
f 473//721 1464//722 967//113
f 1243//723 1313//724 1291//725
f 1012//273 389//726 698//125
f 1074//727 1156//728 1150//729
f 872//730 816//604 1415//578
f 221//505 251//227 404//228
f 940//731 757//174 318//732
f 1497//733 654//290 943//333
f 582//734 120//735 1132//736
f 1335//737 948//738 1301//739
f 1380//383 901//740 1335//737
f 948//738 1335//737 1334//741
f 682//488 308//742 313//105
f 955//622 844//623 1307//743
f 929//744 213//301 771//745
f 465//746 961//747 851//748
f 1287//749 346//750 459//330
f 968//751 1444//752 1135//753
f 1029//327 982//754 1265//755
f 596//251 667//160 371//162
f 134//111 645//110 130//453
f 132//756 130//453 621//452
f 130//453 1490//757 131//114
f 130//453 973//758 133//759
f 974//116 973//758 134//111
f 873//670 927//760 1007//761
f 189//762 583//763 1376//764
f 1451//26 1150//729 1278//765
f 1127//635 979//766 474//767
f 302//169 193//171 301//768
f 981//223 1265//755 982//754
f 1244//769 986//770 985//703
f 349//771 986//770 1244//769
f 304//772 22//24 497//773
f 501//619 697//774 748//775
f 1419//776 366//777 1141//778
f 960//779 103//780 750//781
f 995//683 1220//782 1033//783
f 1099//784 288//785 1296//786
f 1495//45 305//311 226//203
f 225//201 579//633 547//202
f 1002//221 981//223 983//787
f 1004//788 897//657 142//430
f 995//683 12//21 615//20
f 97//537 695//789 1498//252
f 1102//790 1011//791 804//792
f 609//793 528//184 425//534
f 1390//474 1015//67 985//703
f 1020//794 291//795 882//796
f 1489//39 315//461 1069//797
f 738//798 574//118 6//799
f 494//800 255//553 793//552
f 1161//801 1487//802 1026//803
f 1363//804 375//805 60//806
f 1361//807 1197//808 50//809
f 1056//262 117//810 1035//260
f 1027//811 174//712 580//711
f 612//812 395//280 1028//279
f 353//813 1145//814 685//815
f 1344//816 147//817 118//818
f 326//819 1394//820 668//821
f 1160//233 160//707 1048//822
f 1271//14 1038//189 526//305
f 1041//423 115//33 724//631
f 1042//342 168//122 499//121
f 312//512 1457//823 222//824
f 1358//694 11//825 1372//826
f 570//718 1274//717 559//827
f 340//272 143//828 1017//829
f 472//830 1464//722 473//721
f 472//830 821//49 684//492
f 767//831 335//832 768//266
f 688//495 874//833 34//834
f 1333//362 1303//700 423//835
f 1477//836 589//837 30//47
f 566//385 1050//322 447//324
f 1470//838 522//839 1053//2
f 109//576 480//840 90//841
f 1058//842 1458//843 760//844
f 254//340 666//845 1214//398
f 334//846 127//847 23//418
f 954//715 197//714 198//848
f 987//346 1352//247 661//214
f 691//849 1043//850 301//768
f 65//851 458//296 1353//852
f 1069//797 195//853 563//713
f 586//854 179//855 1018//205
f 685//815 1234//856 273//857
f 377//858 191//859 691//849
f 325//860 481//395 99//208
f 988//99 591//551 1064//861
f 259//471 451//51 341//53
f 265//542 769//862 770//543
f 265//542 274//863 769//862
f 205//632 115//33 626//864
f 842//514 962//126 843//620
f 883//865 1167//866 1077//508
f 1344//816 76//131 146//130
f 246//218 420//867 596//251
f 866//501 515//868 1008//869
f 170//392 487//73 1089//870
f 170//392 1288//71 487//73
f 481//395 113//164 99//208
f 549//669 594//554 1221//667
f 594//554 549//669 226//203
f 829//316 322//456 828//237
f 516//558 638//557 709//871
f 148//137 535//378 299//377
f 301//768 942//486 691//849
f 972//303 1441//872 374//873
f 802//874 276//532 536//277
f 570//718 560//283 571//875
f 318//732 653//876 675//497
f 419//877 789//477 859//878
f 1499//698 1002//221 732//229
f 1109//705 925//879 4//880
f 1287//749 65//851 464//339
f 1358//694 792//18 1055//136
f 82//572 212//571 1332//881
f 634//58 507//660 278//265
f 694//168 840//187 1298//882
f 119//883 1113//884 885//885
f 143//828 1022//886 272//887
f 783//888 1070//889 564//350
f 971//890 449//891 1445//892
f 698//125 123//893 1119//894
f 1063//895 452//676 157//678
f 1063//895 564//350 452//676
f 934//896 486//897 764//6
f 1409//182 791//15 1271//14
f 1121//46 496//898 30//47
f 1121//46 1495//45 1485//899
f 823//900 1127//635 474//767
f 145//629 539//901 614//902
f 1125//903 484//904 363//332
f 1388//706 1410//905 1108//906
f 580//711 563//713 195//853
f 1353//852 220//506 404//228
f 1294//907 795//908 796//909
f 790//315 19//314 1136//466
f 1210//910 1138//911 1071//691
f 708//912 1067//299 58//298
f 365//913 485//690 307//914
f 459//330 458//296 65//851
f 613//129 1009//915 146//130
f 157//678 196//916 225//201
f 488//666 816//604 872//730
f 1299//595 956//482 541//596
f 560//283 1152//917 571//875
f 533//373 727//918 290//919
f 712//920 711//608 3//921
f 605//922 444//78 154//923
f 624//439 224//107 1153//106
f 1472//924 1088//925 1087//926
f 998//381 537//927 1114//928
f 1164//659 1252//929 1225//930
f 61//370 554//503 1221//667
f 48//931 627//412 1312//932
f 1119//894 316//123 698//125
f 351//933 687//934 905//935
f 559//827 647//500 1028//279
f 1163//936 814//937 1013//938
f 1168//939 1169//592 794//579
f 387//940 808//422 1175//941
f 1119//894 123//893 87//942
f 235//59 329//264 277//363
f 1182//943 1398//944 588//143
f 646//498 647//500 1274//717
f 325//860 637//945 730//946
f 1290//947 1381//948 42//117
f 468//949 649//950 856//951
f 765//952 769//862 63//953
f 887//681 766//954 531//955
f 870//956 351//933 905//935
f 794//579 320//957 1168//939
f 1484//958 1297//65 931//959
f 705//284 1196//720 11//825
f 1197//808 1472//924 1087//926
f 1494//590 1354//960 818//961
f 976//962 696//556 1171//577
f 898//963 561//964 117//810
f 1205//965 223//591 1494//590
f 241//636 479//379 480//840
f 651//150 37//709 1120//148
f 237//493 410//258 593//966
f 969//42 387//940 530//967
f 613//129 370//968 540//161
f 307//914 1350//969 682//488
f 1271//14 1398//944 1038//189
f 930//970 929//744 1382//971
f 435//326 261//25 461//27
f 1427//972 960//779 750//781
f 511//973 509//974 72//64
f 257//975 152//661 1216//663
f 1404//976 598//977 1349//978
f 1218//979 912//980 705//284
f 350//981 229//185 609//793
f 597//515 1221//667 1139//516
f 597//515 1159//982 1221//667
f 721//132 496//898 1222//983
f 1492//984 1325//607 1297//65
f 802//874 510//985 1226//986
f 765//952 886//424 946//987
f 274//863 265//542 648//988
f 493//306 26//268 1231//134
f 1318//628 32//282 921//989
f 1320//655 1232//702 924//701
f 878//990 1034//674 445//671
f 130//453 132//756 1490//757
f 283//215 381//249 833//991
f 821//49 208//992 762//993
f 650//994 38//708 753//549
f 1235//995 734//138 763//996
f 1027//811 441//84 251//227
f 1174//997 1316//998 1362//999
f 252//104 809//438 125//102
f 1239//1000 57//463 1430//153
f 1411//529 71//63 70//60
f 1056//262 911//261 492//1001
f 1241//1002 169//1003 1092//147
f 514//1004 713//300 359//417
f 260//289 360//687 603//287
f 861//108 776//1005 127//847
f 884//1006 928//1007 595//1008
f 950//1009 1222//983 1242//1010
f 949//1011 650//994 786//149
f 1114//928 538//1012 1359//1013
f 660//1014 1115//1015 1116//685
f 671//1016 524//1017 672//643
f 1248//1018 1247//1019 21//1020
f 295//240 1249//239 829//316
f 940//731 1149//1021 1440//1022
f 712//920 272//887 116//432
f 578//1023 1251//1024 41//74
f 615//20 352//19 689//355
f 615//20 161//1025 907//319
f 11//825 352//19 1372//826
f 1003//1026 674//242 10//216
f 312//512 471//511 126//225
f 1477//836 30//47 914//133
f 1012//273 698//125 68//1027
f 681//487 309//1028 697//774
f 1287//749 1293//338 1422//337
f 514//1004 33//1029 1141//778
f 739//76 6//799 737//1030
f 1140//1031 749//1032 739//76
f 993//194 1022//886 1402//1033
f 1368//124 1453//1034 1267//1035
f 502//409 249//1036 40//614
f 881//1037 880//1038 1436//1039
f 1356//1040 1340//520 401//1041
f 1036//1042 1448//1043 957//1044
f 307//914 485//690 1350//969
f 125//102 1136//466 456//1045
f 663//1046 1414//1047 731//1048
f 1076//677 452//676 46//1049
f 292//1050 103//780 960//779
f 1131//1051 662//1052 1023//246
f 1082//1053 836//615 838//1054
f 512//1055 141//530 1188//679
f 1187//1056 1001//1057 52//1058
f 1461//517 1256//8 1084//1059
f 1498//252 287//443 118//818
f 1363//804 155//704 375//805
f 1165//1060 1263//1061 1177//561
f 416//1062 480//840 479//379
f 304//772 36//302 1342//22
f 655//1063 801//1064 654//290
f 1044//291 871//1065 1434//1066
f 1449//407 1467//1067 190//1068
f 1449//407 1434//1066 1467//1067
f 375//805 53//1069 771//745
f 1198//1070 1200//1071 1205//965
f 197//714 328//716 7//1072
f 822//1073 1469//605 1433//159
f 319//192 1472//924 1197//808
f 830//1074 1073//1075 416//1062
f 997//1076 1222//983 686//1077
f 647//500 559//827 1274//717
f 1293//338 1287//749 464//339
f 1000//1078 795//908 1323//480
f 1255//521 92//1079 1419//776
f 198//848 55//1080 451//51
f 596//251 185//250 246//218
f 604//80 823//900 178//81
f 1296//786 890//540 1099//784
f 1296//786 1124//1081 890//540
f 191//859 931//959 1297//65
f 191//859 377//858 931//959
f 588//143 1298//882 1182//943
f 588//143 167//144 1298//882
f 725//1082 1362//999 1393//527
f 564//350 616//349 783//888
f 589//837 330//565 414//312
f 620//10 8//12 1045//1083
f 608//408 931//959 502//409
f 1102//790 1362//999 725//1082
f 301//768 1043//850 1306//652
f 24//447 776//1005 777//1084
f 422//375 1303//700 1103//699
f 369//583 261//25 260//289
f 203//180 867//656 519//191
f 391//621 385//334 392//513
f 217//668 599//1085 549//669
f 18//401 1087//926 1173//692
f 851//748 445//671 216//197
f 1437//178 176//400 96//179
f 1459//1086 1310//199 1217//198
f 491//1087 727//918 1255//521
f 879//1088 1433//159 880//1038
f 1483//1089 56//1090 1314//1091
f 1314//1091 1172//1092 1212//1093
f 281//1094 1340//520 462//580
f 618//292 27//54 642//1095
f 1405//1096 1320//655 677//502
f 1432//1097 311//627 1207//23
f 1496//386 1299//595 542//1098
f 709//871 1270//1099 662//1052
f 1359//1013 909//1100 731//1048
f 810//526 710//1101 612//812
f 807//1102 145//629 1057//425
f 156//1103 755//1104 273//857
f 117//810 1322//684 898//963
f 520//1105 1097//43 1327//457
f 384//336 69//335 1333//362
f 301//768 1306//652 302//169
f 428//1106 427//1107 1376//764
f 308//742 692//586 936//585
f 710//1101 394//1108 612//812
f 939//369 1329//1109 201//1110
f 331//1111 644//626 94//625
f 896//1112 1140//1031 949//1011
f 268//245 606//244 1270//1099
f 137//686 1116//685 323//317
f 738//798 6//799 739//76
f 275//1113 923//1114 555//533
f 157//678 841//200 1063//895
f 267//9 1332//881 212//571
f 107//97 467//98 84//1115
f 801//1064 1458//843 654//290
f 812//598 716//1116 340//272
f 265//542 754//541 264//426
f 1334//741 1335//737 1088//925
f 165//1117 163//402 176//400
f 788//575 1219//1118 1196//720
f 1163//936 522//839 1470//838
f 1379//158 639//1119 1436//1039
f 15//475 433//645 16//1120
f 600//1121 1237//1122 1083//1123
f 170//392 411//307 906//309
f 1017//829 825//1124 340//272
f 1157//397 284//399 1416//141
f 962//126 1307//743 844//623
f 962//126 1068//207 1307//743
f 139//119 1140//1031 736//1125
f 279//1126 327//87 326//819
f 1346//1127 1052//1128 387//940
f 379//4 286//1129 513//5
f 63//953 1146//1130 1003//1026
f 502//409 931//959 249//1036
f 628//450 1347//1131 755//1104
f 515//868 1080//1132 1343//1133
f 780//1134 774//562 779//568
f 778//1135 780//1134 1348//1136
f 1298//882 840//187 1038//189
f 559//827 857//278 620//10
f 717//1137 661//214 910//469
f 935//1138 656//1139 384//336
f 1096//1140 136//1141 1180//1142
f 431//1143 446//1144 723//523
f 841//200 547//202 1063//895
f 366//777 713//300 514//1004
f 366//777 544//1145 713//300
f 290//919 911//261 1184//1146
f 290//919 728//1147 911//261
f 426//1148 425//534 332//536
f 1278//765 556//1149 1240//1150
f 599//1085 1428//1151 1494//590
f 1137//1152 752//1153 1357//1154
f 1493//1155 1374//440 1339//442
f 1443//1156 685//815 1455//1157
f 1365//341 254//340 1214//398
f 69//335 286//1129 379//4
f 678//55 956//482 1128//484
f 1167//866 102//1158 1077//508
f 693//50 326//819 327//87
f 729//1159 303//1160 650//994
f 103//780 292//1050 607//1161
f 357//1162 623//1163 1072//1164
f 1010//695 200//697 530//967
f 56//1090 1483//1089 683//1165
f 1288//71 653//876 318//732
f 291//795 1020//794 498//1166
f 114//1167 35//389 543//388
f 1190//589 981//223 945//1168
f 91//41 553//40 242//468
f 734//138 1235//995 1367//1169
f 1151//449 1347//1131 628//450
f 956//482 1299//595 1496//386
f 929//744 707//415 213//301
f 1132//736 120//735 575//1170
f 657//127 1442//465 1268//128
f 941//1171 1202//82 1332//881
f 1168//939 1426//1172 1373//1173
f 409//1174 747//1175 746//1176
f 207//1177 660//1014 1033//783
f 702//48 54//112 967//113
f 362//7 28//294 1256//8
f 281//1094 1213//518 1340//520
f 261//25 435//326 260//289
f 1389//1178 1111//1179 1224//1180
f 793//552 254//340 912//980
f 49//1181 199//177 96//179
f 927//760 1389//1178 395//280
f 1104//1182 279//1126 1377//1183
f 1094//145 1251//1024 578//1023
f 544//1145 266//1184 577//1185
f 1325//607 1492//984 1379//158
f 109//576 1143//1186 790//315
f 507//660 869//257 635//259
f 103//780 205//632 750//781
f 1140//1031 139//119 749//1032
f 324//1187 78//1188 939//369
f 361//1189 350//981 211//1190
f 1043//850 373//653 1306//652
f 1028//279 647//500 904//499
f 466//1191 338//1192 548//1193
f 920//1194 891//1195 215//538
f 335//832 336//601 768//266
f 671//1016 985//703 1232//702
f 671//1016 1390//474 985//703
f 1124//1081 889//1196 920//1194
f 295//240 829//316 828//237
f 499//121 1392//1197 1042//342
f 499//121 306//253 1392//1197
f 280//1198 668//821 166//1199
f 1335//737 1301//739 1380//383
f 521//269 1296//786 288//785
f 573//1200 1409//182 1025//77
f 1294//907 1233//1201 1075//1202
f 796//909 1134//581 1233//1201
f 1439//1203 1319//640 430//1204
f 1204//1205 1400//1206 881//1037
f 1204//1205 48//931 1400//1206
f 891//1195 889//1196 182//356
f 3//921 143//828 712//920
f 720//345 477//344 248//95
f 409//1174 1358//694 1372//826
f 972//303 374//873 1342//22
f 677//502 866//501 1405//1096
f 1219//1118 788//575 875//479
f 938//1207 1290//947 1120//148
f 216//197 699//588 893//587
f 148//137 97//537 734//138
f 275//1113 276//532 1226//986
f 92//1079 573//1200 1025//77
f 14//476 15//475 963//155
f 1487//802 1488//1208 866//501
f 165//1117 439//313 1193//445
f 1228//1209 522//839 1100//1210
f 168//122 1042//342 1365//341
f 874//833 688//495 675//497
f 616//349 1362//999 1316//998
f 517//559 531//955 204//1211
f 162//1212 1021//525 1243//723
f 161//1025 615//20 689//355
f 1040//1213 1044//291 1059//1214
f 738//798 139//119 574//118
f 188//1215 1256//8 1461//517
f 1337//1216 520//1105 1112//1217
f 463//1218 1208//1219 1323//480
f 966//1220 865//649 178//81
f 966//1220 164//650 865//649
f 1217//198 948//738 625//1221
f 323//317 829//316 418//1222
f 1214//398 1157//397 1365//341
f 334//846 476//1223 2//1224
f 1045//1083 1276//281 620//10
f 455//509 206//1225 581//1226
f 780//1134 1201//1227 1348//1136
f 400//1228 758//547 1446//519
f 597//515 1227//546 1476//1229
f 717//1137 552//391 1412//1230
f 688//495 34//834 1054//496
f 4//880 925//879 1378//1231
f 1432//1097 1441//872 1416//141
f 1417//1232 263//1233 1319//640
f 623//1163 357//1162 1061//1234
f 141//530 968//751 376//1235
f 8//12 785//70 289//232
f 269//1236 1043//850 1277//1237
f 1418//560 773//1238 838//1054
f 1386//1239 735//1240 1396//1241
f 1261//1242 1292//531 1006//1243
f 1261//1242 1392//1197 1292//531
f 517//559 607//1161 638//557
f 987//346 156//1103 32//282
f 338//1192 568//359 640//1244
f 992//451 1252//929 296//1245
f 425//534 960//779 1427//972
f 227//165 229//185 350//981
f 448//1246 1349//978 598//977
f 36//302 342//120 168//122
f 1020//794 561//964 1106//1247
f 216//197 215//538 1289//195
f 1042//342 1392//1197 1261//1242
f 569//1248 478//140 282//142
f 280//1198 326//819 668//821
f 854//1249 1289//195 1266//1250
f 250//376 919//1251 298//175
f 250//376 298//175 299//377
f 932//1252 1338//1253 1051//1254
f 1115//1015 323//317 1116//685
f 1051//1254 1036//1042 957//1044
f 366//777 1419//776 266//1184
f 469//597 585//1255 415//204
f 601//1256 7//1072 328//716
f 1279//1257 321//548 873//670
f 1120//148 736//1125 896//1112
f 1120//148 139//119 736//1125
f 1143//1186 1032//1258 790//315
f 1057//425 714//156 807//1102
f 283//215 1352//247 381//249
f 1231//134 1055//136 1155//419
f 1066//357 521//269 503//271
f 774//562 780//1134 778//1135
f 1348//1136 779//568 778//1135
f 1399//563 774//562 778//1135
f 1392//1197 9//255 1292//531
f 1474//1259 127//847 2//1224
f 364//1260 565//1261 928//1007
f 977//1262 994//1263 978//1264
f 1451//26 1240//1150 461//27
f 1431//1265 1428//1151 599//1085
f 806//1266 1252//929 1164//659
f 1110//1267 409//1174 746//1176
f 543//388 361//1189 751//1268
f 1226//986 733//1269 386//1270
f 1426//1172 716//1116 1383//1271
f 1084//1059 1256//8 1083//1123
f 472//830 1248//1018 210//1272
f 1385//1273 763//996 1386//1239
f 73//427 1039//1274 937//428
f 426//1148 332//536 333//393
f 476//1223 1092//147 169//1003
f 416//1062 670//1275 633//1276
f 263//1233 1417//1232 547//202
f 998//381 1375//1277 537//927
f 553//40 552//391 910//469
f 949//1011 1140//1031 739//76
f 614//902 1057//425 145//629
f 713//300 544//1145 43//101
f 926//1278 1286//1279 1438//1280
f 1236//1281 186//1282 55//1080
f 450//470 856//951 198//848
f 1439//1203 430//1204 1154//1283
f 1376//764 583//763 821//49
f 710//1101 810//526 162//1212
f 1001//1057 944//1284 1180//1142
f 629//448 628//450 1192//348
f 922//1285 8//12 289//232
f 708//912 155//704 605//922
f 7//1072 1236//1281 197//714
f 734//138 97//537 735//1240
f 1443//1156 1455//1157 1295//1286
f 50//809 1345//658 897//657
f 1273//1287 21//1020 1247//1019
f 876//1288 1178//1289 1019//1290
f 1372//826 383//1291 1308//1292
f 676//478 352//19 1219//1118
f 138//234 828//237 322//456
f 196//916 157//678 436//325
f 963//155 627//412 964//1293
f 883//865 1430//153 175//152
f 348//472 541//596 124//1294
f 1312//932 800//411 879//1088
f 48//931 1312//932 1400//1206
f 460//331 459//330 1253//1295
f 1199//1296 1200//1071 1198//1070
f 492//1001 491//1087 33//1029
f 1431//1265 598//977 820//1297
f 220//506 221//505 404//228
f 453//1298 1209//1299 1499//698
f 1434//1066 618//292 1044//291
f 1223//1300 390//403 163//402
f 832//163 114//1167 113//164
f 585//1255 469//597 49//1181
f 104//90 1224//1180 457//1301
f 462//580 1340//520 1356//1040
f 969//42 808//422 387//940
f 984//1302 175//152 1421//1
f 1025//77 1024//1303 398//304
f 858//624 241//636 94//625
f 475//86 97//537 299//377
f 111//1304 600//1121 1479//1305
f 353//813 685//815 1443//1156
f 387//940 932//1252 530//967
f 501//619 1257//618 258//473
f 1101//1306 1049//1307 1477//836
f 4//880 1273//1287 894//1308
f 751//1268 1427//972 750//781
f 1188//679 1217//198 1153//106
f 775//566 1337//1216 1336//459
f 1076//677 436//325 157//678
f 1160//233 1378//1231 925//879
f 861//108 1191//1309 776//1005
f 1187//1056 159//1310 1001//1057
f 560//283 32//282 156//1103
f 1265//755 981//223 223//591
f 100//88 645//110 101//89
f 1239//1000 367//1311 57//463
f 832//163 350//981 230//1312
f 675//497 653//876 227//165
f 1456//1313 1341//1314 1364//1315
f 945//1168 1493//1155 1190//589
f 159//1310 1457//823 944//1284
f 34//834 1498//252 1245//1316
f 34//834 518//1317 1498//252
f 722//1318 737//1030 574//118
f 1263//1061 1165//1060 983//787
f 782//1319 110//1320 1082//1053
f 546//489 1359//1013 545//490
f 640//1244 975//361 408//1321
f 756//1322 238//1323 1467//1067
f 1333//362 69//335 277//363
f 6//799 574//118 737//1030
f 1337//1216 589//837 520//1105
f 674//242 256//217 10//216
f 542//1098 202//254 1429//613
f 302//169 1306//652 171//72
f 723//523 447//324 1387//323
f 217//668 1431//1265 599//1085
f 704//584 692//586 900//689
f 824//1324 136//1141 1247//1019
f 926//1278 1438//1280 457//1301
f 1323//480 892//1325 463//1218
f 1072//1164 709//871 662//1052
f 1273//1287 1247//1019 136//1141
f 1286//1279 926//1278 1170//75
f 1215//662 742//665 1351//1326
f 772//230 983//787 1165//1060
f 538//1012 1114//928 537//927
f 827//1327 65//851 1353//852
f 478//140 720//345 1416//141
f 934//896 1329//1109 78//1188
f 1418//560 838//1054 142//430
f 1443//1156 1295//1286 1021//525
f 740//1328 116//432 741//1329
f 476//1223 169//1003 2//1224
f 333//393 906//309 426//1148
f 904//499 810//526 612//812
f 55//1080 186//1282 187//52
f 410//258 869//257 868//57
f 417//318 1245//1316 322//456
f 4//880 1410//905 1109//705
f 792//18 393//17 1155//419
f 507//660 634//58 868//57
f 642//1095 744//1330 263//1233
f 814//937 1162//599 812//598
f 881//1037 1436//1039 1204//1205
f 1230//1331 64//504 386//1270
f 1253//1295 345//276 363//332
f 643//1332 508//1333 557//176
f 367//1311 315//461 57//463
f 921//989 1045//1083 922//1285
f 609//793 425//534 1427//972
f 129//219 1062//220 967//113
f 1400//1206 1312//932 1158//1334
f 1302//1335 1308//1292 383//1291
f 1481//1336 50//809 1087//926
f 648//988 1179//1337 674//242
f 654//290 618//292 885//885
f 297//1338 748//775 940//731
f 649//950 60//806 954//715
f 1174//997 1305//1339 1357//1154
f 89//1340 877//675 1034//674
f 827//1327 403//1341 1188//679
f 1206//602 767//831 976//962
f 584//1342 1018//205 585//1255
f 1067//299 59//1343 669//573
f 26//268 494//800 793//552
f 1483//1089 402//1344 683//1165
f 1080//1132 515//868 1484//958
f 190//1068 1304//1345 608//408
f 190//1068 1008//869 1304//1345
f 640//1244 1023//246 636//1346
f 602//1347 1064//861 761//1348
f 622//360 568//359 506//358
f 374//873 1432//1097 1207//23
f 374//873 1441//872 1432//1097
f 1356//1040 401//1041 75//68
f 921//989 32//282 1045//1083
f 1096//1140 944//1284 160//707
f 128//109 1067//299 669//573
f 975//361 622//360 1061//1234
f 813//1349 1163//936 1013//938
f 663//1046 731//1048 909//1100
f 1289//195 854//1249 853//196
f 353//813 112//1350 571//875
f 886//424 63//953 1003//1026
f 474//767 858//624 644//626
f 615//20 396//1351 417//318
f 1439//1203 1362//999 1086//351
f 107//97 365//913 356//1352
f 4//880 400//1228 1446//519
f 156//1103 1234//856 1145//814
f 692//586 1350//969 900//689
f 938//1207 1243//723 1291//725
f 795//908 1294//907 1075//1202
f 1023//246 662//1052 606//244
f 627//412 288//785 1500//410
f 248//95 247//1353 22//24
f 1227//546 1324//545 1237//1122
f 368//151 214//1354 1421//1
f 1315//1355 460//331 1253//1295
f 419//877 1257//618 719//1356
f 871//1065 1166//1357 1434//1066
f 449//891 83//688 467//98
f 95//1358 1127//635 604//80
f 378//434 69//335 379//4
f 68//1027 1013//938 1012//273
f 694//168 222//824 1203//1359
f 210//1272 208//992 472//830
f 313//105 308//742 936//585
f 91//41 242//468 493//306
f 455//509 1077//508 102//1158
f 913//1360 721//132 1346//1127
f 1386//1239 1396//1241 1385//1273
f 756//1322 1281//1361 1059//1214
f 617//1362 1079//1363 1213//518
f 1328//1364 980//1365 86//1366
f 782//1319 1014//328 1349//978
f 1108//906 1410//905 895//1367
f 1312//932 879//1088 880//1038
f 667//160 596//251 184//1368
f 764//6 486//897 1453//1034
f 775//566 706//458 1407//564
f 1181//1369 617//1362 1295//1286
f 953//1370 478//140 262//226
f 1148//416 209//85 1155//419
f 965//524 1050//322 1450//1371
f 1128//484 1395//483 798//1372
f 1452//1373 1117//1374 1450//1371
f 982//754 490//352 1403//1375
f 1403//1375 490//352 983//787
f 1189//467 1217//198 1188//679
f 727//918 533//373 1255//521
f 455//509 102//1158 206//1225
f 759//710 650//994 753//549
f 1118//1376 969//42 530//967
f 186//1282 266//1184 1419//776
f 310//485 124//1294 942//486
f 924//701 985//703 986//770
f 11//825 1196//720 352//19
f 45//1377 1078//406 1316//998
f 1474//1259 512//1055 1153//106
f 641//56 430//1204 744//1330
f 1399//563 772//230 1165//1060
f 1434//1066 1449//407 618//292
f 819//1378 1014//328 1029//327
f 948//738 1217//198 1136//466
f 1186//382 165//1117 176//400
f 945//1168 1242//1010 1374//440
f 129//219 967//113 131//114
f 701//1379 959//1380 80//1381
f 429//528 965//524 1117//1374
f 640//1244 548//1193 338//1192
f 1048//822 289//232 1160//233
f 1433//159 1133//1382 245//1383
f 1494//590 1199//1296 1198//1070
f 181//154 714//156 62//270
f 820//1297 598//977 1404//976
f 337//693 1034//674 878//990
f 994//1263 977//1262 804//792
f 1221//667 1159//982 217//668
f 481//395 850//1384 113//164
f 481//395 735//1240 850//1384
f 1323//480 46//1049 413//405
f 232//404 1098//1385 413//405
f 1078//406 45//1377 232//404
f 1291//725 1381//948 1290//947
f 976//962 1171//577 572//16
f 566//385 956//482 1496//386
f 425//534 426//1148 372//651
f 520//1105 589//837 1049//1307
f 1476//1229 1480//1386 1454//1387
f 424//213 910//469 661//214
f 1234//856 685//815 1145//814
f 1111//1179 927//760 38//708
f 493//306 242//468 494//800
f 899//364 799//263 1303//700
f 754//541 905//935 470//544
f 1341//1314 992//451 296//1245
f 632//444 439//313 633//1276
f 649//950 468//949 60//806
f 557//176 298//175 919//1251
f 273//857 1234//856 156//1103
f 757//174 302//169 1288//71
f 706//458 330//565 1407//564
f 965//524 429//528 432//522
f 965//524 1450//1371 1117//1374
f 1087//926 18//401 66//696
f 358//79 865//649 909//1100
f 228//1388 848//638 285//186
f 125//102 267//9 1136//466
f 666//845 424//213 1214//398
f 787//574 859//878 789//477
f 1424//1389 1242//1010 1222//983
f 1397//648 469//597 1254//646
f 679//396 325//860 1367//1169
f 405//1390 1368//124 1267//1035
f 1319//640 564//350 1417//1232
f 430//1204 1319//640 263//1233
f 567//1391 660//1014 659//630
f 749//1032 738//798 739//76
f 1236//1281 55//1080 198//848
f 309//1028 748//775 697//774
f 593//966 582//734 236//1392
f 100//88 327//87 1104//1182
f 931//959 1343//1133 1080//1132
f 1281//1361 1040//1213 1059//1214
f 56//1090 617//1362 1213//518
f 945//1168 453//1298 950//1009
f 1343//1133 1304//1345 1008//869
f 500//387 361//1189 543//388
f 1230//1331 563//713 174//712
f 1481//1336 732//229 1345//658
f 965//524 723//523 996//1393
f 505//224 569//1248 282//142
f 1408//1394 1208//1219 1039//1274
f 88//606 1469//605 191//859
f 741//1329 25//462 740//1328
f 912//980 172//285 705//284
f 1266//1250 891//1195 852//1395
f 513//5 1391//1396 1329//1109
f 1466//1397 1015//67 14//476
f 542//1098 348//472 9//255
f 1391//1396 1053//2 1091//1398
f 210//1272 762//993 208//992
f 291//795 1184//1146 882//796
f 1083//1123 28//294 600//1121
f 28//294 1083//1123 1256//8
f 1391//1396 513//5 286//1129
f 1272//672 961//747 834//1399
f 1272//672 851//748 961//747
f 83//688 84//1115 467//98
f 145//629 807//1102 928//1007
f 1172//1092 407//593 1381//948
f 1318//628 742//665 846//664
f 528//184 849//535 425//534
f 77//634 263//1233 547//202
f 1309//1400 449//891 900//689
f 800//411 699//588 1433//159
f 859//878 787//574 860//1401
f 651//150 759//710 37//709
f 1476//1229 1159//982 597//515
f 1370//353 1014//328 782//1319
f 145//629 1249//239 529//238
f 539//901 145//629 529//238
f 445//671 903//673 878//990
f 79//1402 1211//167 726//166
f 1394//820 821//49 583//763
f 466//1191 548//1193 268//245
f 695//789 246//218 185//250
f 811//600 1162//599 86//1366
f 188//1215 1461//517 1139//516
f 606//244 662//1052 1270//1099
f 1172//1092 1420//594 407//593
f 1229//1403 990//3 1228//1209
f 603//287 360//687 436//325
f 1308//1292 1302//1335 884//1006
f 232//404 364//1260 74//1404
f 1175//941 1346//1127 387//940
f 283//215 1214//398 424//213
f 70//60 382//1405 459//330
f 1284//616 28//294 1260//293
f 1250//1406 781//1407 448//1246
f 512//1055 1188//679 1153//106
f 1330//1408 388//647 1118//1376
f 139//119 1120//148 1290//947
f 193//171 681//487 942//486
f 239//1409 1074//727 1451//26
f 953//1370 916//343 478//140
f 346//750 1326//61 70//60
f 999//1410 947//380 241//636
f 1109//705 160//707 1160//233
f 1066//357 338//1192 182//356
f 1100//1210 405//1390 1228//1209
f 702//48 693//50 54//112
f 577//1185 591//551 544//1145
f 1154//1283 430//1204 431//1143
f 570//718 112//1350 354//719
f 445//671 1133//1382 1433//159
f 243//570 81//1411 1260//293
f 609//793 229//185 528//184
f 1258//1412 540//161 667//160
f 538//1012 537//927 358//79
f 1226//986 510//985 733//1269
f 482//637 858//624 979//766
f 715//1413 314//1414 951//209
f 1060//1415 632//444 1414//1047
f 898//963 1322//684 488//666
f 389//726 123//893 698//125
f 736//1125 1140//1031 896//1112
f 1341//1314 210//1272 1364//1315
f 1428//1151 1431//1265 820//1297
f 1440//1022 1149//1021 317//172
f 1110//1267 336//601 409//1174
f 2//1224 5//1416 512//1055
f 31//38 25//462 315//461
f 1020//794 1106//1247 1019//1290
f 663//1046 165//1117 1414//1047
f 798//1372 956//482 447//324
f 1216//663 944//1284 1457//823
f 1286//1279 41//74 1251//1024
f 1107//1417 898//963 488//666
f 1091//1398 1329//1109 1391//1396
f 229//185 228//1388 285//186
f 800//411 1312//932 627//412
f 1494//590 1428//1151 1404//976
f 1354//960 1494//590 1404//976
f 307//914 356//1352 365//913
f 757//174 194//173 302//169
f 201//1110 525//367 939//369
f 987//346 628//450 755//1104
f 346//750 1287//749 1194//1418
f 675//497 227//165 518//1317
f 574//118 843//620 955//622
f 725//1082 1393//527 429//528
f 1280//1419 756//1322 1467//1067
f 1058//842 760//844 756//1322
f 158//1420 1030//1421 452//676
f 542//1098 1299//595 348//472
f 750//781 543//388 751//1268
f 980//1365 391//621 347//641
f 269//1236 1270//1099 709//871
f 114//1167 750//781 13//1422
f 709//871 1072//1164 623//1163
f 499//121 498//1166 306//253
f 630//295 592//297 923//1114
f 347//641 391//621 843//620
f 600//1121 1227//546 1237//1122
f 154//923 444//78 59//1343
f 1258//1412 614//902 540//161
f 622//360 506//358 1061//1234
f 225//201 841//200 157//678
f 77//634 119//883 885//885
f 1129//609 610//436 339//35
f 1408//1394 1491//1423 1000//1078
f 91//41 493//306 355//28
f 257//975 151//1424 152//661
f 208//992 821//49 472//830
f 836//615 835//617 838//1054
f 989//100 602//1347 601//1256
f 1304//1345 1343//1133 608//408
f 475//86 29//31 1003//1026
f 70//60 72//64 382//1405
f 1272//672 445//671 851//748
f 768//266 1110//1267 1300//267
f 636//1346 548//1193 640//1244
f 1386//1239 763//996 734//138
f 479//379 1114//928 546//489
f 720//345 478//140 916//343
f 469//597 1397//648 49//1181
f 1092//147 87//942 1105//1425
f 1064//861 591//551 761//1348
f 805//30 189//762 427//1107
f 850//1384 735//1240 97//537
f 189//762 1376//764 427//1107
f 1465//29 707//415 930//970
f 1043//850 960//779 373//653
f 1457//823 1203//1359 222//824
f 784//44 1259//1426 970//420
f 1108//906 895//1367 1096//1140
f 1209//1299 1002//221 1499//698
f 845//1427 126//225 471//511
f 1296//786 521//269 182//356
f 1266//1250 1289//195 215//538
f 580//711 700//510 455//509
f 221//505 1230//1331 174//712
f 221//505 64//504 1230//1331
f 1272//672 834//1399 337//693
f 1497//733 943//333 556//1149
f 1037//1428 1167//866 883//865
f 192//170 317//172 1149//1021
f 997//1076 1346//1127 721//132
f 187//52 186//1282 92//1079
f 413//405 46//1049 783//888
f 340//272 1402//1033 143//828
f 340//272 716//1116 1402//1033
f 1120//148 896//1112 786//149
f 633//1276 438//1429 632//444
f 798//1372 641//56 1128//484
f 718//1430 504//1431 1122//1432
f 73//427 1161//801 1026//803
f 290//919 67//211 533//373
f 616//349 1316//998 1078//406
f 1313//724 1243//723 402//1344
f 291//795 951//209 67//211
f 291//795 247//1353 951//209
f 511//973 959//1380 173//1433
f 206//1225 78//1188 324//1187
f 1073//1075 830//1074 1176//611
f 768//266 202//254 767//831
f 324//1187 1321//368 81//1411
f 911//261 1035//260 1184//1146
f 430//1204 263//1233 744//1330
f 1197//808 1361//807 743//193
f 760//844 1285//1434 239//1409
f 86//1366 980//1365 347//641
f 791//15 532//183 533//373
f 766//954 351//933 870//956
f 169//1003 1241//1002 5//1416
f 151//1424 381//249 152//661
f 113//164 518//1317 227//165
f 414//312 305//311 589//837
f 1458//843 801//1064 1285//1434
f 1390//474 672//643 440//1435
f 637//945 325//860 99//208
f 525//367 1371//1436 1282//1437
f 641//56 431//1143 430//1204
f 857//278 395//280 1389//1178
f 480//840 94//625 241//636
f 717//1137 1412//1230 1384//1438
f 1274//717 354//719 646//498
f 1081//1439 1310//199 1459//1086
f 650//994 303//1160 1111//1179
f 201//1110 1329//1109 1091//1398
f 1283//1440 254//340 1042//342
f 832//163 500//387 114//1167
f 325//860 679//396 481//395
f 1074//727 239//1409 1156//728
f 122//1441 908//321 815//320
f 882//796 1184//1146 1035//260
f 1180//1142 136//1141 824//1324
f 677//502 673//256 664//66
f 775//566 589//837 1337//1216
f 1308//1292 884//1006 595//1008
f 684//492 702//48 1464//722
f 370//968 817//1442 118//818
f 44//1443 577//1185 1236//1281
f 1479//1305 836//615 1082//1053
f 1483//1089 1212//1093 1313//724
f 1483//1089 1314//1091 1212//1093
f 1010//695 1051//1254 957//1044
f 766//954 870//956 770//543
f 1022//886 143//828 1402//1033
f 159//1310 944//1284 1001//1057
f 184//1368 596//251 1179//1337
f 440//1435 672//643 433//645
f 452//676 1030//1421 46//1049
f 731//1048 438//1429 437//491
f 1486//1444 1264//441 1424//1389
f 1203//1359 1457//823 159//1310
f 881//1037 1400//1206 880//1038
f 1203//1359 840//187 694//168
f 161//1025 689//355 815//320
f 550//241 806//1266 1164//659
f 1322//684 1056//262 33//1029
f 991//1445 126//225 381//249
f 504//1431 718//1430 719//1356
f 1426//1172 1168//939 319//192
f 1468//288 1075//1202 1233//1201
f 33//1029 1419//776 1141//778
f 1494//590 1493//1155 1339//442
f 139//119 1290//947 42//117
f 803//1446 406//642 407//593
f 922//1285 1045//1083 8//12
f 578//1023 1307//743 1093//206
f 462//580 1314//1091 281//1094
f 253//569 1061//1234 506//358
f 494//800 242//468 255//553
f 864//446 462//580 1356//1040
f 648//988 265//542 264//426
f 1426//1172 993//194 716//1116
f 1004//788 50//809 897//657
f 413//405 1098//1385 590//429
f 405//1390 1100//1210 523//1447
f 162//1212 1243//723 1279//1257
f 1161//801 1473//1448 1488//1208
f 677//502 1320//655 986//770
f 186//1282 1236//1281 266//1184
f 476//1223 1094//145 1092//147
f 575//1170 121//433 958//494
f 221//505 174//712 1027//811
f 631//222 453//1298 945//1168
f 1119//894 231//146 1068//207
f 901//740 1087//926 1088//925
f 504//1431 1123//354 1122//1432
f 1466//1397 1095//1449 1492//984
f 859//878 912//980 1006//1243
f 293//235 146//130 1009//915
f 1175//941 808//422 587//421
f 1130//1450 465//746 853//196
f 543//388 750//781 114//1167
f 852//1395 182//356 855//1451
f 527//1452 954//715 60//806
f 676//478 1219//1118 875//479
f 1169//592 1373//1173 803//1446
f 144//603 792//18 1358//694
f 1380//383 1301//739 19//314
f 806//1266 296//1245 1252//929
f 1476//1229 1454//1387 1159//982
f 431//1143 723//523 432//522
f 169//1003 5//1416 2//1224
f 1057//425 614//902 1258//1412
f 1177//561 1263//1061 774//562
f 643//1332 919//1251 250//376
f 1181//1369 1079//1363 617//1362
f 1080//1132 1484//958 931//959
f 982//754 1403//1375 983//787
f 477//344 916//343 79//1402
f 1077//508 1239//1000 883//865
f 838//1054 835//617 837//431
f 1070//889 452//676 564//350
f 518//1317 874//833 675//497
f 1050//322 965//524 996//1393
f 602//1347 44//1443 601//1256
f 1336//459 706//458 775//566
f 186//1282 1419//776 92//1079
f 870//956 905//935 754//541
f 764//6 380//435 378//434
f 764//6 1453//1034 380//435
f 1031//1453 1423//610 1143//1186
f 1332//881 809//438 941//1171
f 588//143 108//13 745//96
f 671//1016 672//643 1390//474
f 1324//545 597//515 1084//1059
f 1442//465 85//464 534//374
f 1212//1093 1381//948 1291//725
f 4//880 1378//1231 400//1228
f 1322//684 33//1029 514//1004
f 1318//628 987//346 32//282
f 1213//518 281//1094 56//1090
f 676//478 719//1356 718//1430
f 611//37 339//35 610//436
f 245//1383 89//1340 337//693
f 269//1236 245//1383 268//245
f 1057//425 1258//1412 648//988
f 1187//1056 442//190 797//188
f 292//1050 269//1236 709//871
f 8//12 690//11 421//460
f 652//92 690//11 1389//1178
f 817//1442 1344//816 118//818
f 389//726 1017//829 1016//36
f 767//831 1206//602 335//832
f 1366//1454 369//583 73//427
f 1323//480 1208//1219 1408//1394
f 1268//128 1442//465 1119//894
f 1204//1205 1466//1397 48//931
f 1018//205 179//855 180//555
f 516//558 887//681 531//955
f 239//1409 47//1455 756//1322
f 166//1199 583//763 189//762
f 9//255 1392//1197 306//253
f 1132//736 575//1170 582//734
f 449//891 1309//1400 83//688
f 394//1108 710//1101 162//1212
f 1312//932 880//1038 1158//1334
f 618//292 1449//407 502//409
f 1499//698 732//229 66//696
f 784//44 970//420 969//42
f 844//623 843//620 962//126
f 1021//525 402//1344 1243//723
f 567//1391 397//1456 383//1291
f 850//1384 518//1317 113//164
f 235//59 593//966 868//57
f 129//219 132//756 621//452
f 872//730 876//1288 1106//1247
f 969//42 388//647 51//310
f 1199//1296 1205//965 1200//1071
f 1065//1457 524//1017 233//1458
f 1245//1316 147//817 322//456
f 1245//1316 118//818 147//817
f 1009//915 539//901 529//238
f 1303//700 422//375 423//835
f 796//909 1000//1078 1491//1423
f 920//1194 215//538 890//540
f 1344//816 146//130 147//817
f 1052//1128 932//1252 387//940
f 1090//1459 62//270 253//569
f 1062//220 442//190 52//1058
f 825//1124 389//726 1012//273
f 939//369 78//1188 1329//1109
f 395//280 394//1108 927//760
f 121//433 575//1170 120//735
f 351//933 887//681 888//682
f 321//548 938//1207 37//709
f 696//556 498//1166 1178//1289
f 1170//75 729//1159 949//1011
f 12//21 1372//826 352//19
f 1008//869 238//1323 866//501
f 1008//869 190//1068 238//1323
f 1419//776 491//1087 1255//521
f 711//608 1005//1460 3//921
f 224//107 624//439 1317//366
f 59//1343 443//181 669//573
f 1257//618 815//320 504//1431
f 313//105 314//1414 715//1413
f 1423//610 1031//1453 90//841
f 1108//906 1096//1140 160//707
f 234//481 1360//1461 892//1325
f 25//462 368//151 1430//153
f 1267//1035 175//152 405//1390
f 746//1176 804//792 1011//791
f 746//1176 994//1263 804//792
f 410//258 868//57 593//966
f 389//726 1016//36 1135//753
f 1481//1336 1345//658 50//809
f 853//196 851//748 216//197
f 1240//1150 556//1149 461//27
f 678//55 1128//484 641//56
f 209//85 355//28 1231//134
f 104//90 334//846 23//418
f 104//90 1438//1280 334//846
f 969//42 970//420 808//422
f 376//1235 968//751 339//35
f 1355//1462 1014//328 819//1378
f 1355//1462 1404//976 1014//328
f 99//208 148//137 637//945
f 28//294 1284//616 836//615
f 854//1249 852//1395 855//1451
f 19//314 1301//739 1136//466
f 962//126 842//514 657//127
f 1435//454 75//68 401//1041
f 825//1124 1017//829 389//726
f 711//608 712//920 1129//609
f 1429//613 1300//267 1117//1374
f 810//526 1021//525 162//1212
f 203//180 519//191 443//181
f 447//324 446//1144 798//1372
f 805//30 550//241 355//28
f 458//296 64//504 1353//852
f 561//964 898//963 1106//1247
f 390//403 179//855 1462//1463
f 409//1174 144//603 1358//694
f 746//1176 1331//1464 429//528
f 687//934 351//933 150//1465
f 1371//1436 525//367 201//1110
f 1041//423 531//955 946//987
f 1041//423 204//1211 531//955
f 11//825 1358//694 1238//135
f 983//787 772//230 1002//221
f 10//216 475//86 1003//1026
f 1025//77 1409//182 1024//1303
f 582//734 378//434 120//735
f 1331//1464 746//1176 1011//791
f 675//497 1085//1466 122//1441
f 361//1189 211//1190 751//1268
f 912//980 1218//979 793//552
f 418//1222 137//686 323//317
f 1338//1253 686//1077 950//1009
f 902//1467 1465//29 930//970
f 620//10 857//278 690//11
f 131//114 132//756 129//219
f 656//1139 935//1138 85//464
f 1282//1437 835//617 1406//1468
f 53//1069 1104//1182 1377//1183
f 990//3 1053//2 522//839
f 490//352 982//754 1262//1469
f 1295//1286 683//1165 1021//525
f 925//879 1109//705 1160//233
f 90//841 480//840 416//1062
f 242//468 553//40 910//469
f 292//1050 960//779 1043//850
f 1252//929 1412//1230 1225//930
f 377//858 249//1036 931//959
f 1334//741 1310//199 1081//1439
f 804//792 1137//1152 1305//1339
f 381//249 126//225 505//224
f 78//1188 206//1225 102//1158
f 122//1441 917//1470 908//321
f 951//209 703//212 240//210
f 839//1471 630//295 923//1114
f 155//704 1363//804 450//470
f 634//58 278//265 235//59
f 1411//529 1463//62 141//530
f 917//1470 396//1351 908//321
f 249//1036 942//486 40//614
f 166//1199 805//30 902//1467
f 773//1238 1142//1472 271//567
f 288//785 1482//539 1500//410
f 115//33 1041//423 29//31
f 1060//1415 1414//1047 165//1117
f 1232//702 590//429 233//1458
f 1107//1417 488//666 872//730
f 1002//221 1209//1299 631//222
f 133//759 974//116 135//115
f 530//967 1397//648 1118//1376
f 978//1264 1183//1473 595//1008
f 1324//545 1084//1059 1083//1123
f 827//1327 1188//679 140//680
f 1030//1421 158//1420 1070//889
f 88//606 1297//65 1325//607
f 300//243 1179//1337 256//217
f 563//713 386//1270 1069//797
f 645//110 54//112 101//89
f 969//42 1118//1376 388//647
f 102//1158 1167//866 486//897
f 1387//323 1050//322 996//1393
f 339//35 701//1379 376//1235
f 184//1368 648//988 1258//1412
f 1365//341 1157//397 168//122
f 863//1474 862//644 1065//1457
f 297//1338 501//619 748//775
f 859//878 1401//286 172//285
f 732//229 142//430 1345//658
f 196//916 436//325 1113//884
f 182//356 889//1196 1296//786
f 1456//1313 1364//1315 1181//1369
f 915//1475 913//1360 1175//941
f 714//156 16//1120 807//1102
f 45//1377 1357//1154 752//1153
f 928//1007 807//1102 16//1120
f 1277//1237 245//1383 269//1236
f 343//1476 527//1452 60//806
f 659//630 658//1477 567//1391
f 1228//1209 405//1390 1229//1403
f 1072//1164 1131//1051 408//1321
f 124//1294 258//473 348//472
f 922//1285 1351//1326 742//665
f 691//849 1277//1237 1043//850
f 376//1235 701//1379 71//63
f 274//863 648//988 674//242
f 1046//231 332//536 848//638
f 1046//231 333//393 332//536
f 604//80 1127//635 823//900
f 1460//1478 1082//1053 111//1304
f 1033//783 12//21 995//683
f 31//38 315//461 1489//39
f 572//16 144//603 1206//602
f 582//734 958//494 236//1392
f 1151//449 992//451 1455//1157
f 83//688 485//690 84//1115
f 874//833 518//1317 34//834
f 1111//1179 1389//1178 927//760
f 313//105 952//94 682//488
f 129//219 443//181 442//190
f 25//462 31//38 558//437
f 956//482 678//55 541//596
f 865//649 663//1046 909//1100
f 990//3 1229//1403 984//1302
f 992//451 1341//1314 1456//1313
f 883//865 175//152 1037//1428
f 1091//1398 1053//2 1371//1436
f 79//1402 471//511 1211//167
f 248//95 311//627 720//345
f 782//1319 773//1238 774//562
f 1111//1179 457//1301 1224//1180
f 1388//706 1109//705 1410//905
f 1001//1057 824//1324 1062//220
f 888//682 516//558 709//871
f 282//142 1416//141 284//399
f 314//1414 313//105 936//585
f 464//339 1326//61 1194//1418
f 1305//1339 1174//997 1102//790
f 509//974 536//277 72//64
f 34//834 1245//1316 396//1351
f 978//1264 928//1007 565//1261
f 413//405 937//428 1360//1461
f 124//1294 541//596 40//614
f 1425//1479 545//490 1359//1013
f 579//633 1113//884 119//883
f 1275//1480 456//1045 1189//467
f 1047//1481 915//1475 587//421
f 693//50 327//87 101//89
f 1026//803 238//1323 73//427
f 437//491 545//490 1425//1479
f 594//554 226//203 1018//205
f 1467//1067 238//1323 190//1068
f 1127//635 95//1358 241//636
f 1126//1482 1201//1227 780//1134
f 297//1338 318//732 815//320
f 124//1294 310//485 680//507
f 926//1278 457//1301 729//1159
f 515//868 664//66 1484//958
f 156//1103 987//346 755//1104
f 703//212 704//584 1246//1483
f 792//18 144//603 572//16
f 394//1108 162//1212 1279//1257
f 659//630 660//1014 1116//685
f 1121//46 1486//1444 1424//1389
f 428//1106 296//1245 20//1484
f 994//1263 746//1176 747//1175
f 525//367 1406//1468 1321//368
f 773//1238 271//567 774//562
f 695//789 185//250 1498//252
f 501//619 680//507 697//774
f 777//1084 320//957 24//447
f 1444//752 1105//1425 1135//753
f 531//955 766//954 946//987
f 266//1184 544//1145 366//777
f 676//478 718//1430 1122//1432
f 345//276 1253//1295 382//1405
f 15//475 1390//474 440//1435
f 527//1452 343//1476 989//100
f 288//785 627//412 181//154
f 439//313 830//1074 416//1062
f 1142//1472 772//230 1399//563
f 805//30 806//1266 550//241
f 1151//449 685//815 755//1104
f 1395//483 956//482 798//1372
f 617//1362 683//1165 1295//1286
f 895//1367 894//1308 1273//1287
f 369//583 47//1455 261//25
f 1170//75 41//74 1286//1279
f 741//1329 116//432 837//431
f 166//1199 279//1126 280//1198
f 233//1458 524//1017 671//1016
f 1009//915 529//238 293//235
f 729//1159 650//994 949//1011
f 835//617 214//1354 837//431
f 835//617 1282//1437 214//1354
f 1373//1173 1426//1172 1383//1271
f 737//1030 41//74 739//76
f 1470//838 86//1366 1162//599
f 1173//692 1210//910 1071//691
f 1155//419 488//666 1148//416
f 1351//1326 1216//663 1215//662
f 1351//1326 1048//822 1216//663
f 921//989 742//665 1318//628
f 1202//82 941//1171 933//83
f 635//259 422//375 507//660
f 22//24 304//772 1342//22
f 875//479 788//575 789//477
f 375//805 708//912 58//298
f 827//1327 464//339 65//851
f 1298//882 1038//189 1398//944
f 21//1020 1364//1315 210//1272
f 96//179 176//400 1462//1463
f 212//571 362//7 267//9
f 1294//907 796//909 1233//1201
f 1094//145 476//1223 1251//1024
f 733//1269 510//985 511//973
f 1106//1247 898//963 1107//1417
f 409//1174 336//601 144//603
f 867//656 797//188 519//191
f 1114//928 479//379 998//381
f 1196//720 1219//1118 352//19
f 105//91 104//90 23//418
f 842//514 391//621 392//513
f 267//9 1256//8 109//576
f 155//704 259//471 605//922
f 987//346 1192//348 628//450
f 192//170 194//173 317//172
f 274//863 1146//1130 63//953
f 128//109 129//219 621//452
f 799//263 277//363 329//264
f 892//1325 937//428 463//1218
f 658//1477 928//1007 397//1456
f 179//855 178//81 454//371
f 1059//1214 654//290 1458//843
f 1469//605 1195//157 1433//159
f 392//513 385//334 384//336
f 699//588 445//671 1433//159
f 215//538 891//1195 1266//1250
f 835//617 1284//616 1406//1468
f 404//228 1275//1480 403//1341
f 686//1077 1338//1253 1052//1128
f 686//1077 1052//1128 997//1076
f 512//1055 1474//1259 2//1224
f 534//374 635//259 958//494
f 1371//1436 214//1354 1282//1437
f 1223//1300 966//1220 390//403
f 278//265 1103//699 799//263
f 21//1020 210//1272 1248//1018
f 1384//1438 244//1485 987//346
f 1353//852 403//1341 827//1327
f 370//968 613//129 76//131
f 1366//1454 73//427 238//1323
f 1435//454 401//1041 434//455
f 525//367 1282//1437 1406//1468
f 370//968 118//818 287//443
f 343//1476 771//745 43//101
f 1357//1154 1316//998 1174//997
f 1288//71 318//732 757//174
f 1455//1157 1181//1369 1295//1286
f 1455//1157 1456//1313 1181//1369
f 790//315 1136//466 267//9
f 770//543 870//956 754//541
f 1134//581 1468//288 1233//1201
f 1370//353 1263//1061 490//352
f 352//19 676//478 1122//1432
f 985//703 1015//67 1244//769
f 737//1030 722//1318 1307//743
f 1018//205 584//1342 586//854
f 1399//563 1165//1060 1177//561
f 397//1456 567//1391 658//1477
f 1350//969 692//586 308//742
f 122//1441 815//320 318//732
f 903//673 337//693 878//990
f 497//773 291//795 498//1166
f 167//144 745//96 106//93
f 4//880 1446//519 1273//1287
f 871//1065 1044//291 1040//1213
f 1252//929 992//451 629//448
f 901//740 1173//692 1087//926
f 1035//260 117//810 561//964
f 503//271 62//270 1090//1459
f 43//101 989//100 343//1476
f 1386//1239 734//138 735//1240
f 938//1207 1291//725 1290//947
f 886//424 765//952 63//953
f 362//7 243//570 1260//293
f 661//214 1384//1438 987//346
f 661//214 717//1137 1384//1438
f 1279//1257 1243//723 321//548
f 916//343 953//1370 79//1402
f 587//421 915//1475 1175//941
f 743//193 1361//807 1022//886
f 1063//895 547//202 564//350
f 860//1401 705//284 1401//286
f 149//139 734//138 1367//1169
f 202//254 696//556 767//831
f 711//608 826//34 1005//1460
f 1186//382 18//401 1071//691
f 1376//764 762//993 428//1106
f 749//1032 139//119 738//798
f 14//476 963//155 964//1293
f 607//1161 292//1050 638//557
f 674//242 1003//1026 1146//1130
f 439//313 790//315 830//1074
f 615//20 907//319 396//1351
f 602//1347 989//100 988//99
f 1125//903 1315//1355 484//904
f 888//682 623//1163 150//1465
f 1105//1425 123//893 389//726
f 180//555 454//371 61//370
f 40//614 942//486 124//1294
f 16//1120 364//1260 928//1007
f 1393//527 1362//999 432//522
f 1409//182 1255//521 532//183
f 109//576 218//413 93//372
f 148//137 730//946 637//945
f 923//1114 275//1113 839//1471
f 783//888 1030//1421 1070//889
f 153//1486 1457//823 312//512
f 1441//872 1157//397 1416//141
f 98//32 113//164 114//1167
f 860//1401 1401//286 859//878
f 385//334 980//1365 1328//1364
f 682//488 356//1352 307//914
f 1022//886 993//194 743//193
f 1453//1034 1368//124 380//435
f 790//315 1475//612 830//1074
f 565//1261 45//1377 977//1262
f 565//1261 232//404 45//1377
f 940//731 317//172 757//174
f 1256//8 188//1215 109//576
f 779//568 1348//1136 1126//1482
f 876//1288 872//730 1415//578
f 966//1220 1223//1300 164//650
f 910//469 552//391 717//1137
f 995//683 417//318 1220//782
f 1051//1254 530//967 932//1252
f 1202//82 441//84 82//572
f 1138//911 901//740 1380//383
f 938//1207 321//548 1243//723
f 861//108 1//639 1144//1487
f 952//94 745//96 107//97
f 827//1327 1326//61 464//339
f 213//301 707//415 359//417
f 475//86 298//175 98//32
f 1131//1051 640//1244 408//1321
f 292//1050 709//871 638//557
f 99//208 557//176 508//1333
f 1336//459 1337//1216 1112//1217
f 223//591 1199//1296 819//1378
f 100//88 53//1069 58//298
f 48//931 14//476 964//1293
f 1077//508 700//510 1239//1000
f 193//171 942//486 301//768
f 1437//178 18//401 176//400
f 906//309 372//651 426//1148
f 1301//739 948//738 1136//466
f 708//912 154//923 59//1343
f 822//1073 245//1383 1277//1237
f 1320//655 1405//1096 866//501
f 499//121 342//120 498//1166
f 1130//1450 466//1191 465//746
f 1130//1450 855//1451 466//1191
f 1052//1128 1338//1253 932//1252
f 44//1443 591//551 577//1185
f 369//583 1039//1274 73//427
f 524//1017 862//644 672//643
f 882//796 561//964 1020//794
f 1306//652 412//308 171//72
f 899//364 1303//700 1333//362
f 918//1488 257//975 153//1486
f 151//1424 257//975 918//1488
f 1362//999 1154//1283 432//522
f 206//1225 441//84 1027//811
f 950//1009 1242//1010 945//1168
f 529//238 828//237 294//236
f 417//318 323//317 1115//1015
f 863//1474 1098//1385 232//404
f 178//81 865//649 358//79
f 100//88 58//298 128//109
f 346//750 70//60 459//330
f 239//1409 1451//26 47//1455
f 377//858 942//486 249//1036
f 1007//761 394//1108 1279//1257
f 94//625 480//840 93//372
f 166//1199 1394//820 583//763
f 26//268 793//552 1218//979
f 571//875 1152//917 353//813
f 997//1076 1052//1128 1346//1127
f 51//310 388//647 1254//646
f 268//245 245//1383 337//693
f 1494//590 1495//45 599//1085
f 386//1270 563//713 1230//1331
f 320//957 1471//1489 1472//924
f 320//957 777//1084 1471//1489
f 1154//1283 431//1143 432//522
f 755//1104 685//815 273//857
f 1360//1461 234//481 413//405
f 279//1126 326//819 280//1198
f 1367//1169 1235//995 679//396
f 1085//1466 675//497 1054//496
f 59//1343 1067//299 708//912
f 209//85 707//415 1465//29
f 866//501 238//1323 1487//802
f 1033//783 1115//1015 207//1177
f 719//1356 1257//618 504//1431
f 1239//1000 700//510 367//1311
f 52//1058 442//190 1187//1056
f 703//212 951//209 314//1414
f 758//547 434//455 401//1041
f 733//1269 173//1433 1069//797
f 1325//607 1478//1490 1469//605
f 771//745 53//1069 1377//1183
f 78//1188 486//897 934//896
f 331//1111 454//371 178//81
f 791//15 67//211 240//210
f 1212//1093 1291//725 1313//724
f 527//1452 328//716 954//715
f 1006//1243 254//340 1283//1440
f 1006//1243 912//980 254//340
f 720//345 1432//1097 1416//141
f 498//1166 696//556 306//253
f 419//877 719//1356 789//477
f 385//334 391//621 980//1365
f 46//1049 795//908 1075//1202
f 1110//1267 1117//1374 1300//267
f 803//1446 1373//1173 1383//1271
f 1153//106 861//108 1474//1259
f 1479//1305 1460//1478 111//1304
f 728//1147 727//918 491//1087
f 605//922 259//471 341//53
f 1183//1473 1308//1292 595//1008
f 651//150 786//149 650//994
f 193//171 309//1028 681//487
f 60//806 771//745 343//1476
f 679//396 1235//995 763//996
f 405//1390 68//1027 1368//124
f 50//809 1022//886 1361//807
f 369//583 1185//582 1039//1274
f 917//1470 1085//1466 396//1351
f 410//258 237//493 635//259
f 816//604 1171//577 1415//578
f 1087//926 66//696 1481//1336
f 318//732 675//497 122//1441
f 900//689 1350//969 485//690
f 1093//206 231//146 1094//145
f 175//152 368//151 1421//1
f 365//913 107//97 84//1115
f 740//1328 25//462 558//437
f 565//1261 977//1262 978//1264
f 1470//838 814//937 1163//936
f 940//731 748//775 1149//1021
f 1098//1385 233//1458 590//429
f 591//551 44//1443 761//1348
f 1091//1398 1371//1436 201//1110
f 662//1052 1131//1051 1072//1164
f 458//296 459//330 363//332
f 1497//733 556//1149 1278//765
f 1102//790 1174//997 1362//999
f 449//891 971//890 704//584
f 1099//784 1482//539 288//785
f 1180//1142 944//1284 1096//1140
f 399//69 758//547 400//1228
f 518//1317 97//537 1498//252
f 468//949 856//951 450//470
f 786//149 896//1112 949//1011
f 613//129 539//901 1009//915
f 625//1221 948//738 1334//741
f 640//1244 568//359 975//361
f 975//361 1061//1234 357//1162
f 700//510 580//711 195//853
f 248//95 715//1413 576//1491
f 691//849 942//486 377//858
f 1068//207 1268//128 1119//894
f 591//551 43//101 544//1145
f 691//849 191//859 1277//1237
f 1470//838 1391//1396 286//1129
f 518//1317 850//1384 97//537
f 459//330 65//851 1287//749
f 485//690 365//913 84//1115
f 1059//1214 1458//843 1058//842
f 74//1404 433//645 862//644
f 369//583 260//289 1468//288
f 624//439 1153//106 1310//199
f 1411//529 70//60 1463//62
f 1095//1449 1204//1205 1436//1039
f 175//152 984//1302 1229//1403
f 546//489 416//1062 479//379
f 452//676 1070//889 158//1420
f 1429//613 1452//1373 1050//322
f 999//1410 241//636 95//1358
f 1387//323 996//1393 723//523
f 102//1158 486//897 78//1188
f 522//839 1163//936 813//1349
f 1045//1083 32//282 1276//281
f 431//1143 641//56 446//1144
f 797//188 159//1310 1187//1056
f 957//1044 1448//1043 950//1009
f 114//1167 500//387 35//389
f 1454//1387 1480//1386 111//1304
f 341//53 444//78 605//922
f 1383//1271 716//1116 1369//1492
f 230//1312 350//981 500//387
f 1354//960 819//1378 818//961
f 894//1308 895//1367 1410//905
f 456//1045 39//103 125//102
f 456//1045 1275//1480 39//103
f 1493//1155 1494//590 1190//589
f 945//1168 981//223 631//222
f 917//1470 122//1441 1085//1466
f 804//792 1305//1339 1102//790
f 321//548 37//709 753//549
f 378//434 379//4 764//6
f 171//72 1089//870 487//73
f 797//188 840//187 1203//1359
f 211//1190 350//981 609//793
f 1330//1408 1118//1376 1397//648
f 1263//1061 983//787 490//352
f 969//42 51//310 1327//457
f 1056//262 1322//684 117//810
f 1169//592 803//1446 407//593
f 1412//1230 629//448 1384//1438
f 233//1458 1098//1385 863//1474
f 1048//822 944//1284 1216//663
f 1048//822 160//707 944//1284
f 362//7 212//571 243//570
f 588//143 1398//944 1271//14
f 959//1380 1489//39 173//1433
f 390//403 1462//1463 176//400
f 863//1474 74//1404 862//644
f 824//1324 1247//1019 473//721
f 984//1302 1421//1 990//3
f 81//1411 1321//368 1260//293
f 347//641 406//642 1369//1492
f 1432//1097 720//345 311//627
f 1139//516 218//413 188//1215
f 573//1200 1255//521 1409//182
f 116//432 1129//609 712//920
f 1051//1254 1010//695 530//967
f 901//740 1088//925 1335//737
f 393//17 488//666 1155//419
f 1351//1326 922//1285 1048//822
f 1325//607 1379//158 1478//1490
f 1224//1180 104//90 652//92
f 103//780 607//1161 517//559
f 1497//733 655//1063 654//290
f 514//1004 1141//778 366//777
f 899//364 277//363 799//263
f 876//1288 1019//1290 1106//1247
f 183//1493 256//217 1179//1337
f 1006//1243 1292//531 419//877
f 1008//869 515//868 1343//1133
f 928//1007 884//1006 17//1494
f 593//966 235//59 277//363
f 198//848 856//951 649//950
f 1101//1306 1477//836 1047//1481
f 467//98 1246//1483 449//891
f 1310//199 1088//925 1317//366
f 436//325 943//333 1113//884
f 619//1495 559//827 620//10
f 990//3 522//839 1228//1209
f 223//591 819//1378 1265//755
f 838//1054 837//431 142//430
f 75//68 785//70 105//91
f 796//909 1185//582 1134//581
f 928//1007 978//1264 595//1008
f 21//1020 1079//1363 1364//1315
f 981//223 982//754 983//787
f 636//1346 268//245 548//1193
f 175//152 1267//1035 1037//1428
f 705//284 860//1401 788//575
f 111//1304 1480//1386 600//1121
f 999//1410 537//927 1375//1277
f 999//1410 95//1358 537//927
f 552//391 551//390 1412//1230
f 491//1087 1419//776 33//1029
f 444//78 341//53 187//52
f 929//744 279//1126 1382//971
f 396//1351 907//319 908//321
f 110//1320 1349//978 781//1407
f 211//1190 1427//972 751//1268
f 937//428 892//1325 1360//1461
f 172//285 912//980 859//878
f 1475//612 790//315 1032//1258
f 371//162 540//161 370//968
f 383//1291 397//1456 17//1494
f 20//1484 806//1266 805//30
f 961//747 466//1191 834//1399
f 961//747 465//746 466//1191
f 947//380 999//1410 1375//1277
f 1024//1303 1409//182 526//305
f 804//792 752//1153 1137//1152
f 297//1338 940//731 318//732
f 547//202 1417//1232 564//350
f 630//295 1226//986 64//504
f 582//734 575//1170 958//494
f 416//1062 438//1429 670//1275
f 416//1062 546//489 438//1429
f 47//1455 369//583 1366//1454
f 270//1496 774//562 1370//353
f 1021//525 646//498 354//719
f 540//161 614//902 613//129
f 140//680 141//530 1463//62
f 1469//605 822//1073 1277//1237
f 178//81 179//855 966//1220
f 448//1246 217//668 1250//1406
f 513//5 1329//1109 764//6
f 529//238 295//240 828//237
f 180//555 594//554 1018//205
f 342//120 36//302 304//772
f 914//133 915//1475 1477//836
f 439//313 416//1062 633//1276
f 56//1090 281//1094 1314//1091
f 1183//1473 994//1263 1413//1497
f 1450//1371 1050//322 1452//1373
f 1493//1155 945//1168 1374//440
f 1425//1479 731//1048 437//491
f 462//580 864//446 24//447
f 1479//1305 600//1121 28//294
f 469//597 51//310 1254//646
f 1273//1287 1446//519 21//1020
f 1110//1267 746//1176 429//528
f 402//1344 1021//525 683//1165
f 973//758 130//453 131//114
f 140//680 1463//62 1326//61
f 935//1138 422//375 85//464
f 406//642 574//118 42//117
f 221//505 1027//811 251//227
f 1015//67 673//256 1244//769
f 220//506 1353//852 64//504
f 278//265 507//660 1103//699
f 246//218 695//789 10//216
f 1467//1067 1434//1066 1280//1419
f 210//1272 1341//1314 296//1245
f 1278//765 1240//1150 1451//26
f 1022//886 50//809 272//887
f 454//371 94//625 93//372
f 1454//1387 781//1407 1250//1406
f 1438//1280 104//90 457//1301
f 724//631 204//1211 1041//423
f 724//631 1147//1498 204//1211
f 1429//613 831//384 542//1098
f 38//708 562//550 753//549
f 356//1352 682//488 107//97
f 336//601 335//832 1206//602
f 781//1407 1349//978 448//1246
f 935//1138 423//835 422//375
f 1369//1492 716//1116 812//598
f 497//773 247//1353 291//795
f 353//813 1443//1156 1021//525
f 205//632 1147//1498 724//631
f 412//308 1306//652 372//651
f 199//177 200//697 1437//178
f 1041//423 946//987 886//424
f 630//295 64//504 458//296
f 542//1098 831//384 1496//386
f 1176//611 1423//610 90//841
f 891//1195 182//356 852//1395
f 231//146 87//942 1092//147
f 149//139 730//946 148//137
f 1195//157 1478//1490 1379//158
f 656//1139 85//464 657//127
f 511//973 80//1381 959//1380
f 629//448 483//347 244//1485
f 495//1499 1121//46 1424//1389
f 134//111 133//759 135//115
f 134//111 131//114 54//112
f 134//111 973//758 131//114
f 359//417 1322//684 514//1004
f 605//922 154//923 708//912
f 339//35 968//751 1135//753
f 987//346 244//1485 483//347
f 215//538 216//197 1500//410
f 467//98 107//97 108//13
f 228//1388 229//185 1046//231
f 258//473 1257//618 1292//531
f 935//1138 1333//362 423//835
f 245//1383 1133//1382 89//1340
f 706//458 414//312 330//565
f 451//51 55//1080 187//52
f 649//950 954//715 198//848
f 602//1347 988//99 1064//861
f 1039//1274 1208//1219 463//1218
f 644//626 331//1111 823//900
f 458//296 363//332 592//297
f 413//405 590//429 937//428
f 890//540 1124//1081 920//1194
f 1197//808 743//193 319//192
f 30//47 589//837 305//311
f 731//1048 1425//1479 1359//1013
f 847//248 1352//247 987//346
f 1263//1061 1370//353 774//562
f 906//309 412//308 372//651
f 599//1085 1495//45 549//669
f 1223//1300 163//402 164//650
f 1330//1408 1397//648 388//647
f 699//588 216//197 445//671
f 1104//1182 327//87 279//1126
f 832//163 227//165 350//981
f 26//268 1218//979 705//284
f 303//1160 457//1301 1111//1179
f 566//385 1429//613 1050//322
f 586//854 1462//1463 179//855
f 1152//917 560//283 1145//814
f 108//13 588//143 1271//14
f 546//489 437//491 438//1429
f 1193//445 1060//1415 165//1117
f 845//1427 471//511 79//1402
f 1134//581 369//583 1468//288
f 1047//1481 970//420 1259//1426
f 367//1311 1069//797 315//461
f 824//1324 1001//1057 1180//1142
f 571//875 112//1350 570//718
f 1120//148 37//709 938//1207
f 329//264 235//59 278//265
f 12//21 567//1391 383//1291
f 12//21 1033//783 567//1391
f 166//1199 189//762 805//30
f 173//1433 733//1269 511//973
f 845//1427 262//226 126//225
f 109//576 90//841 1143//1186
f 25//462 741//1329 368//151
f 923//1114 592//297 177//1500
f 1399//563 778//1135 1142//1472
f 72//64 345//276 382//1405
f 1331//1464 725//1082 429//528
f 1319//640 1439//1203 1086//351
f 1083//1123 1237//1122 1324//545
f 416//1062 1073//1075 90//841
f 915//1475 914//133 913//1360
f 495//1499 1424//1389 1222//983
f 5//1416 968//751 512//1055
f 5//1416 1241//1002 968//751
f 1284//616 1260//293 1406//1468
f 953//1370 845//1427 79//1402
f 601//1256 44//1443 7//1072
f 205//632 103//780 1147//1498
f 674//242 1179//1337 300//243
f 1317//366 1088//925 224//107
f 1494//590 1339//442 1495//45
f 253//569 623//1163 1061//1234
f 99//208 508//1333 535//378
f 1156//728 801//1064 1150//729
f 389//726 1135//753 1105//1425
f 915//1475 1047//1481 1477//836
f 1191//1309 777//1084 776//1005
f 1167//866 1267//1035 1453//1034
f 272//887 1004//788 116//432
f 1144//1487 1471//1489 861//108
f 183//1493 420//867 246//218
f 1381//948 407//593 42//117
f 320//957 1472//924 1168//939
f 302//169 171//72 1288//71
f 773//1238 1418//560 1142//1472
f 791//15 240//210 467//98
f 812//598 665//274 814//937
f 467//98 703//212 1246//1483
f 1385//1273 1396//1241 1269//394
f 1288//71 333//393 653//876
f 1382//971 902//1467 930//970
f 610//436 740//1328 558//437
f 1455//1157 992//451 1456//1313
f 1397//648 530//967 199//177
f 248//95 477//344 106//93
f 1121//46 1485//899 1486//1444
f 1474//1259 861//108 127//847
f 1194//1418 1326//61 346//750
f 314//1414 936//585 704//584
f 1146//1130 274//863 674//242
f 1076//677 46//1049 1075//1202
f 67//211 1184//1146 291//795
f 27//54 641//56 744//1330
f 570//718 559//827 619//1495
f 289//232 1048//822 922//1285
f 768//266 336//601 1110//1267
f 257//975 1216//663 153//1486
f 89//1340 1034//674 337//693
f 651//150 650//994 759//710
f 707//415 929//744 930//970
f 667//160 184//1368 1258//1412
f 354//719 112//1350 353//813
f 830//1074 1475//612 1176//611
f 847//248 846//664 152//661
f 587//421 970//420 1047//1481
f 1097//43 1101//1306 784//44
f 1011//791 1102//790 725//1082
f 1489//39 959//1380 611//37
f 375//805 771//745 60//806
f 526//305 1038//189 797//188
f 812//598 340//272 665//274
f 1199//1296 818//961 819//1378
f 959//1380 701//1379 339//35
f 1447//654 1473//1448 1232//702
f 421//460 785//70 8//12
f 643//1332 250//376 508//1333
f 293//235 529//238 294//236
f 134//111 130//453 133//759
f 373//653 960//779 425//534
f 1192//348 483//347 629//448
f 1285//1434 760//844 1458//843
f 398//304 1024//1303 526//305
f 551//390 553//40 550//241
f 1402//1033 716//1116 993//194
f 616//349 1078//406 783//888
f 693//50 101//89 54//112
f 510//985 536//277 509//974
f 1300//267 1429//613 202//254
f 725//1082 1331//1464 1011//791
f 975//361 357//1162 408//1321
f 763//996 1385//1273 1269//394
f 888//682 709//871 623//1163
f 1094//145 578//1023 1093//206
f 1404//976 1428//1151 820//1297
f 817//1442 370//968 76//131
f 1049//1307 589//837 1477//836
f 360//687 260//289 435//326
f 1372//826 12//21 383//1291
f 972//303 36//302 168//122
f 190//1068 608//408 1449//407
f 557//176 919//1251 643//1332
f 88//606 191//859 1297//65
f 1327//457 1112//1217 520//1105
f 1226//986 276//532 802//874
f 854//1249 1266//1250 852//1395
f 1119//894 87//942 231//146
f 334//846 1438//1280 1286//1279
f 1097//43 969//42 1327//457
f 1488//1208 1447//654 866//501
f 127//847 334//846 2//1224
f 48//931 1466//1397 14//476
f 1296//786 889//1196 1124//1081
f 384//336 656//1139 392//513
f 200//697 199//177 530//967
f 286//1129 69//335 385//334
f 889//1196 891//1195 920//1194
f 1184//1146 67//211 290//919
f 730//946 149//139 325//860
f 991//1445 381//249 151//1424
f 337//693 466//1191 268//245
f 781//1407 111//1304 110//1320
f 15//475 440//1435 433//645
f 1382//971 166//1199 902//1467
f 1422//337 464//339 1194//1418
f 120//735 378//434 121//433
f 536//277 276//532 344//275
f 463//1218 937//428 1039//1274
f 1486//1444 1485//899 1339//442
f 247//1353 497//773 22//24
f 546//489 1114//928 1359//1013
f 1206//602 976//962 572//16
f 1088//925 1310//199 1334//741
f 1420//594 794//579 1169//592
f 1095//1449 1466//1397 1204//1205
f 1088//925 1471//1489 224//107
f 1352//247 283//215 661//214
f 1327//457 51//310 414//312
f 695//789 97//537 10//216
f 238//1323 1026//803 1487//802
f 1139//516 554//503 218//413
f 75//68 23//418 864//446
f 714//156 1057//425 62//270
f 1111//1179 38//708 650//994
f 586//854 96//179 1462//1463
f 1420//594 1172//1092 1314//1091
f 1054//496 34//834 1085//1466
f 752//1153 804//792 977//1262
f 1482//539 215//538 1500//410
f 450//470 198//848 451//51
f 153//1486 1216//663 1457//823
f 593//966 236//1392 237//493
f 1307//743 41//74 737//1030
f 1307//743 578//1023 41//74
f 894//1308 1410//905 4//880
f 312//512 126//225 918//1488
f 1374//440 1242//1010 1424//1389
f 18//401 200//697 66//696
f 18//401 1437//178 200//697
f 895//1367 1273//1287 136//1141
f 853//196 465//746 851//748
f 501//619 297//1338 815//320
f 873//670 38//708 927//760
f 1297//65 1484//958 664//66
f 309//1028 192//170 1149//1021
f 338//1192 466//1191 855//1451
f 350//981 361//1189 500//387
f 697//774 680//507 681//487
f 1138//911 1210//910 1173//692
f 610//436 1129//609 740//1328
f 1371//1436 1421//1 214//1354
f 347//641 812//598 86//1366
f 496//898 495//1499 1222//983
f 242//468 666//845 255//553
f 503//271 506//358 1066//357
f 817//1442 76//131 1344//816
f 492//1001 911//261 728//1147
f 453//1298 631//222 1209//1299
f 284//399 1214//398 833//991
f 115//33 13//1422 626//864
f 61//370 1221//667 594//554
f 287//443 1498//252 596//251
f 1279//1257 873//670 1007//761
f 1012//273 340//272 825//1124
f 316//123 121//433 380//435
f 316//123 534//374 121//433
f 1349//978 1014//328 1404//976
f 1348//1136 1201//1227 1126//1482
f 282//142 284//399 833//991
f 1157//397 1441//872 972//303
f 115//33 98//32 114//1167
f 833//991 381//249 505//224
f 262//226 845//1427 953//1370
f 492//1001 33//1029 1056//262
f 1143//1186 90//841 1031//1453
f 276//532 592//297 344//275
f 1079//1363 1181//1369 1364//1315
f 27//54 618//292 502//409
f 286//1129 1328//1364 1470//838
f 81//1411 206//1225 324//1187
f 349//771 673//256 677//502
f 401//1041 1340//520 758//547
f 590//429 1232//702 73//427
f 160//707 1388//706 1108//906
f 758//547 399//69 434//455
f 493//306 494//800 26//268
f 1480//1386 1227//546 600//1121
f 30//47 305//311 1495//45
f 1160//233 399//69 1378//1231
f 1164//659 1412//1230 551//390
f 272//887 50//809 1004//788
f 275//1113 555//533 276//532
f 1159//982 1250//1406 217//668
f 658//1477 659//630 145//629
f 1157//397 972//303 168//122
f 441//84 81//1411 243//570
f 1244//769 673//256 349//771
f 943//333 885//885 1113//884
f 230//1312 500//387 832//163
f 1117//1374 1110//1267 429//528
f 559//827 1028//279 857//278
f 75//68 864//446 1356//1040
f 1369//1492 812//598 347//641
f 320//957 794//579 24//447
f 1257//618 419//877 1292//531
f 1471//1489 1088//925 1472//924
f 1150//729 801//1064 655//1063
f 165//1117 663//1046 865//649
f 1487//802 1161//801 1488//1208
f 34//834 396//1351 1085//1466
f 1326//61 827//1327 140//680
f 1350//969 308//742 682//488
f 755//1104 1347//1131 1151//449
f 582//734 277//363 69//335
f 728//1147 491//1087 492//1001
f 1229//1403 405//1390 175//152
f 40//614 541//596 678//55
f 71//63 701//1379 80//1381
f 1126//1482 780//1134 779//568
f 865//649 163//402 165//1117
f 142//430 116//432 1004//788
f 1436//1039 880//1038 1433//159
f 829//316 1249//239 418//1222
f 679//396 763//996 1269//394
f 1377//1183 929//744 771//745
f 1413//1497 1308//1292 1183//1473
f 39//103 1275//1480 404//228
f 760//844 239//1409 756//1322
f 933//83 251//227 441//84
f 1269//394 1396//1241 481//395
f 1382//971 279//1126 166//1199
f 539//901 613//129 614//902
f 1096//1140 895//1367 136//1141
f 1275//1480 1189//467 403//1341
f 383//1291 17//1494 1302//1335
f 1491//1423 1185//582 796//909
f 576//1491 247//1353 248//95
f 1150//729 1451//26 1074//727
f 779//568 271//567 778//1135
f 484//904 1253//1295 363//332
f 515//868 866//501 664//66
f 99//208 535//378 148//137
f 785//70 399//69 289//232
f 795//908 1000//1078 796//909
f 1317//366 624//439 1311//365
f 1232//702 233//1458 671//1016
f 1494//590 1198//1070 1205//965
f 446//1144 641//56 798//1372
f 867//656 203//180 398//304
f 534//374 316//123 1442//465
f 843//620 574//118 406//642
f 1461//517 1084//1059 597//515
f 316//123 380//435 1368//124
f 726//166 1298//882 167//144
f 726//166 694//168 1298//882
f 823//900 474//767 644//626
f 428//1106 210//1272 296//1245
f 274//863 63//953 769//862
f 1113//884 579//633 196//916
f 205//632 626//864 13//1422
f 161//1025 815//320 907//319
f 1023//246 640//1244 1131//1051
f 801//1064 1156//728 239//1409
f 1125//903 460//331 1315//1355
f 1023//246 268//245 636//1346
f 1043//850 269//1236 292//1050
f 576//1491 951//209 247//1353
f 1162//599 814//937 1470//838
f 1227//546 1480//1386 1476//1229
f 585//1255 49//1181 96//179
f 1336//459 1112//1217 1327//457
f 405//1390 523//1447 68//1027
f 71//63 511//973 72//64
f 204//1211 1147//1498 517//559
f 1016//36 1005//1460 826//34
f 685//815 1151//449 1455//1157
f 596//251 420//867 183//1493
f 1491//1423 1408//1394 1185//582
f 1125//903 363//332 460//331
f 1332//881 267//9 809//438
f 604//80 358//79 537//927
f 271//567 1142//1472 778//1135
f 418//1222 659//630 137//686
f 955//622 722//1318 574//118
f 627//412 48//931 964//1293
f 1199//1296 223//591 1205//965
f 629//448 1412//1230 1252//929
f 93//372 480//840 109//576
f 535//378 508//1333 250//376
f 1245//1316 417//318 396//1351
f 226//203 549//669 1495//45
f 1138//911 1186//382 1071//691
f 1138//911 1380//383 1186//382
f 1195//157 1469//605 1478//1490
f 1130//1450 853//196 854//1249
f 266//1184 1236//1281 577//1185
f 251//227 933//83 252//104
f 913//1360 1346//1127 1175//941
f 769//862 766//954 770//543
f 769//862 765//952 766//954
f 732//229 1481//1336 66//696
f 601//1256 328//716 527//1452
f 94//625 454//371 331//1111
f 21//1020 1446//519 1079//1363
f 43//101 771//745 213//301
f 338//1192 855//1451 182//356
f 504//1431 689//355 1123//354
f 924//701 986//770 1320//655
f 879//1088 800//411 1433//159
f 617//1362 56//1090 683//1165
f 337//693 834//1399 466//1191
f 502//409 40//614 27//54
f 375//805 155//704 708//912
f 1178//1289 876//1288 1415//578
f 368//151 741//1329 214//1354
f 1158//1334 880//1038 1400//1206
f 1161//801 73//427 1232//702
f 1453//1034 486//897 1167//866
f 538//1012 909//1100 1359//1013
f 1408//1394 1039//1274 1185//582
f 180//555 179//855 454//371
f 950//1009 453//1298 957//1044
f 1036//1042 1338//1253 1448//1043
f 732//229 1418//560 142//430
f 1447//654 1488//1208 1473//1448
f 1029//327 490//352 1262//1469
f 538//1012 358//79 909//1100
f 767//831 696//556 976//962
f 1451//26 261//25 47//1455
f 1281//1361 1280//1419 1166//1357
f 1281//1361 756//1322 1280//1419
f 81//1411 441//84 206//1225
f 224//107 1144//1487 1//639
f 224//107 1471//1489 1144//1487
f 1068//207 1093//206 1307//743
f 836//615 1479//1305 28//294
f 443//181 129//219 669//573
f 68//1027 698//125 1368//124
f 801//1064 239//1409 1285//1434
f 918//1488 126//225 991//1445
f 1025//77 398//304 203//180
f 1136//466 1189//467 456//1045
f 1082//1053 1460//1478 1479//1305
f 792//18 1155//419 1055//136
f 238//1323 756//1322 1366//1454
f 838//1054 773//1238 1082//1053
f 1089//870 411//307 170//392
f 363//332 345//276 344//275
f 1191//1309 1471//1489 777//1084
f 484//904 1315//1355 1253//1295
f 887//681 351//933 766//954
f 170//392 906//309 333//393
f 585//1255 96//179 584//1342
f 971//890 1246//1483 704//584
f 1029//327 489//329 490//352
f 256//217 183//1493 246//218
f 167//144 79//1402 726//166
f 167//144 477//344 79//1402
f 824//1324 967//113 1062//220
f 462//580 794//579 1420//594
f 26//268 11//825 1238//135
f 26//268 705//284 11//825
f 98//32 557//176 99//208
f 1370//353 782//1319 270//1496
f 608//408 1343//1133 931//959
f 24//447 127//847 776//1005
f 1029//327 1262//1469 982//754
f 1362//999 616//349 1086//351
f 693//50 1394//820 326//819
f 693//50 821//49 1394//820
f 296//1245 806//1266 20//1484
f 236//1392 958//494 237//493
f 1190//589 223//591 981//223
f 666//845 242//468 424//213
f 826//34 1129//609 339//35
f 277//363 582//734 593//966
f 270//1496 782//1319 774//562
f 1339//442 1264//441 1486//1444
f 949//1011 739//76 1170//75
f 69//335 378//434 582//734
f 1018//205 415//204 585//1255
f 1178//1289 1020//794 1019//1290
f 93//372 219//414 61//370
f 762//993 1376//764 821//49
f 1089//870 171//72 411//307
f 1236//1281 7//1072 44//1443
f 756//1322 1059//1214 1058//842
f 232//404 74//1404 863//1474
f 64//504 1226//986 386//1270
f 1010//695 453//1298 1499//698
f 86//1366 1470//838 1328//1364
f 9//255 202//254 542//1098
f 621//452 645//110 128//109
f 814//937 665//274 1013//938
f 367//1311 700//510 1069//797
f 1143//1186 1423//610 1032//1258
f 702//48 967//113 1464//722
f 1161//801 1232//702 1473//1448
f 652//92 785//70 421//460
f 1199//1296 1494//590 818//961
f 1017//829 3//921 1005//1460
f 50//809 1197//808 1087//926
f 1107//1417 872//730 1106//1247
f 527//1452 989//100 601//1256
f 803//1446 1383//1271 406//642
f 13//1422 115//33 114//1167
f 994//1263 1183//1473 978//1264
f 363//332 344//275 592//297
f 619//1495 620//10 1276//281
f 1188//679 403//1341 1189//467
f 719//1356 676//478 789//477
f 1369//1492 406//642 1383//1271
f 849//535 528//184 285//186
f 469//597 415//204 305//311
f 1135//753 1016//36 339//35
f 495//1499 496//898 1121//46
f 1433//159 245//1383 822//1073
f 262//226 569//1248 505//224
f 319//192 993//194 1426//1172
f 1448//1043 1338//1253 950//1009
f 414//312 706//458 1327//457
f 1072//1164 408//1321 357//1162
f 461//27 556//1149 943//333
f 1169//592 1168//939 1373//1173
f 1212//1093 1172//1092 1381//948
f 1017//829 143//828 3//921
f 80//1381 511//973 71//63
f 478//140 569//1248 262//226
f 1363//804 60//806 468//949
f 959//1380 339//35 611//37
f 272//887 712//920 143//828
f 943//333 654//290 885//885
f 666//845 254//340 255//553
f 1246//1483 1445//892 449//891
f 503//271 1090//1459 253//569
f 802//874 536//277 510//985
f 1422//337 1194//1418 1287//749
f 395//280 612//812 394//1108
f 765//952 946//987 766//954
f 1178//1289 498//1166 1020//794
f 316//123 1119//894 1442//465
f 342//120 304//772 497//773
f 59//1343 444//78 443//181
f 858//624 474//767 979//766
f 90//841 1073//1075 1176//611
f 687//934 253//569 62//270
f 283//215 833//991 1214//398
f 783//888 1078//406 413//405
f 1267//1035 1167//866 1037//1428
f 892//1325 1323//480 234//481
f 1017//829 1005//1460 1016//36
f 1412//1230 1164//659 1225//930
f 428//1106 20//1484 427//1107
f 968//751 1241//1002 1444//752
f 890//540 1482//539 1099//784
f 287//443 371//162 370//968
f 752//1153 977//1262 45//1377
f 816//604 393//17 572//16
f 642//1095 77//634 885//885
f 263//1233 77//634 642//1095
f 773//1238 782//1319 1082//1053
f 968//751 141//530 512//1055
f 629//448 244//1485 1384//1438
f 927//760 394//1108 1007//761
f 812//598 811//600 86//1366
f 646//498 810//526 904//499
f 1375//1277 998//381 947//380
f 979//766 1127//635 482//637
f 45//1377 1316//998 1357//1154
f 1224//1180 652//92 1389//1178
f 658//1477 145//629 928//1007
f 47//1455 1366//1454 756//1322
f 457//1301 303//1160 729//1159
f 973//758 974//116 133//759
f 1057//425 648//988 264//426
f 1397//648 199//177 49//1181
f 226//203 305//311 415//204
f 1260//293 1321//368 1406//1468
f 1097//43 1049//1307 1101//1306
f 1097//43 520//1105 1049//1307
f 926//1278 729//1159 1170//75
f 1283//1440 1261//1242 1006//1243
f 218//413 109//576 188//1215
f 921//989 922//1285 742//665
f 521//269 288//785 181//154
f 813//1349 1013//938 68//1027
f 589//837 775//566 330//565
f 497//773 498//1166 342//120
f 1066//357 568//359 338//1192
f 1222//983 950//1009 686//1077
f 1138//911 1173//692 901//740
f 573//1200 92//1079 1255//521
f 859//878 1006//1243 419//877
f 1261//1242 1283//1440 1042//342
f 29//31 886//424 1003//1026
f 1414//1047 632//444 731//1048
f 1429//613 1117//1374 1452//1373
f 963//155 181//154 627//412
f 359//417 1148//416 1322//684
f 1211//167 312//512 222//824
f 1342//22 374//873 1207//23
f 913//1360 914//133 721//132
f 1445//892 1246//1483 971//890
f 772//230 1142//1472 1418//560
f 441//84 243//570 82//572
f 1427//972 211//1190 609//793
f 62//270 264//426 470//544
f 703//212 314//1414 704//584
f 715//1413 248//95 313//105
f 1182//943 1298//882 1398//944
f 1470//838 1053//2 1391//1396
f 1075//1202 603//287 1076//677
f 22//24 1207//23 248//95
f 940//731 1440//1022 317//172
f 364//1260 433//645 74//1404
f 1349//978 110//1320 782//1319
f 269//1236 268//245 1270//1099
f 1459//1086 1217//198 625//1221
f 1472//924 319//192 1168//939
f 1459//1086 625//1221 1334//741
f 1239//1000 1430//153 883//865
f 947//380 479//379 241//636
f 1497//733 1278//765 1150//729
f 1075//1202 1468//288 603//287
f 30//47 496//898 721//132
f 1027//811 581//1226 206//1225
f 147//817 146//130 322//456
f 1334//741 1081//1439 1459//1086
f 1280//1419 1434//1066 1166//1357
f 418//1222 1249//239 659//630
f 1145//814 560//283 156//1103
f 918//1488 153//1486 312//512
f 1314//1091 462//580 1420//594
f 1032//1258 1423//610 1475//612
f 282//142 833//991 505//224
f 957//1044 453//1298 1010//695
f 373//653 425//534 372//651
f 166//1199 668//821 1394//820
f 1379//158 1436//1039 1433//159
f 148//137 299//377 97//537
f 150//1465 623//1163 253//569
f 967//113 824//1324 473//721
f 694//168 1211//167 222//824
f 1191//1309 861//108 1471//1489
f 1489//39 1069//797 173//1433
f 443//181 519//191 442//190
f 1148//416 707//415 209//85
f 207//1177 1115//1015 660//1014
f 23//418 127//847 24//447
f 1339//442 1485//899 1495//45
f 877//675 1133//1382 445//671
f 448//1246 1431//1265 217//668
f 1378//1231 399//69 400//1228
f 567//1391 1033//783 660//1014
f 85//464 422//375 534//374
f 1297//65 1015//67 1466//1397
f 1466//1397 1492//984 1297//65
f 324//1187 939//369 1321//368
f 847//248 1318//628 846//664
f 604//80 537//927 95//1358
f 721//132 1222//983 997//1076
f 16//1120 433//645 364//1260
f 1236//1281 198//848 197//714
f 376//1235 71//63 141//530
f 1492//984 1095//1449 1436//1039
f 630//295 275//1113 1226//986
f 918//1488 991//1445 151//1424
f 124//1294 501//619 258//473
f 124//1294 680//507 501//619
f 652//92 105//91 785//70
f 1409//182 1271//14 526//305
f 1390//474 14//476 1015//67
f 1424//1389 1264//441 1374//440
f 584//1342 96//179 586//854
f 53//1069 375//805 58//298
f 714//156 15//475 16//1120
f 714//156 963//155 15//475
f 1265//755 819//1378 1029//327
f 1033//783 1220//782 1115//1015
f 511//973 510//985 509//974
f 788//575 860//1401 787//574
f 447//324 723//523 446//1144
f 382//1405 1253//1295 459//330
f 349//771 677//502 986//770
f 1130//1450 854//1249 855//1451
f 1178//1289 1415//578 696//556
f 1248//1018 472//830 1247//1019
f 1413//1497 994//1263 747//1175
f 1036//1042 1051//1254 1338//1253
f 1139//516 1221//667 554//503
f 715//1413 951//209 576//1491
f 1065//1457 862//644 524//1017
f 87//942 123//893 1105//1425
f 477//344 167//144 106//93
f 1044//291 654//290 1059//1214
f 1408//1394 1000//1078 1323//480
f 149//139 1367//1169 325//860
f 1454//1387 111//1304 781//1407
f 1497//733 1150//729 655//1063
f 555//533 923//1114 177//1500
f 116//432 740//1328 1129//609
f 52//1058 1001//1057 1062//220
f 893//587 800//411 216//197
f 1379//158 1492//984 639//1119
f 1259//1426 784//44 1047//1481
f 783//888 46//1049 1030//1421
f 815//320 689//355 504//1431
f 744//1330 642//1095 27//54
f 1220//782 417//318 1115//1015
f 53//1069 100//88 1104//1182
f 179//855 390//403 966//1220
f 210//1272 428//1106 762//993
f 612//812 1028//279 904//499
f 1065//1457 233//1458 863//1474
f 639//1119 1492//984 1436//1039
f 232//404 565//1261 364//1260
f 1389//1178 690//11 857//278
f 560//283 619//1495 1276//281
f 472//830 473//721 1247//1019
f 611//37 558//437 31//38
f 687//934 470//544 905//935
f 555//533 177//1500 592//297
f 438//1429 731//1048 632//444
f 106//93 745//96 952//94
f 1105//1425 1241//1002 1092//147
f 1179//1337 596//251 183//1493
f 929//744 1377//1183 279//1126
f 1250//1406 1159//982 1454//1387
f 1447//654 1232//702 1320//655
f 252//104 933//83 941//1171
f 404//228 403//1341 1353//852
f 958//494 121//433 534//374
f 934//896 764//6 1329//1109
f 392//513 656//1139 657//127
f 252//104 941//1171 809//438
f 750//781 205//632 13//1422
f 848//638 228//1388 1046//231
f 761//1348 44//1443 602//1347
f 1079//1363 1446//519 1213//518
f 159//1310 797//188 1203//1359
f 1166//1357 871//1065 1281//1361
f 1371//1436 1053//2 1421//1
f 1444//752 1241//1002 1105//1425
f 187//52 92//1079 1025//77
f 523//1447 1100//1210 522//839
f 849//535 285//186 332//536
f 1370//353 489//329 1014//328
f 837//431 214//1354 741//1329
f 1490//757 132//756 131//114
f 1396//1241 735//1240 481//395
f 1179//1337 648//988 184//1368
f 1123//354 352//19 1122//1432
f 334//846 1286//1279 1251//1024
f 150//1465 253//569 687//934
f 17//1494 397//1456 928//1007
f 1333//362 935//1138 384//336
f 580//711 581//1226 1027//811
f 25//462 1430//153 57//463
f 1082//1053 110//1320 111//1304
f 579//633 225//201 196//916
f 1281//1361 871//1065 1040//1213
f 309//1028 193//171 192//170
f 1498//252 118//818 1245//1316
f 1147//1498 103//780 517//559
f 819//1378 1354//960 1355//1462
f 351//933 888//682 150//1465
f 642//1095 885//885 618//292
f 448//1246 598//977 1431//1265
f 427//1107 20//1484 805//30
f 422//375 1103//699 507//660
f 1069//797 386//1270 733//1269
f 670//1275 438//1429 633//1276
f 704//584 900//689 449//891
f 119//883 77//634 579//633
f 700//510 195//853 1069//797
f 1137//1152 1357//1154 1305//1339
f 1464//722 472//830 684//492
f 17//1494 884//1006 1302//1335
f 353//813 1152//917 1145//814
f 409//1174 1308//1292 747//1175
f 286//1129 385//334 1328//1364
f 1313//724 402//1344 1483//1089
f 955//622 1307//743 722//1318
f 436//325 1076//677 603//287
f 227//165 333//393 1046//231
f 227//165 653//876 333//393
f 409//1174 1372//826 1308//1292
f 784//44 1101//1306 1047//1481
f 83//688 1309//1400 900//689
f 165//1117 19//314 439//313
f 165//1117 1186//382 19//314
f 829//316 417//318 322//456
f 1308//1292 1413//1497 747//1175
f 354//719 353//813 1021//525
f 632//444 1060//1415 1193//445
f 665//274 1012//273 1013//938
f 455//509 581//1226 580//711
f 560//283 570//718 619//1495
f 1362//999 1439//1203 1154//1283
f 62//270 470//544 687//934
f 482//637 241//636 858//624
f 275//1113 630//295 839//1471
f 795//908 46//1049 1323//480
f 1332//881 1202//82 82//572
f 42//117 407//593 406//642
f 178//81 823//900 331//1111
f 517//559 516//558 531//955
f 1465//29 902//1467 805//30
f 561//964 882//796 1035//260
f 813//1349 523//1447 522//839
f 813//1349 68//1027 523//1447
f 1355//1462 1354//960 1404//976
f 1133//1382 877//675 89//1340
f 334//846 1251//1024 476//1223
f 728//1147 290//919 727//918
f 748//775 309//1028 1149//1021
f 1363//804 468//949 450//470
f 191//859 1469//605 1277//1237
